event,move,result,stall_mode,values
MOVE_DONE,CLOSE,STALL,current,0.141 0.138 0.160 0.129 0.146 0.126 0.181 0.167 0.155 0.168 0.151 0.154 0.130 0.176 0.167 0.181 0.147 0.142 0.164 0.147 0.172 0.146 0.171 0.133 0.152 0.151 0.133 0.176 0.131 0.145 0.131 0.147 0.151 0.150 0.167 0.143 0.175 0.134 0.150 0.121 0.183 0.171 0.148 0.146 0.137 0.178 0.136 0.161 0.157 0.157 0.141 0.137 0.165 0.133 0.155 0.128 0.179 0.163 0.144 0.134 0.157 0.166 0.140 0.162 0.119 0.162 0.152 0.147 0.144 0.136 0.155 0.136 0.164 0.139 0.150 0.140 0.163 0.166 0.131 0.143 0.132 0.152 0.131 0.173 0.158 0.145 0.155 0.131 0.156 0.125 0.162 0.137 0.152 0.167 0.131 0.159 0.131 0.156 0.127 0.178 0.144 0.148 0.141 0.133 0.160 0.150 0.168 0.143 0.143 0.144 0.146 0.150 0.130 0.163 0.141 0.169 0.138 0.152 0.142 0.164 0.160 0.143 0.181 0.128 0.143 0.134 0.154 0.170 0.148 0.147 0.137 0.161 0.134 0.149 0.136 0.173 0.161 0.147 0.156 0.135 0.149 0.131 0.150 0.142 0.166 0.166 0.147 0.173 0.128 0.145 0.122 0.182 0.175 0.154 0.142 0.132 0.153 0.132 0.171 0.132 0.155 0.136 0.132 0.152 0.154 0.166 0.130 0.174 0.149 0.141 0.151 0.131 0.151 0.147 0.161 0.146 0.150 0.137 0.139 0.142 0.142 0.177 0.130 0.168 0.143 0.184 0.145 0.159 0.143 0.158 0.167 0.138 0.145 0.135 0.148 0.150 0.135 0.147 0.144 0.168 0.137 0.152 0.128 0.148 0.139 0.141 0.165 0.138 0.149 0.125 0.149 0.130 0.172 0.171 0.151 0.166 0.130 0.147 0.124 0.152 0.142 0.163 0.167 0.144 0.147 0.141 0.167 0.130 0.161 0.177 0.145 0.164 0.136 0.147 0.136 0.168 0.149 0.153 0.142 0.139 0.153 0.128 0.152 0.125 0.182 0.165 0.148 0.144 0.154 0.142 0.129 0.143 0.136 0.163 0.149 0.148 0.142 0.134 0.150 0.142 0.171 0.148 0.157 0.169 0.135 0.154 0.129 0.159 0.134 0.181 0.151 0.149 0.138 0.154 0.146 0.134 0.159 0.126 0.177 0.154 0.142 0.138 0.150 0.146 0.142 0.176 0.143 0.147 0.143 0.172 0.164 0.148 0.147 0.141 0.174 0.142 0.147 0.136 0.165 0.166 0.128 0.144 0.129 0.147 0.133 0.147 0.168 0.156 0.171 0.138 0.151 0.134 0.144 0.145 0.158 0.151 0.154 0.156 0.135 0.154 0.128 0.162 0.135 0.148 0.141 0.129 0.153 0.133 0.152 0.119 0.149 0.146 0.151 0.163 0.132 0.162 0.135 0.170 0.127 0.179 0.172 0.142 0.139 0.152 0.165 0.134 0.174 0.143 0.170 0.163 0.140 0.142 0.151 0.162 0.127 0.150 0.132 0.177 0.169 0.130 0.145 0.142 0.166 0.141 0.154 0.139 0.147 0.149 0.133 0.147 0.132 0.164 0.155 0.152 0.143 0.135 0.149 0.144 0.165 0.154 0.171 0.135 0.157 0.152 0.145 0.153 0.151 0.175 0.140 0.181 0.141 0.167 0.169 0.145 0.155 0.143 0.168 0.142 0.159 0.153 0.189 0.174 0.145 0.162 0.153 0.179 0.152 0.159 0.152 0.176 0.172 0.153 0.168 0.161 0.192 0.199 0.168
MOVE_DONE,OPEN,STEPS_FINISHED,current,0.139 0.171 0.153 0.154 0.148 0.144 0.156 0.142 0.164 0.145 0.156 0.156 0.149 0.153 0.144 0.161 0.144 0.166 0.151 0.152 0.156 0.148 0.153 0.138 0.155 0.148 0.156 0.163 0.154 0.143 0.154 0.142 0.137 0.178 0.150 0.155 0.147 0.170 0.163 0.144 0.149 0.134 0.180 0.156 0.142 0.146 0.160 0.152 0.135 0.149 0.137 0.170 0.155 0.152 0.147 0.160 0.154 0.139 0.153 0.137 0.181 0.154 0.156 0.148 0.155 0.158 0.135 0.190 0.147 0.160 0.144 0.168 0.160 0.137 0.147 0.132 0.179 0.154 0.145 0.143 0.168 0.160 0.142 0.143 0.135 0.186 0.150 0.146 0.153 0.168 0.152 0.130 0.150 0.139 0.170 0.154 0.154 0.144 0.157 0.162 0.140 0.157 0.139 0.175 0.152 0.147 0.152 0.152 0.158 0.136 0.157 0.136 0.164 0.153 0.156 0.144 0.141 0.162 0.146 0.161 0.132 0.168 0.167 0.150 0.147 0.137 0.172 0.147 0.156 0.135 0.169 0.171 0.142 0.146 0.123 0.181 0.149 0.151 0.138 0.169 0.159 0.151 0.146 0.150 0.158 0.139 0.168 0.153 0.150 0.150 0.140 0.155 0.146 0.160 0.135 0.167 0.157 0.155 0.147 0.133 0.165 0.150 0.160 0.133 0.165 0.163 0.145 0.146 0.124 0.143 0.141 0.159 0.137 0.150 0.152 0.148 0.144 0.135 0.180 0.150 0.155 0.146 0.150 0.149 0.144 0.157 0.140 0.160 0.138 0.172 0.155 0.155 0.149 0.136 0.169 0.137 0.158 0.142 0.164 0.164 0.148 0.150 0.128 0.172 0.150 0.156 0.143 0.162 0.158 0.151 0.138 0.124 0.173 0.156 0.154 0.134 0.167 0.162 0.144 0.140 0.138 0.167 0.149 0.170 0.143 0.149 0.152 0.145 0.164 0.138 0.155 0.139 0.163 0.156 0.154 0.152 0.136 0.161 0.146 0.163 0.137 0.169 0.157 0.148 0.144 0.125 0.172 0.144 0.156 0.144 0.167 0.157 0.146 0.141 0.125 0.168 0.158 0.156 0.141 0.161 0.161 0.142 0.146 0.128 0.181 0.154 0.154 0.151 0.162 0.161 0.138 0.151 0.131 0.173 0.155 0.154 0.143 0.160 0.133 0.137 0.171 0.141 0.147 0.145 0.163 0.156 0.147 0.145 0.129 0.167 0.148 0.153 0.142 0.161 0.157 0.137 0.146 0.127 0.171 0.159 0.152 0.140 0.160 0.154 0.135 0.150 0.136 0.172 0.157 0.152 0.144 0.162 0.155 0.134 0.149
MOVE_DONE,OPEN_RESET,STALL,current,0.162 0.174 0.144 0.169 0.161 0.144 0.144 0.129 0.183 0.150 0.152 0.138 0.171 0.160 0.137 0.145 0.133 0.179 0.146 0.144 0.146 0.162 0.157 0.130 0.147 0.138 0.179 0.151 0.154 0.148 0.160 0.152 0.134 0.151 0.139 0.177 0.153 0.153 0.148 0.154 0.154 0.142 0.159 0.135 0.174 0.149 0.149 0.149 0.149 0.162 0.139 0.162 0.138 0.149 0.147 0.152 0.152 0.136 0.145 0.125 0.183 0.156 0.149 0.145 0.166 0.154 0.131 0.155 0.138 0.174 0.152 0.150 0.150 0.161 0.153 0.137 0.158 0.138 0.175 0.150 0.154 0.149 0.152 0.155 0.138 0.155 0.142 0.164 0.157 0.155 0.148 0.144 0.158 0.149 0.161 0.134 0.165 0.161 0.147 0.150 0.132 0.172 0.146 0.156 0.136 0.164 0.137 0.148 0.148 0.132 0.141 0.147 0.183 0.140 0.160 0.155 0.158 0.155 0.130 0.158 0.142 0.170 0.160 0.154 0.147 0.139 0.160 0.134 0.160 0.141 0.167 0.161 0.144 0.148 0.140 0.165 0.144 0.159 0.137 0.164 0.159 0.152 0.148 0.128 0.166 0.154 0.161 0.135 0.166 0.162 0.147 0.147 0.128 0.179 0.153 0.153 0.147 0.169 0.163 0.142 0.147 0.127 0.160 0.147 0.150 0.134 0.151 0.152 0.140 0.152 0.145 0.157 0.147 0.171 0.166 0.144 0.149 0.131 0.166 0.153 0.159 0.138 0.160 0.154 0.143 0.142 0.129 0.170 0.145 0.152 0.142 0.166 0.162 0.147 0.142 0.129 0.173 0.135 0.156 0.138 0.160 0.153 0.140 0.149 0.132 0.182 0.150 0.142 0.144 0.163 0.159 0.141 0.152 0.136 0.183 0.154 0.142 0.150 0.163 0.159 0.141 0.151 0.133 0.172 0.156 0.154 0.143 0.150 0.166 0.142 0.153 0.135 0.175 0.143 0.138 0.147 0.146 0.162 0.142 0.156 0.137 0.155 0.148 0.145 0.149 0.141 0.151 0.132 0.176 0.153 0.154 0.140 0.160 0.156 0.135 0.154 0.137 0.172 0.156 0.155 0.146 0.152 0.158 0.143 0.151 0.137 0.178 0.159 0.149 0.148 0.149 0.169 0.148 0.155 0.138 0.167 0.159 0.156 0.149 0.136 0.175 0.139 0.150 0.138 0.171 0.165 0.148 0.152 0.140 0.189 0.162 0.171 0.165 0.173
MOVE_DONE,OPEN_RESET_FORWARD,STEPS_FINISHED,current,0.174 0.149 0.160 0.152 0.152 0.136 0.164 0.140 0.139 0.161 0.145 0.150 0.122 0.184 0.161 0.136 0.151 0.147 0.175 0.138 0.171 0.135 0.160 0.166 0.153 0.165 0.131 0.165 0.131 0.149 0.130 0.169 0.160 0.156 0.147 0.130 0.161 0.144 0.150 0.133 0.148 0.147 0.150 0.174 0.137 0.167 0.145 0.147 0.138 0.164 0.168 0.155 0.154 0.130 0.141 0.139 0.170 0.139 0.153 0.180 0.139 0.154 0.122 0.161 0.127 0.152 0.134 0.148 0.173 0.134 0.152 0.142 0.154 0.130 0.175 0.170 0.131 0.170 0.145 0.145 0.126 0.154 0.163 0.163 0.148 0.150 0.175 0.129 0.149 0.128 0.185 0.162 0.146 0.147 0.158 0.170 0.131 0.145 0.143 0.146 0.132 0.151 0.174 0.135 0.152 0.126 0.170 0.157 0.170 0.138 0.147 0.176 0.128 0.145 0.118 0.180 0.167 0.160 0.144 0.150 0.176 0.131 0.149 0.127 0.181 0.168 0.140 0.148 0.136 0.146 0.131 0.147 0.131 0.188 0.163 0.137 0.160 0.133 0.165 0.134 0.169 0.136 0.187 0.165 0.134 0.151 0.155 0.162 0.119 0.147 0.140 0.176 0.162 0.128 0.154 0.147 0.161 0.126 0.159 0.172 0.142 0.162 0.147 0.169 0.140 0.145 0.129 0.187 0.164 0.133 0.146 0.131 0.163 0.138 0.170 0.137 0.166 0.169 0.134 0.158 0.133 0.158 0.120 0.171 0.161 0.144 0.156 0.146 0.172 0.136 0.151 0.122 0.175 0.166
MOVE_DONE,CLOSE,STALL,current,0.171 0.131 0.152 0.149 0.166 0.144 0.143 0.146 0.127 0.158 0.136 0.182 0.159 0.145 0.140 0.159 0.159 0.134 0.148 0.126 0.177 0.155 0.152 0.140 0.156 0.137 0.132 0.152 0.149 0.181 0.146 0.165 0.151 0.131 0.149 0.136 0.170 0.156 0.156 0.140 0.135 0.143 0.143 0.159 0.130 0.171 0.160 0.151 0.141 0.157 0.144 0.132 0.153 0.127 0.184 0.150 0.141 0.140 0.160 0.166 0.137 0.167 0.135 0.154 0.144 0.138 0.147 0.129 0.158 0.134 0.163 0.150 0.159 0.170 0.128 0.143 0.150 0.176 0.121 0.150 0.137 0.172 0.156 0.142 0.149 0.157 0.165 0.137 0.157 0.140 0.146 0.133 0.152 0.170 0.142 0.153 0.147 0.143 0.150 0.145 0.136 0.150 0.184 0.132 0.145 0.150 0.144 0.142 0.143 0.140 0.137 0.166 0.139 0.171 0.155 0.152 0.139 0.148 0.169 0.145 0.158 0.129 0.145 0.133 0.155 0.139 0.145 0.172 0.144 0.152 0.122 0.172 0.160 0.164 0.143 0.135 0.163 0.136 0.147 0.122 0.163 0.139 0.168 0.165 0.134 0.165 0.135 0.165 0.130 0.160 0.140 0.148 0.163 0.144 0.156 0.122 0.153 0.132 0.156 0.141 0.135 0.157 0.140 0.173 0.121 0.147 0.134 0.175 0.162 0.138 0.150 0.132 0.156 0.121 0.171 0.162 0.149 0.153 0.129 0.161 0.146 0.167 0.142 0.160 0.145 0.159 0.158 0.144 0.156 0.137 0.163 0.132 0.154 0.151 0.132 0.158 0.133 0.154 0.123 0.164 0.155 0.149 0.137 0.134 0.155 0.138 0.152 0.136 0.146 0.138 0.171 0.168 0.128 0.154 0.147 0.142 0.138 0.179 0.152 0.147 0.160 0.134 0.165 0.135 0.145 0.126 0.190 0.170 0.133 0.156 0.137 0.162 0.127 0.166 0.167 0.150 0.144 0.154 0.159 0.142 0.152 0.120 0.170 0.154 0.148 0.144 0.158 0.162 0.139 0.154 0.123 0.178 0.160 0.144 0.144 0.152 0.168 0.139 0.165 0.148 0.151 0.144 0.162 0.138 0.145 0.178 0.145 0.142 0.136 0.156 0.139 0.146 0.162 0.152 0.178 0.121 0.146 0.162 0.174 0.168 0.124 0.157 0.140 0.175 0.140 0.149 0.146 0.170 0.163 0.153 0.147 0.139 0.175 0.144 0.156 0.141 0.162 0.165 0.141 0.156 0.136 0.165 0.130 0.154 0.150 0.126 0.148 0.145 0.172 0.134 0.146 0.134 0.183 0.168 0.138 0.153 0.133 0.157 0.141 0.146 0.137 0.171 0.172 0.132 0.165 0.134 0.147 0.124 0.180 0.171 0.144 0.142 0.136 0.160 0.136 0.171 0.128 0.181 0.173 0.153 0.156 0.153 0.146 0.129 0.179 0.164 0.146 0.145 0.151 0.146 0.132 0.158 0.119 0.178 0.166 0.145 0.141 0.151 0.167 0.141 0.153 0.124 0.177 0.163 0.142 0.137 0.157 0.167 0.141 0.154 0.141 0.161 0.154 0.144 0.147 0.160 0.171 0.142 0.150 0.143 0.185 0.165 0.141 0.152 0.157 0.172 0.152 0.153 0.149 0.158 0.150 0.159 0.174 0.151 0.155 0.132 0.189 0.181 0.152 0.155 0.157 0.157 0.149 0.180 0.167 0.156 0.152 0.163 0.156 0.162 0.165 0.155 0.189 0.185 0.167 0.160 0.171 0.166 0.166 0.192 0.155 0.197 0.189 0.182 0.188 0.171
MOVE_DONE,OPEN,STEPS_FINISHED,current,0.164 0.172 0.152 0.160 0.155 0.196 0.172 0.157 0.157 0.164 0.169 0.151 0.156 0.143 0.174 0.158 0.157 0.152 0.145 0.174 0.152 0.156 0.142 0.176 0.161 0.161 0.154 0.133 0.173 0.163 0.157 0.136 0.161 0.166 0.155 0.142 0.122 0.172 0.155 0.161 0.131 0.172 0.169 0.153 0.134 0.120 0.175 0.160 0.152 0.137 0.171 0.168 0.141 0.141 0.127 0.179 0.158 0.147 0.136 0.176 0.166 0.134 0.140 0.129 0.184 0.158 0.148 0.137 0.161 0.162 0.134 0.150 0.137 0.187 0.154 0.149 0.144 0.142 0.144 0.122 0.164 0.136 0.160 0.141 0.149 0.151 0.149 0.154 0.139 0.159 0.139 0.164 0.160 0.153 0.146 0.140 0.158 0.136 0.159 0.143 0.165 0.137 0.147 0.150 0.131 0.151 0.144 0.163 0.142 0.142 0.148 0.149 0.142 0.132 0.159 0.146 0.155 0.138 0.149 0.152 0.139 0.144 0.134 0.150 0.136 0.166 0.139 0.153 0.141 0.142 0.134 0.141 0.180 0.140 0.166 0.155 0.153 0.147 0.133 0.158 0.150 0.162 0.138 0.165 0.157 0.152 0.144 0.126 0.167 0.155 0.155 0.136 0.164 0.162 0.142 0.144 0.127 0.187 0.150 0.152 0.134 0.167 0.162 0.145 0.147 0.126 0.165 0.162 0.156 0.136 0.154 0.154 0.135 0.143 0.134 0.181 0.158 0.148 0.138 0.166 0.160 0.128 0.151 0.134 0.186 0.149 0.141 0.151 0.161 0.156 0.129 0.153 0.136 0.180 0.151 0.150 0.145 0.154 0.160 0.139 0.159 0.140 0.173 0.159 0.147 0.152 0.141 0.164 0.137 0.156 0.143 0.167 0.157 0.151 0.145 0.134 0.163 0.149 0.160 0.138 0.166 0.159 0.150 0.142 0.123 0.177 0.147 0.151 0.142 0.150 0.141 0.145 0.163 0.132 0.160 0.149 0.154 0.161 0.148 0.165 0.150 0.156 0.137 0.158 0.141 0.171 0.135 0.153 0.166 0.139 0.167 0.143 0.182 0.141 0.149 0.147 0.155 0.144 0.136 0.152 0.145 0.158 0.138 0.148 0.152 0.145 0.148 0.133 0.159 0.147 0.154 0.138 0.148 0.151 0.138 0.151 0.136 0.164 0.146 0.150 0.145 0.151 0.150 0.138 0.151 0.143 0.164 0.144 0.145 0.148 0.147 0.148 0.133 0.148 0.137 0.178 0.132 0.145 0.152 0.155 0.143 0.149 0.156 0.159 0.150 0.141 0.160 0.155 0.144 0.140 0.141 0.160 0.157 0.174 0.152
MOVE_DONE,OPEN_RESET,STALL,current,0.157 0.143 0.147 0.153 0.155 0.148 0.148 0.144 0.146 0.140 0.152 0.136 0.161 0.141 0.151 0.142 0.144 0.150 0.137 0.152 0.140 0.160 0.142 0.150 0.149 0.146 0.147 0.135 0.158 0.143 0.156 0.141 0.147 0.147 0.139 0.145 0.126 0.184 0.146 0.170 0.149 0.160 0.149 0.149 0.146 0.126 0.174 0.156 0.156 0.140 0.160 0.154 0.138 0.150 0.131 0.175 0.155 0.145 0.146 0.163 0.156 0.136 0.156 0.138 0.176 0.157 0.152 0.150 0.152 0.161 0.136 0.156 0.136 0.166 0.159 0.150 0.143 0.148 0.162 0.147 0.155 0.138 0.146 0.147 0.155 0.146 0.142 0.165 0.131 0.159 0.159 0.151 0.159 0.149 0.143 0.132 0.171 0.149 0.150 0.146 0.169 0.153 0.145 0.137 0.130 0.182 0.147 0.154 0.147 0.171 0.162 0.139 0.142 0.132 0.190 0.154 0.152 0.143 0.171 0.157 0.140 0.147 0.135 0.184 0.149 0.154 0.144 0.161 0.153 0.138 0.154 0.137 0.182 0.149 0.146 0.148 0.160 0.156 0.139 0.156 0.141 0.177 0.156 0.148 0.146 0.151 0.161 0.137 0.162 0.137 0.174 0.156 0.149 0.140 0.142 0.157 0.147 0.159 0.154 0.150 0.161 0.158 0.138 0.135 0.177 0.149 0.153 0.132 0.168 0.162 0.151 0.139 0.128 0.169 0.150 0.155 0.138 0.169 0.164 0.144 0.145 0.129 0.187 0.148 0.146 0.142 0.171 0.156 0.136 0.143 0.132 0.179 0.150 0.153 0.166 0.155 0.139 0.136 0.171 0.156 0.149 0.139 0.167 0.173 0.156 0.156 0.134 0.158 0.147 0.151 0.150 0.153 0.169 0.160 0.154 0.142 0.158 0.159 0.152 0.148 0.171 0.162 0.137 0.142 0.131 0.190 0.145 0.166 0.157 0.155 0.148 0.136 0.161 0.132 0.154 0.149 0.143 0.145 0.150 0.149 0.133 0.152 0.145 0.160 0.140 0.149 0.151 0.150 0.143 0.135 0.163 0.147 0.155 0.138 0.152 0.152 0.137 0.148 0.139 0.166 0.139 0.149 0.151 0.170 0.154 0.137 0.149 0.136 0.182 0.148 0.155 0.143 0.169 0.156 0.137 0.152 0.136 0.187 0.150 0.152 0.147 0.156 0.151 0.137 0.156 0.136 0.175 0.152 0.150 0.154 0.154 0.159 0.137 0.157 0.143 0.170 0.159 0.157 0.151 0.151 0.181 0.145 0.201 0.177 0.176 0.231 0.252
MOVE_DONE,OPEN_RESET_FORWARD,STEPS_FINISHED,current,0.159 0.141 0.178 0.141 0.148 0.130 0.161 0.136 0.137 0.149 0.145 0.171 0.129 0.146 0.131 0.191 0.156 0.141 0.161 0.131 0.157 0.128 0.168 0.154 0.173 0.135 0.136 0.148 0.136 0.160 0.121 0.162 0.142 0.157 0.135 0.131 0.167 0.133 0.149 0.123 0.189 0.167 0.138 0.145 0.136 0.158 0.136 0.166 0.127 0.190 0.165 0.137 0.157 0.150 0.151 0.130 0.178 0.163 0.147 0.141 0.124 0.154 0.130 0.160 0.140 0.176 0.163 0.159 0.165 0.135 0.155 0.140 0.164 0.123 0.190 0.166 0.163 0.165 0.130 0.159 0.136 0.167 0.156 0.153 0.165 0.155 0.163 0.131 0.154 0.128 0.177 0.153 0.154 0.167 0.130 0.150 0.151 0.178 0.139 0.175 0.148 0.156 0.135 0.133 0.158 0.147 0.170 0.118 0.158 0.169 0.136 0.137 0.150 0.178 0.148 0.150 0.138 0.182 0.163 0.139 0.137 0.148 0.182 0.142 0.143 0.133 0.180 0.155 0.139 0.149 0.156 0.169 0.135 0.142 0.142 0.177 0.157 0.140 0.151 0.155 0.171 0.127 0.147 0.167 0.137 0.138 0.137 0.159 0.142 0.167 0.140 0.154 0.141 0.166 0.157 0.144 0.165 0.135 0.163 0.146 0.153 0.139 0.151 0.170 0.139 0.154 0.132 0.142 0.137 0.164 0.164 0.141 0.154 0.139 0.155 0.135 0.141 0.145 0.159 0.171 0.140 0.161 0.145 0.160 0.121 0.154 0.169 0.163 0.136 0.130 0.160 0.147 0.139 0.142
MOVE_DONE,CLOSE,STALL,current,0.132 0.155 0.168 0.142 0.144 0.153 0.161 0.134 0.147 0.136 0.178 0.168 0.136 0.153 0.128 0.149 0.131 0.170 0.159 0.150 0.144 0.142 0.173 0.149 0.144 0.127 0.184 0.173 0.170 0.141 0.131 0.163 0.137 0.169 0.127 0.184 0.168 0.166 0.150 0.144 0.166 0.123 0.165 0.161 0.184 0.163 0.132 0.152 0.156 0.161 0.130 0.147 0.138 0.171 0.159 0.140 0.162 0.146 0.139 0.130 0.144 0.146 0.144 0.139 0.150 0.175 0.141 0.167 0.154 0.154 0.140 0.139 0.145 0.140 0.180 0.139 0.168 0.147 0.156 0.145 0.134 0.143 0.150 0.174 0.123 0.171 0.135 0.157 0.135 0.142 0.155 0.150 0.166 0.129 0.156 0.140 0.144 0.142 0.153 0.144 0.139 0.170 0.144 0.152 0.143 0.141 0.134 0.150 0.176 0.141 0.143 0.127 0.178 0.156 0.140 0.143 0.158 0.171 0.132 0.168 0.144 0.172 0.136 0.140 0.177 0.153 0.172 0.130 0.148 0.134 0.171 0.155 0.142 0.173 0.135 0.154 0.144 0.152 0.133 0.173 0.172 0.147 0.166 0.139 0.172 0.137 0.152 0.144 0.156 0.168 0.139 0.152 0.137 0.162 0.133 0.162 0.161 0.139 0.159 0.136 0.153 0.131 0.145 0.132 0.187 0.158 0.137 0.149 0.136 0.143 0.123 0.162 0.140 0.172 0.166 0.130 0.157 0.153 0.161 0.123 0.168 0.170 0.132 0.141 0.132 0.153 0.124 0.140 0.132 0.167 0.160 0.138 0.144 0.160 0.163 0.130 0.166 0.166 0.150 0.139 0.135 0.158 0.138 0.149 0.119 0.165 0.155 0.144 0.136 0.156 0.169 0.136 0.155 0.146 0.179 0.166 0.139 0.147 0.149 0.176 0.133 0.146 0.128 0.180 0.162 0.137 0.144 0.158 0.165 0.135 0.147 0.137 0.178 0.156 0.138 0.148 0.156 0.169 0.137 0.149 0.136 0.180 0.134 0.145 0.170 0.143 0.146 0.126 0.149 0.144 0.145 0.137 0.139 0.170 0.125 0.149 0.130 0.154 0.135 0.155 0.173 0.152 0.174 0.130 0.145 0.132 0.179 0.165 0.140 0.150 0.157 0.164 0.133 0.145 0.141 0.173 0.133 0.136 0.158 0.137 0.145 0.127 0.150 0.137 0.169 0.161 0.138 0.157 0.136 0.150 0.150 0.189 0.170 0.142 0.138 0.137 0.160 0.120 0.139 0.144 0.181 0.161 0.143 0.167 0.139 0.153 0.126 0.170 0.135 0.180 0.163 0.128 0.155 0.134 0.160 0.143 0.178 0.152 0.143 0.141 0.136 0.168 0.145 0.143 0.127 0.154 0.138 0.167 0.161 0.134 0.149 0.142 0.164 0.130 0.164 0.170 0.132 0.144 0.151 0.169 0.134 0.149 0.139 0.154 0.137 0.131 0.154 0.149 0.169 0.144 0.150 0.142 0.147 0.141 0.131 0.150 0.131 0.154 0.148 0.181 0.142 0.144 0.149 0.137 0.154 0.136 0.168 0.149 0.155 0.141 0.145 0.148 0.152 0.177 0.134 0.150 0.153 0.191 0.137 0.154 0.174 0.157 0.168 0.137 0.181 0.166 0.144 0.142 0.142 0.167 0.142 0.154 0.135 0.183 0.179 0.145 0.146 0.159 0.181 0.144 0.163 0.164 0.161 0.156 0.173 0.182 0.147 0.170 0.147 0.172 0.172 0.161 0.172 0.150 0.162 0.164 0.192 0.155 0.165 0.162 0.175 0.185 0.161
MOVE_DONE,OPEN,STEPS_FINISHED,current,0.175 0.144 0.181 0.146 0.182 0.166 0.156 0.154 0.162 0.168 0.140 0.155 0.141 0.187 0.159 0.154 0.157 0.151 0.161 0.145 0.163 0.145 0.172 0.168 0.152 0.154 0.141 0.170 0.150 0.155 0.139 0.166 0.154 0.151 0.147 0.138 0.163 0.151 0.156 0.139 0.165 0.155 0.153 0.147 0.125 0.166 0.156 0.158 0.141 0.168 0.160 0.153 0.150 0.137 0.163 0.150 0.157 0.134 0.151 0.170 0.139 0.151 0.135 0.156 0.146 0.152 0.142 0.146 0.149 0.133 0.149 0.138 0.165 0.139 0.150 0.144 0.149 0.145 0.128 0.152 0.136 0.186 0.148 0.150 0.148 0.158 0.159 0.142 0.151 0.138 0.171 0.159 0.152 0.153 0.152 0.137 0.129 0.173 0.156 0.155 0.137 0.163 0.159 0.138 0.149 0.129 0.167 0.158 0.149 0.141 0.165 0.157 0.140 0.147 0.150 0.164 0.143 0.143 0.146 0.147 0.149 0.130 0.154 0.145 0.150 0.142 0.145 0.150 0.155 0.161 0.145 0.152 0.136 0.172 0.152 0.160 0.149 0.142 0.152 0.139 0.161 0.142 0.150 0.142 0.143 0.150 0.137 0.157 0.141 0.158 0.142 0.148 0.145 0.148 0.149 0.133 0.154 0.142 0.156 0.143 0.143 0.150 0.144 0.147 0.137 0.159 0.142 0.155 0.146 0.145 0.151 0.143 0.151 0.141 0.153 0.138 0.143 0.148 0.145 0.160 0.134 0.144 0.131 0.181 0.154 0.165 0.146 0.148 0.136 0.139 0.179 0.147 0.153 0.146 0.171 0.136 0.146 0.145 0.131 0.170 0.150 0.156 0.139 0.163 0.157 0.143 0.148 0.132 0.181 0.151 0.148 0.143 0.164 0.136 0.138 0.170 0.148 0.175 0.144 0.164 0.136 0.163 0.156 0.133 0.176 0.143 0.152 0.147 0.148 0.147 0.142 0.146 0.143 0.151 0.155 0.151 0.145 0.160 0.152 0.149 0.135 0.133 0.179 0.135 0.155 0.133 0.146 0.159 0.133 0.150 0.132 0.182 0.153 0.147 0.147 0.160 0.161 0.137 0.149 0.132 0.177 0.154 0.143 0.142 0.157 0.156 0.125 0.161 0.146 0.151 0.146 0.168 0.153 0.145 0.146 0.126 0.172 0.152 0.157 0.139 0.167 0.153 0.141 0.149 0.132 0.177 0.151 0.153 0.145 0.159 0.156 0.136 0.153 0.133 0.172 0.155 0.154 0.147 0.156 0.162 0.135 0.154 0.134 0.178 0.155 0.157 0.149 0.148 0.152 0.134 0.152 0.137 0.172 0.156 0.154
MOVE_DONE,OPEN_RESET,STALL,current,0.150 0.146 0.154 0.142 0.168 0.151 0.157 0.164 0.141 0.142 0.131 0.172 0.150 0.150 0.142 0.170 0.155 0.136 0.155 0.131 0.188 0.148 0.145 0.153 0.165 0.154 0.134 0.171 0.140 0.163 0.138 0.149 0.151 0.142 0.141 0.136 0.161 0.141 0.153 0.140 0.151 0.144 0.139 0.148 0.138 0.164 0.141 0.151 0.144 0.150 0.146 0.138 0.152 0.142 0.159 0.142 0.147 0.146 0.152 0.146 0.138 0.153 0.145 0.159 0.142 0.149 0.148 0.142 0.142 0.136 0.158 0.144 0.152 0.141 0.151 0.153 0.139 0.145 0.139 0.154 0.140 0.152 0.143 0.152 0.147 0.136 0.151 0.138 0.159 0.139 0.150 0.145 0.152 0.149 0.135 0.152 0.137 0.158 0.137 0.149 0.145 0.144 0.144 0.136 0.157 0.138 0.154 0.143 0.146 0.146 0.144 0.146 0.124 0.187 0.142 0.144 0.155 0.154 0.147 0.153 0.136 0.139 0.148 0.144 0.169 0.167 0.152 0.150 0.135 0.154 0.139 0.159 0.143 0.148 0.146 0.145 0.149 0.137 0.155 0.138 0.161 0.143 0.150 0.146 0.145 0.149 0.136 0.152 0.138 0.154 0.142 0.144 0.150 0.142 0.149 0.133 0.161 0.142 0.154 0.147 0.146 0.145 0.137 0.152 0.146 0.156 0.152 0.147 0.166 0.166 0.156 0.141 0.152 0.136 0.170 0.154 0.157 0.148 0.160 0.161 0.132 0.178 0.150 0.149 0.136 0.170 0.156 0.144 0.143 0.131 0.189 0.144 0.145 0.140 0.169 0.155 0.137 0.145 0.136 0.177 0.154 0.151 0.145 0.141 0.149 0.131 0.159 0.135 0.152 0.159 0.149 0.154 0.145 0.146 0.122 0.153 0.164 0.148 0.149 0.164 0.157 0.137 0.147 0.140 0.158 0.149 0.145 0.154 0.148 0.141 0.145 0.157 0.139 0.161 0.137 0.164 0.159 0.152 0.142 0.136 0.165 0.154 0.162 0.134 0.171 0.160 0.150 0.145 0.127 0.177 0.144 0.149 0.134 0.167 0.163 0.144 0.142 0.125 0.175 0.158 0.151 0.139 0.170 0.164 0.145 0.142 0.131 0.179 0.151 0.154 0.140 0.170 0.153 0.135 0.144 0.134 0.182 0.148 0.139 0.152 0.166 0.156 0.141 0.154 0.137 0.158 0.151 0.154 0.148 0.159 0.158 0.132 0.160 0.144 0.182 0.170 0.157 0.153 0.176 0.186 0.205 0.255 0.210
MOVE_DONE,OPEN_RESET_FORWARD,STEPS_FINISHED,current,0.151 0.182 0.139 0.151 0.145 0.137 0.166 0.135 0.145 0.134 0.185 0.159 0.152 0.145 0.147 0.166 0.138 0.152 0.142 0.173 0.157 0.136 0.149 0.149 0.167 0.144 0.160 0.163 0.140 0.144 0.148 0.159 0.140 0.171 0.137 0.153 0.141 0.156 0.153 0.139 0.163 0.138 0.138 0.144 0.149 0.141 0.146 0.169 0.152 0.170 0.129 0.156 0.165 0.152 0.137 0.145 0.167 0.151 0.171 0.141 0.147 0.138 0.167 0.159 0.142 0.172 0.136 0.156 0.126 0.150 0.147 0.147 0.168 0.145 0.151 0.137 0.145 0.131 0.177 0.173 0.139 0.142 0.154 0.148 0.126 0.154 0.146 0.172 0.142 0.147 0.175 0.139 0.150 0.117 0.147 0.149 0.164 0.135 0.132 0.152 0.133 0.157 0.123 0.155 0.140 0.166 0.164 0.126 0.160 0.139 0.171 0.149 0.188 0.153 0.145 0.141 0.129 0.160 0.131 0.170 0.131 0.177 0.168 0.131 0.145 0.150 0.167 0.132 0.153 0.167 0.167 0.161 0.130 0.153 0.145 0.165 0.150 0.168 0.140 0.138 0.143 0.155 0.149 0.134 0.166 0.146 0.155 0.141 0.161 0.156 0.143 0.169 0.136 0.156 0.134 0.156 0.162 0.133 0.154 0.137 0.153 0.137 0.183 0.163 0.150 0.136 0.147 0.170 0.143 0.149 0.124 0.150 0.153 0.133 0.138 0.144 0.181 0.144 0.169 0.137 0.150 0.142 0.158 0.136 0.149 0.175 0.136 0.149 0.130 0.177 0.163 0.137 0.144 0.157
MOVE_DONE,CLOSE,STALL,current,0.166 0.146 0.162 0.147 0.147 0.127 0.148 0.137 0.151 0.164 0.136 0.154 0.139 0.169 0.135 0.143 0.150 0.142 0.140 0.143 0.148 0.144 0.174 0.142 0.152 0.147 0.169 0.158 0.137 0.152 0.130 0.155 0.148 0.176 0.164 0.134 0.146 0.144 0.173 0.137 0.148 0.134 0.162 0.165 0.144 0.172 0.146 0.176 0.134 0.149 0.155 0.145 0.142 0.151 0.143 0.127 0.164 0.146 0.152 0.137 0.174 0.167 0.145 0.150 0.140 0.165 0.141 0.146 0.142 0.166 0.144 0.135 0.167 0.133 0.143 0.135 0.144 0.147 0.157 0.148 0.141 0.166 0.130 0.159 0.137 0.146 0.146 0.152 0.141 0.127 0.152 0.122 0.180 0.137 0.149 0.152 0.139 0.168 0.134 0.149 0.126 0.176 0.143 0.155 0.142 0.132 0.159 0.143 0.169 0.143 0.172 0.147 0.139 0.156 0.142 0.165 0.138 0.155 0.168 0.153 0.141 0.160 0.161 0.131 0.153 0.125 0.176 0.154 0.143 0.142 0.158 0.161 0.139 0.149 0.128 0.185 0.136 0.144 0.149 0.126 0.152 0.137 0.180 0.154 0.147 0.139 0.163 0.145 0.126 0.161 0.135 0.184 0.155 0.149 0.141 0.143 0.163 0.128 0.153 0.127 0.187 0.151 0.140 0.141 0.135 0.146 0.141 0.163 0.143 0.155 0.159 0.134 0.151 0.146 0.171 0.137 0.157 0.147 0.167 0.136 0.161 0.135 0.136 0.165 0.143 0.167 0.129 0.145 0.136 0.160 0.165 0.137 0.147 0.127 0.158 0.158 0.140 0.149 0.134 0.169 0.143 0.170 0.142 0.152 0.143 0.143 0.147 0.155 0.174 0.137 0.150 0.130 0.179 0.141 0.140 0.143 0.137 0.159 0.133 0.158 0.138 0.150 0.163 0.155 0.172 0.148 0.169 0.131 0.153 0.137 0.167 0.155 0.143 0.153 0.127 0.154 0.146 0.161 0.153 0.159 0.141 0.138 0.161 0.132 0.165 0.140 0.152 0.133 0.158 0.167 0.148 0.170 0.129 0.147 0.130 0.174 0.134 0.138 0.156 0.144 0.164 0.131 0.143 0.151 0.156 0.166 0.131 0.155 0.132 0.149 0.120 0.175 0.159 0.152 0.163 0.149 0.152 0.124 0.148 0.124 0.189 0.170 0.138 0.169 0.151 0.150 0.132 0.139 0.138 0.160 0.167 0.137 0.163 0.141 0.152 0.128 0.183 0.159 0.153 0.139 0.157 0.166 0.143 0.163 0.124 0.177 0.164 0.150 0.137 0.157 0.167 0.144 0.140 0.128 0.166 0.160 0.142 0.138 0.151 0.150 0.133 0.164 0.139 0.165 0.163 0.133 0.150 0.148 0.143 0.129 0.179 0.149 0.150 0.142 0.128 0.155 0.150 0.171 0.142 0.149 0.142 0.166 0.158 0.154 0.148 0.144 0.169 0.133 0.150 0.141 0.163 0.161 0.140 0.177 0.137 0.164 0.147 0.157 0.140 0.154 0.165 0.143 0.163 0.134 0.166 0.146 0.153 0.161 0.128 0.154 0.148 0.176 0.134 0.156 0.136 0.182 0.169 0.138 0.162 0.151 0.168 0.138 0.161 0.150 0.171 0.162 0.149 0.165 0.149 0.174 0.159 0.157 0.144 0.171 0.168 0.146 0.163 0.143 0.183 0.173 0.161 0.147 0.167 0.175 0.145 0.164 0.143 0.189 0.178 0.158 0.144 0.156 0.167 0.164 0.187 0.164 0.166
MOVE_DONE,OPEN,STEPS_FINISHED,current,0.160 0.170 0.156 0.149 0.150 0.156 0.145 0.155 0.147 0.164 0.148 0.149 0.156 0.153 0.152 0.138 0.162 0.143 0.175 0.165 0.152 0.150 0.153 0.165 0.141 0.155 0.140 0.174 0.154 0.153 0.150 0.143 0.157 0.142 0.163 0.139 0.167 0.159 0.155 0.146 0.133 0.164 0.154 0.162 0.138 0.163 0.158 0.153 0.145 0.127 0.173 0.151 0.150 0.142 0.162 0.157 0.143 0.145 0.130 0.180 0.152 0.151 0.151 0.169 0.138 0.142 0.145 0.143 0.159 0.158 0.148 0.143 0.149 0.164 0.140 0.152 0.131 0.169 0.137 0.150 0.149 0.148 0.144 0.123 0.173 0.147 0.158 0.142 0.152 0.150 0.149 0.147 0.137 0.154 0.147 0.149 0.139 0.145 0.154 0.142 0.146 0.134 0.162 0.147 0.147 0.141 0.147 0.149 0.136 0.147 0.141 0.162 0.142 0.146 0.147 0.145 0.145 0.130 0.154 0.145 0.161 0.138 0.146 0.148 0.148 0.145 0.135 0.157 0.145 0.151 0.141 0.148 0.152 0.142 0.137 0.130 0.178 0.158 0.154 0.143 0.166 0.162 0.135 0.147 0.135 0.180 0.151 0.158 0.152 0.154 0.133 0.118 0.175 0.132 0.190 0.132 0.149 0.165 0.152 0.141 0.125 0.176 0.150 0.155 0.142 0.164 0.164 0.144 0.156 0.135 0.164 0.148 0.153 0.146 0.148 0.147 0.131 0.146 0.139 0.165 0.139 0.145 0.149 0.150 0.143 0.134 0.155 0.145 0.163 0.137 0.145 0.152 0.149 0.155 0.141 0.153 0.140 0.168 0.134 0.147 0.156 0.139 0.149 0.127 0.159 0.160 0.148 0.164 0.153 0.160 0.133 0.151 0.139 0.159 0.131 0.165 0.159 0.154 0.149 0.133 0.164 0.153 0.154 0.131 0.163 0.160 0.152 0.144 0.128 0.180 0.145 0.148 0.139 0.170 0.173 0.143 0.138 0.131 0.178 0.137 0.145 0.142 0.146 0.148 0.130 0.148 0.143 0.156 0.154 0.150 0.140 0.151 0.145 0.136 0.152 0.143 0.157 0.141 0.145 0.151 0.144 0.158 0.126 0.173 0.150 0.153 0.141 0.171 0.163 0.144 0.142 0.127 0.177 0.147 0.150 0.144 0.166 0.139 0.139 0.137 0.134 0.162 0.134 0.156 0.158 0.155 0.160 0.142 0.148 0.146 0.157 0.137 0.149 0.154 0.139 0.156 0.139 0.152 0.138 0.178 0.152 0.166 0.143 0.141 0.149 0.137 0.160 0.143 0.158 0.145 0.145 0.147 0.141 0.144
MOVE_DONE,OPEN_RESET,STALL,current,0.121 0.154 0.144 0.157 0.138 0.146 0.149 0.141 0.150 0.137 0.164 0.145 0.154 0.145 0.147 0.151 0.136 0.147 0.141 0.164 0.144 0.141 0.149 0.149 0.144 0.133 0.153 0.152 0.156 0.155 0.148 0.153 0.154 0.142 0.136 0.156 0.159 0.150 0.146 0.163 0.153 0.149 0.130 0.141 0.182 0.159 0.141 0.148 0.159 0.161 0.135 0.143 0.135 0.181 0.149 0.148 0.151 0.168 0.156 0.132 0.152 0.140 0.157 0.140 0.161 0.154 0.148 0.135 0.138 0.156 0.159 0.155 0.145 0.149 0.165 0.140 0.141 0.129 0.186 0.144 0.170 0.147 0.157 0.139 0.135 0.138 0.143 0.185 0.143 0.166 0.152 0.165 0.145 0.144 0.150 0.153 0.148 0.141 0.147 0.150 0.157 0.133 0.134 0.176 0.139 0.156 0.143 0.148 0.154 0.142 0.147 0.139 0.157 0.143 0.156 0.143 0.153 0.148 0.138 0.148 0.137 0.161 0.145 0.151 0.144 0.144 0.147 0.138 0.150 0.137 0.158 0.147 0.149 0.146 0.144 0.161 0.133 0.183 0.132 0.161 0.137 0.148 0.162 0.140 0.149 0.125 0.155 0.154 0.155 0.165 0.149 0.163 0.146 0.146 0.133 0.150 0.151 0.151 0.142 0.141 0.155 0.140 0.148 0.147 0.151 0.139 0.171 0.157 0.145 0.147 0.135 0.170 0.142 0.153 0.142 0.144 0.147 0.147 0.149 0.134 0.154 0.139 0.156 0.145 0.144 0.146 0.141 0.150 0.137 0.155 0.146 0.155 0.147 0.147 0.150 0.141 0.166 0.141 0.154 0.138 0.153 0.163 0.147 0.163 0.133 0.147 0.130 0.155 0.147 0.158 0.149 0.157 0.148 0.140 0.153 0.144 0.158 0.140 0.153 0.168 0.147 0.141 0.124 0.174 0.150 0.152 0.134 0.165 0.166 0.139 0.142 0.128 0.177 0.158 0.149 0.137 0.146 0.154 0.132 0.152 0.142 0.161 0.137 0.143 0.153 0.148 0.143 0.133 0.156 0.145 0.154 0.138 0.144 0.152 0.141 0.141 0.133 0.159 0.147 0.152 0.143 0.150 0.146 0.135 0.149 0.139 0.162 0.141 0.148 0.144 0.152 0.148 0.133 0.150 0.148 0.162 0.138 0.150 0.145 0.166 0.153 0.130 0.155 0.138 0.180 0.153 0.158 0.152 0.164 0.166 0.163 0.170 0.150 0.198 0.200 0.242 0.185 0.050 0.042 0.214 0.140 0.151 0.230 0.178 0.047 0.087 0.185 0.006 0.181 0.193 0.155 0.155 0.194 0.110 0.020 0.217 0.050 0.185 0.283 0.179 0.082 0.156 0.155 0.004 0.230 0.110 0.180 0.280 0.176 0.035 0.122 0.178 0.004 0.218 0.157 0.195 0.237 0.187 0.055 0.056 0.206 0.005 0.231 0.214 0.185 0.179 0.190
MOVE_DONE,OPEN_RESET_FORWARD,STEPS_FINISHED,current,0.141 0.164 0.136 0.154 0.139 0.174 0.163 0.146 0.149 0.153 0.167 0.135 0.160 0.138 0.157 0.169 0.146 0.154 0.148 0.145 0.132 0.175 0.169 0.148 0.140 0.135 0.158 0.136 0.156 0.146 0.174 0.171 0.137 0.142 0.152 0.166 0.139 0.150 0.132 0.174 0.163 0.154 0.142 0.150 0.150 0.124 0.177 0.160 0.149 0.148 0.124 0.145 0.143 0.174 0.144 0.169 0.159 0.148 0.142 0.145 0.149 0.139 0.177 0.142 0.148 0.142 0.163 0.163 0.138 0.156 0.127 0.147 0.134 0.157 0.166 0.154 0.166 0.137 0.167 0.132 0.146 0.138 0.176 0.168 0.127 0.160 0.143 0.148 0.122 0.151 0.157 0.171 0.163 0.151 0.153 0.126 0.152 0.145 0.178 0.137 0.160 0.163 0.127 0.156 0.127 0.148 0.135 0.167 0.171 0.136 0.163 0.141 0.155 0.126 0.170 0.141 0.173 0.143 0.133 0.146 0.151 0.168 0.124 0.145 0.153 0.148 0.164 0.124 0.158 0.146 0.170 0.148 0.180 0.164 0.142 0.167 0.154 0.170 0.129 0.140 0.132 0.154 0.140 0.136 0.146 0.149 0.167 0.131 0.154 0.156 0.151 0.139 0.146 0.168 0.149 0.162 0.136 0.154 0.143 0.136 0.137 0.145 0.171 0.143 0.170 0.143 0.165 0.159 0.137 0.150 0.138 0.149 0.135 0.157 0.134 0.152 0.165 0.151 0.143 0.134 0.146 0.134 0.143 0.144 0.162 0.160 0.136 0.164 0.154 0.141 0.125 0.164 0.163 0.145
MOVE_DONE,CLOSE,STALL,current,0.150 0.138 0.162 0.135 0.144 0.140 0.127 0.155 0.144 0.169 0.120 0.144 0.153 0.141 0.136 0.146 0.168 0.132 0.170 0.136 0.153 0.141 0.157 0.167 0.152 0.149 0.129 0.149 0.127 0.150 0.148 0.143 0.170 0.135 0.154 0.124 0.145 0.136 0.147 0.140 0.143 0.165 0.152 0.143 0.124 0.144 0.141 0.174 0.163 0.136 0.165 0.125 0.151 0.142 0.188 0.138 0.143 0.162 0.153 0.153 0.135 0.172 0.160 0.175 0.155 0.136 0.169 0.149 0.142 0.130 0.163 0.148 0.148 0.136 0.132 0.146 0.132 0.163 0.139 0.160 0.150 0.141 0.136 0.152 0.172 0.146 0.163 0.144 0.155 0.149 0.139 0.141 0.148 0.174 0.136 0.157 0.144 0.148 0.147 0.143 0.176 0.150 0.164 0.132 0.153 0.130 0.145 0.145 0.141 0.165 0.132 0.152 0.127 0.151 0.138 0.156 0.166 0.145 0.161 0.149 0.143 0.136 0.147 0.139 0.172 0.161 0.130 0.147 0.133 0.156 0.129 0.152 0.137 0.159 0.168 0.131 0.152 0.137 0.165 0.149 0.158 0.170 0.130 0.147 0.132 0.156 0.133 0.170 0.152 0.148 0.136 0.128 0.153 0.149 0.173 0.138 0.150 0.137 0.147 0.138 0.128 0.165 0.135 0.148 0.143 0.150 0.138 0.167 0.172 0.132 0.184 0.137 0.146 0.124 0.151 0.146 0.145 0.168 0.141 0.154 0.134 0.162 0.148 0.140 0.143 0.139 0.161 0.150 0.139 0.129 0.163 0.169 0.168 0.161 0.128 0.153 0.141 0.169 0.153 0.171 0.142 0.140 0.147 0.151 0.177 0.137 0.168 0.153 0.141 0.152 0.136 0.150 0.151 0.179 0.136 0.164 0.131 0.151 0.138 0.153 0.171 0.142 0.167 0.139 0.145 0.130 0.175 0.145 0.135 0.167 0.141 0.168 0.119 0.142 0.144 0.152 0.172 0.146 0.148 0.132 0.151 0.153 0.169 0.144 0.142 0.149 0.130 0.153 0.136 0.175 0.130 0.148 0.142 0.138 0.153 0.134 0.154 0.132 0.168 0.161 0.151 0.132 0.146 0.146 0.132 0.159 0.117 0.181 0.165 0.141 0.135 0.148 0.175 0.151 0.161 0.147 0.154 0.139 0.161 0.174 0.139 0.169 0.131 0.144 0.130 0.176 0.140 0.132 0.152 0.153 0.172 0.136 0.158 0.158 0.145 0.132 0.148 0.172 0.136 0.150 0.122 0.148 0.152 0.148 0.162 0.138 0.146 0.126 0.152 0.124 0.181 0.155 0.138 0.152 0.137 0.171 0.138 0.142 0.133 0.154 0.166 0.139 0.152 0.143 0.163 0.137 0.151 0.137 0.143 0.139 0.151 0.171 0.132 0.162 0.140 0.150 0.132 0.184 0.142 0.132 0.152 0.144 0.167 0.121 0.143 0.137 0.168 0.161 0.133 0.154 0.132 0.145 0.128 0.159 0.173 0.145 0.137 0.129 0.152 0.132 0.136 0.144 0.160 0.144 0.142 0.158 0.151 0.179 0.125 0.184 0.162 0.154 0.139 0.138 0.160 0.132 0.168 0.137 0.184 0.153 0.137 0.144 0.153 0.172 0.134 0.162 0.162 0.156 0.154 0.152 0.156 0.145 0.159 0.141 0.183 0.134 0.159 0.168 0.150 0.165 0.151 0.210 0.146 0.190 0.147 0.162 0.153 0.168 0.176 0.149 0.194 0.160 0.181 0.160 0.161 0.161 0.165 0.190 0.173
MOVE_DONE,OPEN,STEPS_FINISHED,current,0.148 0.156 0.153 0.154 0.156 0.141 0.165 0.154 0.161 0.147 0.152 0.156 0.147 0.152 0.145 0.166 0.152 0.152 0.154 0.154 0.157 0.137 0.156 0.151 0.166 0.146 0.150 0.150 0.154 0.161 0.136 0.159 0.148 0.157 0.133 0.168 0.168 0.143 0.138 0.127 0.179 0.156 0.150 0.138 0.170 0.159 0.137 0.142 0.132 0.189 0.147 0.152 0.151 0.170 0.162 0.134 0.149 0.134 0.188 0.152 0.145 0.144 0.161 0.153 0.126 0.150 0.135 0.149 0.140 0.150 0.154 0.140 0.142 0.137 0.161 0.139 0.152 0.143 0.150 0.147 0.136 0.151 0.138 0.155 0.144 0.149 0.147 0.145 0.145 0.140 0.145 0.143 0.149 0.148 0.165 0.136 0.151 0.139 0.139 0.145 0.150 0.185 0.154 0.148 0.142 0.162 0.159 0.138 0.154 0.139 0.174 0.165 0.144 0.148 0.156 0.158 0.124 0.144 0.147 0.170 0.141 0.166 0.162 0.141 0.144 0.129 0.187 0.153 0.150 0.149 0.151 0.146 0.133 0.151 0.141 0.161 0.138 0.143 0.147 0.148 0.145 0.133 0.160 0.147 0.155 0.138 0.146 0.148 0.138 0.146 0.134 0.162 0.147 0.149 0.142 0.152 0.151 0.136 0.153 0.143 0.160 0.133 0.152 0.165 0.145 0.160 0.140 0.167 0.144 0.150 0.141 0.171 0.161 0.146 0.149 0.124 0.178 0.146 0.151 0.139 0.166 0.155 0.140 0.147 0.132 0.178 0.148 0.155 0.142 0.172 0.158 0.140 0.146 0.133 0.160 0.144 0.169 0.142 0.145 0.144 0.136 0.153 0.140 0.158 0.145 0.149 0.145 0.143 0.147 0.133 0.152 0.147 0.164 0.145 0.144 0.149 0.144 0.147 0.133 0.158 0.146 0.160 0.139 0.149 0.153 0.144 0.166 0.127 0.164 0.133 0.154 0.145 0.154 0.140 0.134 0.149 0.135 0.163 0.134 0.144 0.145 0.152 0.146 0.133 0.151 0.144 0.155 0.139 0.149 0.151 0.148 0.143 0.135 0.158 0.142 0.152 0.140 0.150 0.145 0.142 0.147 0.139 0.154 0.142 0.150 0.147 0.149 0.144 0.139 0.152 0.142 0.157 0.142 0.151 0.149 0.146 0.147 0.137 0.157 0.140 0.161 0.141 0.142 0.147 0.144 0.148 0.137 0.157 0.143 0.159 0.142 0.144 0.145 0.147 0.145 0.131 0.151 0.138 0.173 0.151 0.143 0.154 0.150 0.161 0.137 0.160 0.141 0.172 0.156 0.150 0.151 0.136 0.164 0.146
MOVE_DONE,OPEN_RESET,STALL,current,0.160 0.156 0.144 0.155 0.136 0.143 0.150 0.154 0.143 0.146 0.153 0.151 0.149 0.137 0.149 0.152 0.188 0.152 0.156 0.147 0.157 0.153 0.142 0.156 0.140 0.174 0.159 0.155 0.162 0.139 0.145 0.131 0.176 0.150 0.156 0.143 0.170 0.155 0.142 0.147 0.127 0.143 0.149 0.155 0.142 0.149 0.160 0.141 0.147 0.134 0.183 0.155 0.144 0.147 0.159 0.165 0.135 0.148 0.134 0.183 0.154 0.147 0.151 0.158 0.159 0.133 0.148 0.141 0.178 0.160 0.153 0.149 0.148 0.156 0.145 0.162 0.142 0.171 0.156 0.149 0.147 0.142 0.158 0.149 0.161 0.155 0.139 0.151 0.157 0.157 0.133 0.153 0.139 0.145 0.138 0.152 0.155 0.149 0.153 0.134 0.156 0.133 0.177 0.152 0.147 0.154 0.145 0.147 0.143 0.160 0.135 0.168 0.161 0.163 0.142 0.136 0.146 0.149 0.164 0.140 0.151 0.167 0.145 0.146 0.148 0.156 0.142 0.148 0.140 0.150 0.150 0.144 0.145 0.138 0.154 0.147 0.152 0.146 0.148 0.135 0.145 0.145 0.128 0.174 0.157 0.152 0.140 0.163 0.161 0.141 0.145 0.129 0.173 0.160 0.155 0.140 0.167 0.159 0.136 0.154 0.132 0.163 0.154 0.142 0.156 0.148 0.143 0.130 0.156 0.144 0.158 0.141 0.143 0.154 0.147 0.143 0.136 0.164 0.144 0.153 0.141 0.147 0.150 0.130 0.146 0.142 0.169 0.142 0.143 0.151 0.154 0.146 0.134 0.154 0.158 0.155 0.137 0.167 0.161 0.159 0.157 0.134 0.153 0.138 0.168 0.154 0.154 0.146 0.150 0.162 0.134 0.145 0.129 0.171 0.160 0.156 0.144 0.146 0.163 0.142 0.159 0.140 0.157 0.150 0.147 0.148 0.146 0.169 0.136 0.158 0.136 0.166 0.136 0.150 0.144 0.136 0.165 0.133 0.167 0.148 0.164 0.149 0.151 0.152 0.128 0.145 0.149 0.176 0.141 0.146 0.154 0.146 0.136 0.140 0.162 0.149 0.162 0.144 0.149 0.163 0.145 0.164 0.142 0.162 0.137 0.161 0.156 0.156 0.147 0.134 0.163 0.151 0.156 0.136 0.164 0.162 0.152 0.141 0.123 0.182 0.149 0.158 0.134 0.170 0.166 0.138 0.142 0.134 0.187 0.153 0.156 0.157 0.180 0.171 0.143 0.194 0.188 0.242 0.256 0.232
MOVE_DONE,OPEN_RESET_FORWARD,STEPS_FINISHED,current,0.146 0.130 0.160 0.154 0.147 0.162 0.143 0.173 0.132 0.150 0.140 0.166 0.168 0.136 0.141 0.152 0.174 0.134 0.156 0.157 0.153 0.134 0.152 0.179 0.135 0.162 0.128 0.152 0.138 0.152 0.138 0.142 0.147 0.145 0.169 0.141 0.145 0.137 0.164 0.171 0.131 0.159 0.129 0.153 0.137 0.178 0.165 0.140 0.161 0.147 0.149 0.141 0.164 0.128 0.151 0.143 0.136 0.148 0.131 0.165 0.141 0.171 0.132 0.152 0.136 0.146 0.147 0.133 0.165 0.121 0.139 0.154 0.145 0.137 0.147 0.176 0.139 0.151 0.137 0.180 0.139 0.153 0.147 0.150 0.150 0.127 0.147 0.134 0.153 0.138 0.149 0.159 0.129 0.160 0.134 0.152 0.131 0.164 0.141 0.151 0.175 0.136 0.149 0.132 0.174 0.175 0.142 0.150 0.128 0.154 0.142 0.169 0.124 0.186 0.157 0.139 0.144 0.131 0.159 0.139 0.162 0.125 0.141 0.142 0.145 0.170 0.147 0.148 0.130 0.152 0.127 0.181 0.142 0.131 0.146 0.125 0.147 0.128 0.145 0.139 0.175 0.169 0.134 0.154 0.137 0.153 0.134 0.174 0.164 0.154 0.166 0.125 0.161 0.141 0.169 0.130 0.189 0.162 0.131 0.149 0.132 0.159 0.141 0.147 0.159 0.180 0.137 0.132 0.154 0.150 0.171 0.132 0.149 0.142 0.150 0.163 0.155 0.148 0.127 0.154 0.138 0.170 0.136 0.163 0.171 0.146 0.144 0.143 0.142 0.126 0.146 0.144 0.148 0.161
MOVE_DONE,CLOSE,STALL,current,0.134 0.146 0.135 0.181 0.168 0.134 0.164 0.142 0.166 0.148 0.171 0.137 0.141 0.147 0.150 0.163 0.131 0.139 0.140 0.148 0.137 0.162 0.170 0.153 0.142 0.133 0.158 0.153 0.146 0.137 0.157 0.163 0.134 0.153 0.129 0.139 0.136 0.160 0.167 0.156 0.143 0.129 0.166 0.126 0.154 0.172 0.176 0.157 0.145 0.171 0.139 0.170 0.125 0.162 0.166 0.133 0.136 0.143 0.151 0.142 0.173 0.138 0.147 0.146 0.131 0.149 0.150 0.168 0.135 0.156 0.160 0.151 0.135 0.146 0.182 0.138 0.165 0.124 0.146 0.137 0.175 0.166 0.136 0.163 0.149 0.145 0.122 0.182 0.141 0.158 0.164 0.131 0.154 0.138 0.175 0.133 0.143 0.144 0.137 0.152 0.131 0.150 0.134 0.151 0.139 0.155 0.168 0.130 0.145 0.143 0.171 0.147 0.169 0.135 0.152 0.140 0.130 0.152 0.143 0.166 0.146 0.152 0.140 0.148 0.172 0.126 0.160 0.134 0.149 0.122 0.147 0.151 0.153 0.167 0.132 0.156 0.137 0.160 0.133 0.148 0.148 0.144 0.155 0.138 0.155 0.124 0.171 0.168 0.171 0.137 0.133 0.148 0.147 0.173 0.122 0.175 0.158 0.138 0.140 0.129 0.151 0.136 0.165 0.144 0.181 0.166 0.136 0.151 0.152 0.182 0.139 0.144 0.144 0.155 0.137 0.157 0.179 0.142 0.166 0.133 0.152 0.135 0.183 0.138 0.138 0.165 0.148 0.147 0.126 0.188 0.135 0.139 0.160 0.153 0.145 0.142 0.164 0.127 0.144 0.148 0.154 0.140 0.138 0.162 0.140 0.168 0.155 0.179 0.161 0.134 0.141 0.145 0.180 0.135 0.165 0.151 0.150 0.139 0.148 0.175 0.133 0.147 0.126 0.170 0.163 0.145 0.137 0.143 0.168 0.140 0.156 0.134 0.179 0.139 0.168 0.167 0.138 0.156 0.141 0.163 0.146 0.156 0.141 0.156 0.168 0.137 0.149 0.132 0.138 0.144 0.147 0.143 0.144 0.165 0.149 0.147 0.128 0.173 0.167 0.157 0.137 0.139 0.155 0.145 0.159 0.124 0.148 0.139 0.151 0.169 0.138 0.150 0.140 0.173 0.141 0.154 0.146 0.133 0.145 0.153 0.176 0.140 0.164 0.129 0.145 0.147 0.154 0.142 0.136 0.157 0.138 0.152 0.132 0.175 0.141 0.128 0.156 0.128 0.154 0.125 0.177 0.134 0.147 0.141 0.143 0.169 0.137 0.169 0.124 0.172 0.138 0.150 0.146 0.134 0.166 0.145 0.166 0.156 0.181 0.152 0.131 0.148 0.138 0.169 0.134 0.159 0.152 0.155 0.162 0.145 0.142 0.151 0.169 0.146 0.167 0.137 0.151 0.142 0.137 0.178 0.139 0.151 0.136 0.173 0.145 0.168 0.169 0.140 0.167 0.137 0.143 0.126 0.189 0.137 0.137 0.154 0.140 0.154 0.132 0.146 0.134 0.180 0.159 0.127 0.151 0.126 0.156 0.142 0.184 0.151 0.151 0.163 0.141 0.159 0.140 0.172 0.137 0.167 0.156 0.139 0.146 0.147 0.173 0.144 0.158 0.158 0.167 0.145 0.149 0.154 0.141 0.166 0.146 0.154 0.153 0.152 0.154 0.168 0.171 0.150 0.173 0.145 0.184 0.171 0.158 0.152 0.160 0.178 0.148 0.169 0.132 0.161 0.181 0.166 0.153 0.171 0.195 0.167 0.173 0.173
MOVE_DONE,OPEN,STEPS_FINISHED,current,0.168 0.158 0.161 0.154 0.167 0.168 0.140 0.150 0.143 0.186 0.156 0.157 0.147 0.172 0.162 0.140 0.159 0.141 0.171 0.164 0.161 0.148 0.158 0.158 0.141 0.159 0.138 0.172 0.156 0.155 0.145 0.149 0.163 0.147 0.154 0.140 0.172 0.160 0.149 0.151 0.141 0.175 0.143 0.154 0.144 0.171 0.163 0.145 0.149 0.141 0.139 0.136 0.166 0.140 0.145 0.167 0.143 0.147 0.138 0.151 0.136 0.180 0.151 0.149 0.149 0.154 0.154 0.135 0.162 0.159 0.141 0.144 0.172 0.162 0.139 0.145 0.132 0.186 0.151 0.158 0.147 0.148 0.142 0.135 0.154 0.142 0.157 0.140 0.150 0.151 0.141 0.142 0.134 0.161 0.146 0.154 0.145 0.150 0.147 0.138 0.145 0.137 0.164 0.147 0.154 0.147 0.149 0.150 0.141 0.153 0.141 0.157 0.143 0.152 0.146 0.147 0.152 0.140 0.152 0.138 0.179 0.142 0.166 0.156 0.156 0.149 0.119 0.150 0.154 0.151 0.139 0.157 0.141 0.145 0.159 0.127 0.171 0.157 0.150 0.139 0.146 0.156 0.143 0.163 0.136 0.159 0.144 0.165 0.159 0.155 0.147 0.138 0.153 0.143 0.160 0.140 0.148 0.150 0.151 0.143 0.136 0.159 0.144 0.156 0.143 0.151 0.146 0.141 0.148 0.137 0.157 0.141 0.154 0.145 0.150 0.146 0.136 0.150 0.124 0.177 0.162 0.155 0.147 0.160 0.152 0.143 0.148 0.145 0.163 0.144 0.145 0.145 0.146 0.150 0.131 0.175 0.131 0.166 0.130 0.150 0.164 0.150 0.155 0.125 0.157 0.137 0.152 0.137 0.151 0.153 0.144 0.142 0.134 0.163 0.141 0.147 0.146 0.149 0.152 0.137 0.150 0.142 0.164 0.141 0.146 0.150 0.151 0.143 0.132 0.154 0.146 0.155 0.137 0.149 0.145 0.142 0.144 0.135 0.161 0.138 0.156 0.142 0.151 0.147 0.139 0.149 0.139 0.156 0.144 0.155 0.142 0.146 0.161 0.141 0.144 0.133 0.149 0.142 0.152 0.146 0.148 0.136 0.139 0.139 0.142 0.161 0.145 0.157 0.140 0.151 0.136 0.132 0.172 0.143 0.160 0.138 0.147 0.150 0.143 0.144 0.136 0.158 0.147 0.152 0.143 0.148 0.153 0.135 0.146 0.140 0.163 0.145 0.145 0.145 0.153 0.148 0.134 0.155 0.144 0.163 0.139 0.151 0.148 0.142 0.145 0.138 0.156 0.145 0.155 0.142 0.147 0.151 0.141 0.148
MOVE_DONE,OPEN_RESET,STALL,current,0.144 0.157 0.139 0.156 0.143 0.158 0.153 0.151 0.132 0.136 0.164 0.139 0.153 0.165 0.154 0.139 0.141 0.167 0.142 0.160 0.136 0.152 0.149 0.150 0.137 0.141 0.168 0.130 0.159 0.141 0.153 0.148 0.159 0.148 0.135 0.137 0.136 0.160 0.158 0.146 0.145 0.160 0.158 0.137 0.152 0.155 0.152 0.148 0.165 0.155 0.146 0.140 0.127 0.147 0.148 0.149 0.144 0.167 0.160 0.141 0.142 0.130 0.189 0.150 0.138 0.137 0.167 0.160 0.132 0.147 0.139 0.163 0.142 0.143 0.152 0.154 0.143 0.123 0.171 0.157 0.151 0.135 0.168 0.158 0.140 0.160 0.140 0.181 0.145 0.155 0.149 0.164 0.140 0.140 0.159 0.146 0.156 0.135 0.172 0.162 0.154 0.158 0.132 0.157 0.135 0.152 0.160 0.150 0.144 0.149 0.131 0.139 0.149 0.138 0.177 0.154 0.144 0.140 0.160 0.163 0.129 0.153 0.154 0.155 0.165 0.145 0.154 0.143 0.146 0.135 0.165 0.142 0.150 0.143 0.147 0.152 0.137 0.147 0.143 0.166 0.137 0.141 0.149 0.150 0.143 0.131 0.157 0.143 0.154 0.139 0.149 0.150 0.142 0.145 0.133 0.161 0.143 0.152 0.145 0.150 0.152 0.137 0.139 0.143 0.173 0.152 0.148 0.166 0.147 0.145 0.136 0.155 0.139 0.155 0.145 0.150 0.148 0.142 0.148 0.137 0.174 0.129 0.150 0.145 0.142 0.146 0.147 0.147 0.131 0.178 0.134 0.162 0.137 0.144 0.152 0.144 0.143 0.138 0.161 0.146 0.148 0.142 0.148 0.153 0.137 0.146 0.139 0.164 0.142 0.146 0.150 0.150 0.143 0.134 0.149 0.147 0.164 0.140 0.146 0.151 0.150 0.144 0.131 0.159 0.144 0.156 0.144 0.151 0.154 0.143 0.159 0.141 0.149 0.145 0.150 0.143 0.162 0.155 0.143 0.149 0.135 0.174 0.155 0.154 0.140 0.162 0.154 0.137 0.169 0.128 0.157 0.145 0.148 0.144 0.141 0.147 0.137 0.156 0.142 0.163 0.142 0.143 0.145 0.147 0.147 0.131 0.155 0.147 0.156 0.143 0.149 0.151 0.141 0.147 0.135 0.162 0.146 0.145 0.146 0.152 0.150 0.137 0.151 0.140 0.163 0.145 0.145 0.153 0.151 0.144 0.138 0.179 0.152 0.186 0.170 0.163 0.168 0.203
MOVE_DONE,OPEN_RESET_FORWARD,STEPS_FINISHED,current,0.170 0.134 0.145 0.127 0.152 0.145 0.159 0.167 0.138 0.167 0.134 0.152 0.122 0.177 0.159 0.147 0.141 0.139 0.163 0.141 0.166 0.148 0.168 0.141 0.138 0.154 0.140 0.182 0.126 0.137 0.136 0.157 0.166 0.154 0.142 0.128 0.152 0.123 0.148 0.139 0.154 0.138 0.145 0.175 0.134 0.152 0.121 0.153 0.140 0.169 0.165 0.139 0.147 0.140 0.140 0.127 0.161 0.165 0.135 0.149 0.147 0.143 0.139 0.174 0.153 0.149 0.138 0.162 0.146 0.146 0.148 0.130 0.147 0.129 0.145 0.137 0.148 0.172 0.132 0.146 0.137 0.162 0.137 0.174 0.140 0.150 0.173 0.137 0.152 0.121 0.142 0.152 0.145 0.142 0.135 0.153 0.129 0.148 0.122 0.180 0.168 0.149 0.139 0.149 0.150 0.123 0.149 0.130 0.189 0.169 0.127 0.144 0.130 0.147 0.124 0.155 0.158 0.145 0.141 0.130 0.156 0.144 0.163 0.140 0.177 0.167 0.140 0.136 0.147 0.172 0.131 0.152 0.128 0.182 0.134 0.149 0.152 0.140 0.170 0.131 0.150 0.134 0.177 0.166 0.133 0.156 0.127 0.143 0.134 0.174 0.139 0.167 0.143 0.135 0.144 0.126 0.148 0.119 0.171 0.163 0.147 0.136 0.143 0.148 0.146 0.174 0.135 0.151 0.147 0.144 0.136 0.143 0.177 0.136 0.154 0.147 0.173 0.145 0.150 0.144 0.136 0.151 0.129 0.141 0.145 0.180 0.170 0.133 0.163 0.139 0.147 0.121 0.176 0.170
MOVE_DONE,CLOSE,STALL,current,0.139 0.168 0.129 0.148 0.131 0.188 0.137 0.146 0.177 0.139 0.147 0.120 0.154 0.138 0.166 0.162 0.152 0.151 0.124 0.158 0.147 0.178 0.161 0.140 0.140 0.148 0.147 0.130 0.150 0.125 0.171 0.168 0.142 0.168 0.150 0.142 0.125 0.150 0.155 0.147 0.142 0.151 0.174 0.132 0.157 0.122 0.150 0.137 0.175 0.159 0.149 0.148 0.148 0.139 0.126 0.153 0.138 0.162 0.164 0.137 0.168 0.145 0.159 0.132 0.190 0.160 0.131 0.141 0.130 0.154 0.132 0.180 0.150 0.144 0.136 0.130 0.155 0.146 0.169 0.140 0.177 0.160 0.147 0.142 0.151 0.182 0.133 0.160 0.144 0.155 0.136 0.161 0.171 0.139 0.150 0.140 0.168 0.142 0.146 0.142 0.161 0.171 0.132 0.149 0.123 0.149 0.132 0.147 0.143 0.153 0.167 0.128 0.156 0.133 0.166 0.148 0.145 0.137 0.132 0.149 0.145 0.167 0.137 0.148 0.145 0.146 0.144 0.137 0.160 0.140 0.144 0.125 0.146 0.152 0.163 0.141 0.137 0.160 0.131 0.147 0.131 0.181 0.168 0.156 0.170 0.135 0.155 0.128 0.172 0.158 0.146 0.167 0.128 0.156 0.145 0.168 0.127 0.163 0.142 0.139 0.135 0.150 0.176 0.144 0.143 0.138 0.150 0.148 0.147 0.169 0.145 0.148 0.142 0.177 0.138 0.148 0.140 0.159 0.166 0.127 0.153 0.134 0.139 0.135 0.164 0.169 0.136 0.146 0.145 0.164 0.123 0.170 0.162 0.151 0.136 0.137 0.155 0.145 0.161 0.143 0.155 0.163 0.164 0.141 0.151 0.173 0.135 0.154 0.147 0.183 0.136 0.159 0.143 0.141 0.165 0.136 0.153 0.133 0.172 0.167 0.141 0.141 0.141 0.164 0.130 0.176 0.140 0.162 0.143 0.135 0.145 0.148 0.176 0.118 0.174 0.160 0.143 0.139 0.144 0.171 0.147 0.140 0.134 0.152 0.143 0.137 0.136 0.136 0.161 0.134 0.169 0.151 0.154 0.138 0.149 0.168 0.140 0.147 0.130 0.144 0.143 0.155 0.165 0.138 0.162 0.147 0.144 0.124 0.179 0.163 0.151 0.170 0.132 0.151 0.124 0.146 0.131 0.150 0.156 0.141 0.149 0.132 0.168 0.142 0.168 0.152 0.185 0.162 0.132 0.157 0.151 0.146 0.133 0.151 0.131 0.145 0.149 0.143 0.157 0.150 0.152 0.127 0.147 0.140 0.179 0.163 0.134 0.153 0.138 0.153 0.132 0.157 0.166 0.151 0.154 0.135 0.154 0.141 0.170 0.160 0.184 0.142 0.138 0.140 0.151 0.182 0.132 0.152 0.145 0.150 0.159 0.155 0.145 0.139 0.159 0.135 0.147 0.144 0.173 0.167 0.152 0.146 0.133 0.158 0.140 0.158 0.168 0.170 0.141 0.144 0.166 0.134 0.155 0.122 0.173 0.166 0.141 0.144 0.143 0.168 0.139 0.140 0.137 0.149 0.143 0.132 0.145 0.150 0.176 0.135 0.146 0.144 0.180 0.159 0.139 0.175 0.150 0.181 0.130 0.152 0.144 0.174 0.171 0.153 0.163 0.135 0.150 0.156 0.160 0.157 0.159 0.157 0.154 0.164 0.150 0.187 0.145 0.163 0.153 0.152 0.180 0.162 0.165 0.155 0.180 0.166 0.165 0.164 0.152 0.203 0.159 0.167 0.151 0.158 0.163 0.192 0.186 0.151 0.193 0.162 0.191 0.149 0.177 0.194 0.182 0.186 0.175
MOVE_DONE,OPEN,STEPS_FINISHED,current,0.146 0.191 0.173 0.165 0.156 0.172 0.172 0.163 0.155 0.148 0.181 0.165 0.155 0.152 0.151 0.166 0.145 0.161 0.141 0.172 0.160 0.155 0.150 0.144 0.170 0.160 0.157 0.145 0.174 0.169 0.162 0.141 0.137 0.179 0.165 0.156 0.137 0.160 0.169 0.153 0.142 0.127 0.173 0.151 0.154 0.140 0.171 0.156 0.145 0.146 0.133 0.152 0.138 0.170 0.158 0.150 0.146 0.134 0.154 0.127 0.184 0.149 0.150 0.152 0.164 0.157 0.135 0.146 0.125 0.184 0.156 0.148 0.145 0.163 0.160 0.137 0.150 0.138 0.180 0.157 0.151 0.145 0.153 0.156 0.129 0.157 0.141 0.172 0.154 0.167 0.141 0.134 0.136 0.134 0.151 0.145 0.150 0.168 0.161 0.160 0.134 0.157 0.138 0.160 0.132 0.149 0.142 0.144 0.158 0.138 0.174 0.143 0.177 0.143 0.150 0.159 0.149 0.164 0.139 0.171 0.140 0.160 0.152 0.156 0.141 0.145 0.161 0.124 0.167 0.139 0.155 0.137 0.150 0.149 0.142 0.158 0.145 0.161 0.141 0.167 0.158 0.148 0.147 0.123 0.166 0.147 0.154 0.135 0.168 0.162 0.143 0.145 0.126 0.181 0.146 0.147 0.141 0.171 0.156 0.139 0.147 0.150 0.150 0.150 0.172 0.141 0.154 0.140 0.142 0.171 0.139 0.181 0.145 0.150 0.145 0.150 0.151 0.141 0.145 0.152 0.163 0.145 0.144 0.146 0.148 0.148 0.133 0.155 0.147 0.159 0.139 0.148 0.152 0.145 0.142 0.135 0.163 0.143 0.151 0.142 0.149 0.152 0.139 0.142 0.130 0.156 0.140 0.150 0.149 0.150 0.145 0.134 0.154 0.136 0.158 0.145 0.148 0.145 0.142 0.147 0.137 0.159 0.141 0.158 0.145 0.145 0.146 0.143 0.150 0.138 0.156 0.140 0.157 0.138 0.144 0.150 0.141 0.151 0.135 0.158 0.147 0.150 0.142 0.150 0.151 0.138 0.144 0.131 0.153 0.142 0.145 0.149 0.153 0.133 0.132 0.154 0.153 0.146 0.151 0.152 0.145 0.137 0.145 0.130 0.163 0.134 0.155 0.134 0.152 0.151 0.140 0.163 0.148 0.181 0.142 0.169 0.147 0.157 0.137 0.138 0.165 0.128 0.164 0.134 0.152 0.152 0.149 0.146 0.137 0.168 0.144 0.157 0.144 0.171 0.159 0.146 0.148 0.126 0.168 0.155 0.157 0.138 0.162 0.161 0.145 0.143 0.130 0.150 0.149 0.164 0.141 0.163 0.156 0.137 0.149
MOVE_DONE,OPEN_RESET,STALL,current,0.142 0.151 0.157 0.152 0.158 0.143 0.154 0.141 0.165 0.138 0.156 0.143 0.165 0.160 0.149 0.142 0.134 0.167 0.153 0.145 0.134 0.168 0.162 0.147 0.142 0.128 0.147 0.145 0.154 0.139 0.150 0.148 0.142 0.148 0.138 0.155 0.142 0.156 0.141 0.147 0.146 0.141 0.151 0.134 0.159 0.146 0.154 0.140 0.147 0.152 0.138 0.148 0.144 0.162 0.146 0.145 0.151 0.151 0.146 0.132 0.156 0.148 0.155 0.141 0.147 0.155 0.147 0.144 0.138 0.162 0.148 0.150 0.145 0.151 0.143 0.142 0.164 0.129 0.160 0.154 0.155 0.166 0.156 0.147 0.141 0.141 0.146 0.148 0.147 0.165 0.150 0.158 0.145 0.136 0.151 0.139 0.157 0.145 0.142 0.143 0.147 0.148 0.137 0.155 0.149 0.158 0.139 0.145 0.150 0.146 0.144 0.132 0.164 0.147 0.148 0.143 0.149 0.152 0.133 0.149 0.143 0.166 0.142 0.145 0.151 0.148 0.147 0.140 0.156 0.142 0.156 0.139 0.148 0.150 0.141 0.141 0.136 0.159 0.139 0.153 0.144 0.148 0.149 0.145 0.148 0.138 0.160 0.146 0.156 0.164 0.144 0.147 0.136 0.149 0.138 0.165 0.136 0.160 0.135 0.150 0.149 0.132 0.148 0.144 0.164 0.145 0.145 0.152 0.148 0.145 0.134 0.159 0.145 0.153 0.139 0.148 0.153 0.140 0.137 0.122 0.149 0.140 0.156 0.147 0.148 0.148 0.138 0.148 0.134 0.158 0.143 0.154 0.142 0.142 0.147 0.139 0.167 0.138 0.187 0.143 0.146 0.148 0.154 0.139 0.135 0.152 0.140 0.177 0.152 0.151 0.149 0.160 0.154 0.140 0.155 0.141 0.165 0.152 0.156 0.168 0.150 0.156 0.145 0.161 0.128 0.167 0.161 0.157 0.147 0.142 0.138 0.145 0.176 0.152 0.155 0.145 0.162 0.156 0.140 0.151 0.130 0.174 0.158 0.154 0.142 0.159 0.156 0.127 0.148 0.141 0.182 0.155 0.146 0.154 0.157 0.159 0.134 0.153 0.142 0.157 0.137 0.152 0.166 0.141 0.138 0.130 0.156 0.133 0.149 0.147 0.150 0.152 0.135 0.159 0.151 0.148 0.155 0.149 0.151 0.139 0.148 0.138 0.175 0.132 0.157 0.136 0.152 0.160 0.139 0.152 0.126 0.151 0.152 0.150 0.146 0.148 0.149 0.152 0.164 0.152 0.159 0.152 0.179 0.174 0.168 0.192 0.192
MOVE_DONE,OPEN_RESET_FORWARD,STEPS_FINISHED,current,0.163 0.133 0.144 0.144 0.171 0.121 0.144 0.149 0.154 0.162 0.137 0.171 0.142 0.169 0.155 0.188 0.160 0.159 0.168 0.153 0.147 0.128 0.163 0.150 0.176 0.176 0.159 0.158 0.137 0.162 0.138 0.142 0.132 0.177 0.142 0.143 0.154 0.132 0.153 0.122 0.157 0.168 0.162 0.136 0.129 0.150 0.146 0.162 0.142 0.150 0.145 0.140 0.144 0.151 0.170 0.131 0.159 0.134 0.188 0.138 0.135 0.153 0.138 0.163 0.132 0.142 0.131 0.172 0.140 0.139 0.153 0.133 0.169 0.131 0.167 0.136 0.150 0.141 0.127 0.157 0.144 0.167 0.147 0.175 0.151 0.146 0.161 0.149 0.179 0.139 0.144 0.122 0.148 0.136 0.144 0.164 0.150 0.178 0.126 0.153 0.157 0.177 0.164 0.145 0.172 0.141 0.163 0.133 0.181 0.163 0.147 0.167 0.130 0.156 0.144 0.170 0.135 0.150 0.154 0.166 0.144 0.144 0.167 0.139 0.155 0.125 0.159 0.163 0.163 0.176 0.142 0.151 0.126 0.138 0.136 0.166 0.159 0.136 0.141 0.136 0.166 0.129 0.166 0.158 0.154 0.138 0.131 0.149 0.148 0.169 0.143 0.152 0.153 0.143 0.144 0.139 0.158 0.141 0.148 0.139 0.145 0.137 0.166 0.177 0.131 0.160 0.142 0.141 0.128 0.162 0.170 0.140 0.162 0.134 0.157 0.130 0.137 0.144 0.152 0.140 0.136 0.150 0.139 0.161 0.140 0.161 0.136 0.145 0.134 0.147 0.176 0.142 0.154 0.133
MOVE_DONE,CLOSE,STALL,current,0.164 0.139 0.152 0.139 0.174 0.133 0.156 0.176 0.152 0.173 0.129 0.152 0.133 0.189 0.165 0.140 0.146 0.143 0.149 0.126 0.146 0.140 0.145 0.139 0.137 0.144 0.137 0.148 0.134 0.152 0.155 0.143 0.142 0.130 0.159 0.128 0.143 0.119 0.177 0.170 0.138 0.136 0.147 0.170 0.137 0.158 0.129 0.185 0.140 0.136 0.172 0.138 0.155 0.137 0.164 0.139 0.170 0.135 0.133 0.150 0.150 0.145 0.132 0.179 0.162 0.141 0.136 0.152 0.143 0.130 0.158 0.150 0.149 0.139 0.166 0.170 0.137 0.168 0.137 0.149 0.125 0.143 0.138 0.161 0.165 0.140 0.166 0.133 0.137 0.132 0.180 0.139 0.134 0.149 0.150 0.172 0.143 0.177 0.162 0.145 0.142 0.136 0.152 0.144 0.139 0.142 0.151 0.163 0.163 0.173 0.152 0.147 0.126 0.152 0.135 0.155 0.140 0.164 0.170 0.132 0.149 0.135 0.182 0.129 0.148 0.155 0.137 0.140 0.133 0.149 0.128 0.151 0.159 0.169 0.133 0.145 0.164 0.152 0.137 0.133 0.154 0.143 0.135 0.144 0.138 0.171 0.130 0.149 0.128 0.149 0.136 0.158 0.172 0.130 0.154 0.139 0.142 0.140 0.148 0.142 0.132 0.147 0.126 0.153 0.129 0.181 0.151 0.147 0.143 0.148 0.145 0.146 0.150 0.118 0.169 0.164 0.148 0.148 0.132 0.159 0.144 0.167 0.141 0.153 0.141 0.162 0.165 0.137 0.176 0.139 0.172 0.131 0.183 0.138 0.131 0.145 0.150 0.167 0.134 0.143 0.149 0.142 0.143 0.131 0.146 0.143 0.173 0.136 0.164 0.136 0.174 0.142 0.138 0.157 0.137 0.151 0.120 0.144 0.155 0.151 0.160 0.132 0.148 0.140 0.173 0.151 0.175 0.144 0.135 0.138 0.151 0.152 0.129 0.174 0.158 0.154 0.163 0.152 0.144 0.138 0.157 0.128 0.145 0.141 0.139 0.136 0.150 0.169 0.138 0.169 0.137 0.154 0.137 0.167 0.172 0.138 0.147 0.128 0.148 0.133 0.158 0.167 0.139 0.137 0.127 0.161 0.141 0.171 0.129 0.155 0.141 0.130 0.146 0.149 0.172 0.143 0.161 0.136 0.152 0.144 0.139 0.168 0.135 0.152 0.132 0.172 0.144 0.135 0.147 0.146 0.162 0.142 0.142 0.131 0.167 0.157 0.133 0.152 0.126 0.157 0.133 0.172 0.155 0.165 0.142 0.141 0.146 0.145 0.178 0.140 0.145 0.147 0.153 0.141 0.137 0.152 0.141 0.159 0.144 0.151 0.152 0.152 0.136 0.148 0.172 0.134 0.147 0.121 0.188 0.171 0.149 0.143 0.131 0.152 0.132 0.170 0.150 0.149 0.139 0.141 0.161 0.132 0.166 0.135 0.174 0.135 0.145 0.152 0.138 0.171 0.134 0.159 0.142 0.147 0.133 0.179 0.161 0.133 0.157 0.137 0.151 0.128 0.154 0.147 0.138 0.150 0.131 0.156 0.142 0.172 0.144 0.152 0.150 0.141 0.171 0.138 0.156 0.136 0.180 0.156 0.152 0.145 0.155 0.176 0.139 0.154 0.135 0.151 0.148 0.158 0.157 0.140 0.165 0.137 0.182 0.157 0.164 0.159 0.176 0.159 0.146 0.166 0.155 0.186 0.163 0.185 0.186 0.144 0.177 0.150 0.177 0.147 0.185 0.184 0.185 0.189 0.157 0.169 0.168 0.187 0.167 0.199
MOVE_DONE,OPEN,STEPS_FINISHED,current,0.154 0.179 0.177 0.157 0.150 0.156 0.170 0.151 0.154 0.144 0.177 0.162 0.154 0.151 0.154 0.173 0.155 0.163 0.145 0.168 0.169 0.162 0.148 0.134 0.181 0.161 0.154 0.143 0.167 0.165 0.153 0.139 0.128 0.179 0.145 0.155 0.146 0.166 0.158 0.143 0.147 0.126 0.177 0.152 0.156 0.142 0.169 0.163 0.139 0.141 0.128 0.188 0.152 0.164 0.154 0.156 0.140 0.139 0.165 0.150 0.152 0.136 0.168 0.157 0.153 0.136 0.134 0.169 0.152 0.151 0.140 0.171 0.155 0.157 0.162 0.136 0.156 0.140 0.175 0.158 0.148 0.147 0.153 0.154 0.143 0.162 0.160 0.150 0.136 0.154 0.162 0.130 0.150 0.137 0.166 0.139 0.146 0.167 0.145 0.134 0.139 0.158 0.134 0.158 0.143 0.171 0.156 0.146 0.150 0.130 0.177 0.145 0.154 0.141 0.167 0.142 0.144 0.148 0.135 0.154 0.144 0.157 0.136 0.152 0.167 0.138 0.132 0.144 0.185 0.142 0.165 0.151 0.152 0.134 0.134 0.168 0.137 0.158 0.149 0.147 0.139 0.161 0.161 0.140 0.152 0.133 0.171 0.154 0.154 0.151 0.157 0.137 0.127 0.163 0.134 0.156 0.158 0.145 0.157 0.139 0.146 0.137 0.164 0.147 0.146 0.146 0.153 0.150 0.132 0.150 0.144 0.165 0.139 0.150 0.151 0.143 0.146 0.134 0.159 0.140 0.160 0.145 0.149 0.149 0.144 0.161 0.138 0.162 0.139 0.160 0.146 0.149 0.136 0.147 0.162 0.140 0.182 0.142 0.169 0.156 0.155 0.149 0.137 0.157 0.142 0.160 0.137 0.165 0.162 0.147 0.139 0.132 0.168 0.136 0.154 0.157 0.150 0.155 0.152 0.129 0.127 0.170 0.149 0.149 0.142 0.171 0.161 0.148 0.149 0.128 0.178 0.149 0.151 0.145 0.167 0.157 0.141 0.142 0.129 0.179 0.152 0.147 0.145 0.158 0.166 0.140 0.164 0.136 0.167 0.132 0.148 0.150 0.164 0.155 0.130 0.156 0.140 0.171 0.137 0.151 0.141 0.142 0.142 0.131 0.178 0.132 0.150 0.142 0.171 0.155 0.139 0.147 0.149 0.148 0.145 0.149 0.160 0.159 0.151 0.138 0.146 0.138 0.165 0.145 0.142 0.149 0.157 0.158 0.119 0.147 0.163 0.149 0.142 0.147 0.155 0.156 0.144 0.125 0.158 0.158 0.174 0.153 0.154 0.143 0.144 0.159 0.144 0.153 0.134 0.167 0.159 0.145 0.147 0.141 0.165
MOVE_DONE,OPEN_RESET,STALL,current,0.139 0.166 0.138 0.151 0.144 0.147 0.147 0.129 0.139 0.142 0.181 0.137 0.151 0.163 0.149 0.155 0.137 0.151 0.135 0.164 0.156 0.153 0.145 0.158 0.152 0.129 0.155 0.142 0.180 0.154 0.148 0.148 0.147 0.157 0.134 0.163 0.157 0.165 0.164 0.145 0.147 0.128 0.152 0.142 0.160 0.145 0.148 0.151 0.147 0.143 0.137 0.154 0.139 0.161 0.145 0.142 0.146 0.146 0.146 0.135 0.156 0.145 0.160 0.145 0.146 0.151 0.144 0.145 0.133 0.162 0.147 0.170 0.137 0.155 0.153 0.144 0.137 0.145 0.177 0.132 0.155 0.142 0.143 0.144 0.137 0.168 0.145 0.154 0.141 0.171 0.154 0.144 0.145 0.125 0.168 0.154 0.153 0.137 0.166 0.159 0.149 0.142 0.128 0.188 0.153 0.145 0.136 0.167 0.158 0.136 0.144 0.147 0.189 0.152 0.149 0.145 0.168 0.156 0.137 0.151 0.132 0.181 0.149 0.166 0.143 0.141 0.148 0.138 0.151 0.142 0.155 0.145 0.150 0.146 0.147 0.147 0.131 0.160 0.148 0.161 0.140 0.147 0.154 0.142 0.145 0.135 0.166 0.140 0.146 0.146 0.161 0.160 0.132 0.137 0.146 0.159 0.135 0.153 0.148 0.161 0.155 0.140 0.151 0.135 0.176 0.160 0.154 0.146 0.156 0.160 0.135 0.151 0.141 0.179 0.152 0.141 0.154 0.155 0.157 0.142 0.161 0.142 0.169 0.153 0.165 0.143 0.135 0.134 0.143 0.185 0.140 0.150 0.153 0.150 0.146 0.136 0.175 0.140 0.151 0.147 0.172 0.163 0.147 0.146 0.128 0.167 0.146 0.152 0.148 0.166 0.157 0.147 0.165 0.120 0.181 0.158 0.154 0.136 0.169 0.159 0.142 0.141 0.136 0.180 0.160 0.153 0.145 0.166 0.157 0.137 0.152 0.153 0.166 0.134 0.152 0.148 0.159 0.161 0.135 0.154 0.136 0.178 0.158 0.148 0.161 0.137 0.152 0.140 0.154 0.142 0.174 0.157 0.148 0.148 0.151 0.156 0.147 0.160 0.140 0.168 0.155 0.157 0.146 0.137 0.166 0.152 0.155 0.138 0.167 0.162 0.149 0.144 0.132 0.171 0.149 0.154 0.136 0.170 0.156 0.146 0.148 0.126 0.176 0.152 0.176 0.143 0.154 0.168 0.147 0.160 0.137 0.157 0.148 0.170 0.172 0.162 0.165 0.152 0.161 0.188 0.208 0.208 0.011 0.181 0.250 0.169 0.045 0.130 0.155 0.009 0.192 0.150 0.166 0.231 0.190 0.035 0.083 0.179 0.011 0.169 0.194 0.163 0.160 0.174 0.072 0.052 0.187 0.038 0.170 0.240 0.164 0.097 0.163 0.114 0.020 0.190 0.079 0.165 0.244 0.176 0.042 0.134 0.153 0.007 0.184 0.126 0.164 0.234 0.180 0.029 0.092 0.180 0.008 0.174 0.186 0.166 0.175 0.177
MOVE_DONE,OPEN_RESET_FORWARD,STEPS_FINISHED,current,0.141 0.153 0.128 0.166 0.146 0.167 0.131 0.185 0.172 0.142 0.140 0.151 0.152 0.133 0.161 0.137 0.161 0.165 0.132 0.150 0.150 0.167 0.138 0.153 0.141 0.179 0.175 0.133 0.161 0.132 0.173 0.145 0.192 0.150 0.155 0.173 0.130 0.154 0.145 0.180 0.153 0.148 0.147 0.166 0.160 0.153 0.150 0.130 0.145 0.132 0.144 0.150 0.138 0.172 0.138 0.145 0.119 0.145 0.139 0.175 0.158 0.134 0.166 0.145 0.167 0.145 0.163 0.140 0.137 0.147 0.134 0.172 0.135 0.140 0.128 0.157 0.163 0.159 0.163 0.142 0.152 0.137 0.153 0.152 0.187 0.169 0.134 0.161 0.136 0.156 0.126 0.182 0.165 0.154 0.157 0.156 0.148 0.141 0.168 0.143 0.154 0.139 0.144 0.144 0.130 0.160 0.143 0.163 0.129 0.151 0.143 0.167 0.173 0.132 0.151 0.139 0.164 0.148 0.155 0.172 0.129 0.149 0.152 0.166 0.130 0.184 0.160 0.145 0.143 0.152 0.175 0.138 0.159 0.125 0.143 0.134 0.143 0.148 0.132 0.152 0.124 0.154 0.124 0.158 0.140 0.145 0.150 0.129 0.153 0.140 0.171 0.144 0.149 0.140 0.133 0.138 0.151 0.174 0.131 0.151 0.133 0.180 0.167 0.153 0.145 0.141 0.136 0.125 0.145 0.145 0.149 0.160 0.154 0.146 0.144 0.144 0.130 0.154 0.165 0.142 0.142 0.146 0.174 0.145 0.177 0.139 0.152 0.142 0.160 0.170 0.134 0.159 0.131 0.169
MOVE_DONE,CLOSE,STALL,current,0.128 0.166 0.136 0.153 0.172 0.152 0.157 0.142 0.171 0.133 0.150 0.131 0.148 0.144 0.144 0.172 0.136 0.151 0.121 0.186 0.167 0.137 0.136 0.138 0.158 0.122 0.146 0.133 0.153 0.142 0.139 0.147 0.137 0.156 0.127 0.156 0.163 0.173 0.139 0.140 0.154 0.125 0.146 0.130 0.140 0.150 0.145 0.138 0.149 0.174 0.151 0.141 0.131 0.150 0.153 0.140 0.144 0.151 0.176 0.141 0.149 0.154 0.185 0.161 0.158 0.144 0.129 0.161 0.140 0.148 0.159 0.149 0.168 0.131 0.148 0.145 0.166 0.147 0.163 0.136 0.178 0.171 0.132 0.151 0.150 0.149 0.126 0.154 0.142 0.162 0.166 0.133 0.157 0.144 0.168 0.129 0.149 0.145 0.142 0.159 0.152 0.142 0.131 0.180 0.133 0.149 0.140 0.154 0.165 0.135 0.153 0.141 0.142 0.140 0.159 0.174 0.126 0.155 0.133 0.161 0.140 0.148 0.142 0.159 0.133 0.147 0.152 0.142 0.168 0.138 0.152 0.142 0.157 0.177 0.150 0.167 0.132 0.147 0.132 0.167 0.135 0.145 0.159 0.136 0.169 0.137 0.167 0.164 0.177 0.163 0.129 0.154 0.143 0.174 0.137 0.155 0.145 0.149 0.158 0.129 0.148 0.129 0.145 0.123 0.178 0.147 0.137 0.150 0.138 0.164 0.141 0.172 0.123 0.185 0.165 0.140 0.146 0.146 0.149 0.135 0.157 0.130 0.153 0.140 0.139 0.164 0.129 0.166 0.139 0.144 0.136 0.163 0.136 0.133 0.151 0.147 0.139 0.128 0.157 0.173 0.144 0.153 0.141 0.167 0.139 0.168 0.154 0.161 0.164 0.134 0.144 0.143 0.153 0.141 0.181 0.148 0.151 0.145 0.150 0.169 0.139 0.165 0.122 0.152 0.143 0.186 0.159 0.150 0.174 0.136 0.151 0.122 0.180 0.139 0.147 0.162 0.131 0.156 0.142 0.173 0.143 0.149 0.137 0.150 0.139 0.130 0.153 0.127 0.146 0.129 0.169 0.149 0.143 0.168 0.133 0.155 0.125 0.168 0.161 0.153 0.137 0.149 0.149 0.149 0.164 0.141 0.144 0.136 0.156 0.138 0.134 0.151 0.128 0.156 0.152 0.166 0.170 0.164 0.151 0.141 0.160 0.144 0.136 0.130 0.160 0.167 0.130 0.140 0.147 0.174 0.133 0.151 0.151 0.149 0.142 0.146 0.172 0.134 0.152 0.126 0.186 0.134 0.174 0.165 0.137 0.144 0.141 0.175 0.139 0.148 0.143 0.144 0.140 0.147 0.183 0.130 0.149 0.131 0.151 0.149 0.144 0.176 0.140 0.162 0.136 0.157 0.135 0.146 0.141 0.141 0.166 0.142 0.149 0.144 0.176 0.150 0.139 0.143 0.151 0.176 0.142 0.165 0.136 0.144 0.139 0.147 0.145 0.140 0.163 0.149 0.144 0.125 0.146 0.143 0.160 0.169 0.133 0.156 0.133 0.179 0.155 0.147 0.138 0.138 0.146 0.123 0.146 0.128 0.158 0.161 0.142 0.142 0.152 0.168 0.131 0.158 0.123 0.148 0.149 0.175 0.170 0.133 0.154 0.140 0.182 0.154 0.193 0.169 0.137 0.149 0.147 0.190 0.136 0.174 0.151 0.189 0.171 0.145 0.160 0.155 0.157 0.151 0.192 0.180 0.164 0.151 0.174 0.172 0.150 0.170 0.164 0.155 0.161 0.194 0.153 0.166 0.221 0.167 0.161 0.151 0.164 0.193 0.175 0.184 0.178
MOVE_DONE,OPEN,STEPS_FINISHED,current,0.175 0.148 0.188 0.180 0.157 0.146 0.168 0.170 0.148 0.148 0.138 0.189 0.158 0.154 0.148 0.165 0.167 0.151 0.150 0.136 0.186 0.163 0.161 0.140 0.157 0.167 0.145 0.152 0.148 0.177 0.158 0.147 0.155 0.152 0.145 0.133 0.167 0.155 0.151 0.141 0.172 0.158 0.138 0.147 0.131 0.189 0.149 0.147 0.151 0.166 0.155 0.138 0.145 0.134 0.187 0.154 0.165 0.147 0.150 0.137 0.124 0.154 0.142 0.161 0.135 0.153 0.148 0.157 0.154 0.137 0.157 0.141 0.169 0.139 0.149 0.150 0.139 0.137 0.142 0.181 0.141 0.150 0.142 0.148 0.147 0.138 0.152 0.138 0.160 0.144 0.147 0.147 0.149 0.149 0.132 0.158 0.145 0.163 0.142 0.149 0.152 0.139 0.142 0.133 0.164 0.141 0.152 0.146 0.151 0.144 0.141 0.150 0.141 0.160 0.144 0.152 0.141 0.145 0.150 0.138 0.147 0.142 0.164 0.146 0.143 0.145 0.150 0.144 0.132 0.156 0.147 0.153 0.142 0.149 0.152 0.142 0.143 0.137 0.162 0.155 0.176 0.146 0.167 0.146 0.140 0.150 0.126 0.150 0.149 0.169 0.140 0.164 0.158 0.143 0.142 0.131 0.154 0.140 0.146 0.146 0.150 0.144 0.128 0.146 0.134 0.153 0.141 0.149 0.150 0.141 0.144 0.136 0.158 0.139 0.155 0.144 0.152 0.147 0.142 0.151 0.135 0.158 0.146 0.155 0.145 0.144 0.152 0.140 0.144 0.141 0.163 0.145 0.144 0.142 0.152 0.146 0.134 0.149 0.141 0.154 0.138 0.148 0.153 0.142 0.145 0.136 0.158 0.139 0.156 0.142 0.151 0.145 0.139 0.148 0.136 0.156 0.146 0.158 0.147 0.146 0.152 0.138 0.144 0.134 0.160 0.145 0.146 0.147 0.150 0.162 0.137 0.151 0.131 0.162 0.139 0.149 0.143 0.146 0.159 0.131 0.160 0.151 0.153 0.133 0.159 0.166 0.152 0.147 0.134 0.156 0.149 0.150 0.166 0.143 0.150 0.148 0.156 0.132 0.158 0.141 0.165 0.153 0.149 0.152 0.143 0.169 0.144 0.156 0.138 0.158 0.162 0.147 0.143 0.133 0.170 0.154 0.154 0.138 0.148 0.151 0.139 0.148 0.126 0.163 0.150 0.154 0.161 0.149 0.164 0.150 0.148 0.121 0.165 0.157 0.147 0.141 0.148 0.154 0.145 0.159 0.136 0.165 0.138 0.146 0.149 0.152 0.144 0.134 0.153 0.145 0.160 0.136 0.158 0.167
MOVE_DONE,OPEN_RESET,STALL,current,0.143 0.153 0.124 0.153 0.154 0.157 0.141 0.146 0.151 0.151 0.133 0.137 0.142 0.138 0.151 0.146 0.151 0.146 0.151 0.151 0.123 0.160 0.160 0.156 0.144 0.163 0.152 0.147 0.157 0.128 0.166 0.146 0.147 0.149 0.160 0.156 0.137 0.157 0.132 0.175 0.162 0.163 0.164 0.148 0.158 0.129 0.153 0.151 0.146 0.145 0.166 0.149 0.148 0.145 0.135 0.157 0.148 0.153 0.143 0.147 0.152 0.142 0.146 0.137 0.157 0.139 0.145 0.153 0.152 0.153 0.136 0.152 0.145 0.155 0.142 0.148 0.152 0.148 0.142 0.137 0.152 0.140 0.161 0.143 0.147 0.150 0.143 0.148 0.133 0.154 0.143 0.157 0.138 0.150 0.149 0.143 0.147 0.140 0.166 0.140 0.150 0.150 0.153 0.156 0.136 0.154 0.146 0.150 0.135 0.155 0.140 0.142 0.146 0.137 0.159 0.152 0.172 0.144 0.154 0.135 0.147 0.162 0.127 0.150 0.150 0.149 0.141 0.158 0.162 0.140 0.142 0.128 0.178 0.155 0.153 0.141 0.171 0.159 0.136 0.165 0.140 0.154 0.140 0.147 0.149 0.150 0.145 0.138 0.155 0.139 0.158 0.144 0.150 0.152 0.143 0.149 0.137 0.152 0.144 0.159 0.146 0.144 0.153 0.146 0.144 0.133 0.164 0.147 0.153 0.140 0.152 0.155 0.139 0.146 0.141 0.161 0.143 0.149 0.150 0.152 0.149 0.136 0.153 0.138 0.160 0.145 0.149 0.150 0.142 0.149 0.139 0.152 0.143 0.158 0.146 0.143 0.152 0.148 0.140 0.125 0.190 0.148 0.155 0.141 0.168 0.162 0.142 0.146 0.133 0.170 0.153 0.149 0.152 0.159 0.158 0.137 0.151 0.132 0.181 0.152 0.153 0.146 0.161 0.157 0.142 0.147 0.133 0.151 0.140 0.145 0.151 0.147 0.144 0.133 0.161 0.149 0.152 0.139 0.150 0.152 0.141 0.147 0.141 0.164 0.140 0.150 0.148 0.147 0.148 0.136 0.153 0.142 0.158 0.145 0.149 0.148 0.145 0.149 0.139 0.151 0.144 0.162 0.140 0.145 0.146 0.149 0.144 0.133 0.158 0.147 0.159 0.142 0.151 0.153 0.138 0.141 0.139 0.165 0.144 0.149 0.148 0.152 0.148 0.136 0.152 0.140 0.156 0.145 0.150 0.143 0.141 0.154 0.145 0.148 0.139 0.188 0.168 0.163 0.161 0.186
MOVE_DONE,OPEN_RESET_FORWARD,STEPS_FINISHED,current,0.151 0.144 0.166 0.135 0.152 0.133 0.168 0.139 0.133 0.156 0.129 0.149 0.133 0.154 0.132 0.168 0.164 0.125 0.147 0.147 0.172 0.125 0.143 0.155 0.143 0.136 0.150 0.172 0.137 0.136 0.137 0.154 0.135 0.142 0.146 0.130 0.184 0.132 0.142 0.142 0.156 0.163 0.138 0.148 0.128 0.148 0.125 0.142 0.138 0.152 0.164 0.137 0.141 0.145 0.171 0.151 0.166 0.137 0.177 0.142 0.146 0.151 0.127 0.157 0.145 0.146 0.144 0.134 0.142 0.140 0.150 0.120 0.145 0.143 0.158 0.161 0.133 0.145 0.150 0.143 0.134 0.161 0.156 0.145 0.138 0.152 0.169 0.134 0.166 0.129 0.162 0.133 0.171 0.143 0.129 0.148 0.130 0.150 0.128 0.148 0.147 0.169 0.155 0.147 0.172 0.136 0.147 0.130 0.170 0.142 0.136 0.140 0.132 0.153 0.130 0.180 0.148 0.149 0.141 0.150 0.171 0.148 0.142 0.136 0.168 0.134 0.176 0.170 0.131 0.152 0.124 0.157 0.139 0.173 0.169 0.170 0.167 0.124 0.151 0.142 0.141 0.136 0.149 0.144 0.144 0.155 0.149 0.147 0.133 0.144 0.130 0.179 0.174 0.152 0.142 0.154 0.147 0.123 0.144 0.139 0.174 0.171 0.146 0.167 0.137 0.146 0.120 0.179 0.170 0.163 0.160 0.156 0.145 0.125 0.152 0.128 0.150 0.159 0.161 0.139 0.145 0.176 0.130 0.149 0.132 0.155 0.166 0.153 0.158 0.153 0.149 0.137 0.151 0.154
MOVE_DONE,CLOSE,STALL,current,0.143 0.162 0.151 0.176 0.132 0.152 0.139 0.172 0.167 0.162 0.142 0.143 0.168 0.134 0.152 0.129 0.188 0.172 0.131 0.148 0.129 0.163 0.142 0.174 0.153 0.152 0.135 0.146 0.172 0.143 0.173 0.139 0.148 0.147 0.143 0.138 0.128 0.152 0.129 0.144 0.131 0.155 0.164 0.162 0.166 0.139 0.152 0.135 0.145 0.129 0.173 0.167 0.143 0.142 0.135 0.167 0.136 0.171 0.150 0.154 0.145 0.135 0.153 0.139 0.174 0.140 0.147 0.133 0.146 0.138 0.145 0.172 0.139 0.157 0.137 0.167 0.142 0.177 0.161 0.136 0.153 0.138 0.168 0.127 0.191 0.166 0.140 0.142 0.135 0.151 0.133 0.172 0.162 0.173 0.163 0.155 0.140 0.143 0.173 0.138 0.151 0.135 0.170 0.141 0.149 0.167 0.135 0.156 0.127 0.151 0.166 0.172 0.159 0.138 0.174 0.133 0.154 0.122 0.189 0.170 0.141 0.137 0.149 0.151 0.128 0.169 0.154 0.153 0.136 0.157 0.145 0.139 0.158 0.128 0.143 0.133 0.152 0.165 0.155 0.146 0.127 0.151 0.124 0.177 0.135 0.179 0.172 0.137 0.149 0.136 0.145 0.123 0.158 0.167 0.146 0.152 0.136 0.171 0.131 0.170 0.139 0.154 0.136 0.153 0.134 0.137 0.164 0.131 0.146 0.133 0.188 0.165 0.127 0.155 0.132 0.156 0.138 0.179 0.131 0.171 0.163 0.137 0.150 0.140 0.142 0.136 0.158 0.165 0.144 0.142 0.136 0.172 0.144 0.176 0.137 0.147 0.141 0.159 0.170 0.141 0.175 0.136 0.149 0.131 0.181 0.168 0.131 0.151 0.130 0.156 0.132 0.173 0.161 0.143 0.159 0.152 0.149 0.152 0.140 0.123 0.147 0.140 0.145 0.163 0.132 0.148 0.141 0.176 0.140 0.152 0.134 0.169 0.171 0.150 0.176 0.134 0.152 0.127 0.170 0.144 0.151 0.169 0.132 0.156 0.129 0.175 0.158 0.150 0.143 0.127 0.154 0.149 0.168 0.145 0.177 0.142 0.142 0.137 0.151 0.183 0.141 0.162 0.139 0.154 0.141 0.163 0.169 0.155 0.168 0.138 0.163 0.133 0.174 0.173 0.137 0.151 0.128 0.158 0.135 0.166 0.155 0.147 0.150 0.127 0.144 0.151 0.173 0.145 0.179 0.158 0.156 0.165 0.134 0.154 0.144 0.168 0.138 0.155 0.139 0.161 0.171 0.139 0.166 0.130 0.150 0.130 0.181 0.164 0.149 0.171 0.127 0.149 0.137 0.175 0.152 0.147 0.166 0.131 0.146 0.145 0.170 0.128 0.170 0.162 0.157 0.173 0.134 0.173 0.139 0.152 0.136 0.144 0.139 0.140 0.145 0.136 0.164 0.142 0.166 0.157 0.180 0.161 0.148 0.162 0.156 0.163 0.135 0.144 0.140 0.151 0.137 0.154 0.172 0.150 0.149 0.131 0.152 0.132 0.176 0.172 0.143 0.171 0.138 0.152 0.117 0.186 0.174 0.176 0.166 0.130 0.156 0.142 0.168 0.129 0.183 0.172 0.134 0.142 0.153 0.168 0.142 0.170 0.138 0.167 0.174 0.164 0.178 0.159 0.151 0.138 0.181 0.156 0.153 0.156 0.152 0.155 0.160 0.179 0.158 0.164 0.148 0.187 0.174 0.139 0.171 0.160 0.174 0.140 0.165 0.167 0.178 0.163 0.161
MOVE_DONE,OPEN,STEPS_FINISHED,current,0.154 0.147 0.183 0.166 0.142 0.148 0.136 0.189 0.159 0.156 0.146 0.167 0.166 0.149 0.148 0.131 0.188 0.163 0.160 0.142 0.158 0.167 0.145 0.144 0.138 0.189 0.148 0.150 0.154 0.170 0.157 0.134 0.149 0.136 0.176 0.152 0.155 0.145 0.161 0.159 0.144 0.156 0.136 0.169 0.158 0.153 0.150 0.150 0.140 0.125 0.171 0.159 0.150 0.157 0.160 0.152 0.138 0.145 0.136 0.165 0.145 0.144 0.149 0.154 0.145 0.132 0.153 0.143 0.157 0.140 0.148 0.151 0.144 0.141 0.136 0.152 0.139 0.160 0.145 0.142 0.146 0.145 0.148 0.137 0.155 0.144 0.154 0.138 0.150 0.153 0.138 0.143 0.134 0.165 0.147 0.149 0.144 0.152 0.144 0.134 0.150 0.142 0.157 0.158 0.162 0.154 0.154 0.146 0.135 0.153 0.129 0.147 0.143 0.144 0.145 0.146 0.149 0.141 0.147 0.136 0.149 0.140 0.152 0.155 0.151 0.142 0.145 0.155 0.142 0.149 0.145 0.150 0.146 0.132 0.147 0.144 0.163 0.138 0.145 0.148 0.141 0.145 0.138 0.158 0.143 0.159 0.143 0.161 0.161 0.143 0.147 0.125 0.174 0.145 0.153 0.140 0.153 0.139 0.149 0.144 0.142 0.158 0.160 0.149 0.145 0.160 0.168 0.131 0.145 0.128 0.155 0.142 0.144 0.153 0.150 0.146 0.132 0.152 0.161 0.156 0.153 0.148 0.149 0.142 0.146 0.136 0.157 0.141 0.161 0.143 0.144 0.149 0.149 0.156 0.142 0.178 0.148 0.168 0.144 0.160 0.140 0.141 0.143 0.133 0.166 0.131 0.167 0.161 0.154 0.141 0.139 0.164 0.142 0.156 0.142 0.171 0.141 0.145 0.147 0.142 0.152 0.138 0.161 0.145 0.146 0.153 0.147 0.148 0.132 0.161 0.146 0.152 0.142 0.151 0.152 0.140 0.146 0.140 0.164 0.142 0.152 0.147 0.151 0.148 0.139 0.150 0.137 0.156 0.145 0.149 0.142 0.144 0.148 0.138 0.153 0.145 0.163 0.138 0.144 0.150 0.148 0.154 0.138 0.181 0.141 0.152 0.141 0.150 0.148 0.139 0.160 0.142 0.149 0.150 0.148 0.144 0.161 0.158 0.140 0.166 0.142 0.176 0.141 0.156 0.136 0.152 0.164 0.131 0.144 0.152 0.187 0.152 0.151 0.145 0.163 0.159 0.136 0.155 0.140 0.166 0.155 0.150 0.154 0.154 0.161 0.138 0.162 0.139 0.166 0.141 0.161 0.156 0.140 0.146
MOVE_DONE,OPEN_RESET,STALL,current,0.142 0.153 0.142 0.149 0.153 0.144 0.146 0.138 0.165 0.145 0.153 0.143 0.144 0.146 0.141 0.153 0.141 0.163 0.145 0.161 0.162 0.159 0.152 0.141 0.147 0.152 0.160 0.161 0.162 0.160 0.160
MOVE_DONE,OPEN_RESET_FORWARD,STEPS_FINISHED,current,0.170 0.151 0.162 0.129 0.150 0.138 0.150 0.167 0.137 0.153 0.132 0.156 0.131 0.157 0.165 0.148 0.135 0.150 0.180 0.141 0.161 0.136 0.153 0.141 0.161 0.170 0.142 0.160 0.132 0.163 0.160 0.175 0.161 0.133 0.152 0.128 0.158 0.133 0.180 0.153 0.151 0.149 0.128 0.144 0.150 0.173 0.132 0.150 0.142 0.170 0.168 0.152 0.144 0.133 0.154 0.141 0.181 0.135 0.143 0.150 0.126 0.156 0.141 0.172 0.132 0.148 0.143 0.142 0.144 0.151 0.176 0.133 0.146 0.134 0.188 0.142 0.147 0.169 0.132 0.154 0.124 0.183 0.162 0.136 0.139 0.130 0.145 0.140 0.164 0.147 0.159 0.159 0.140 0.151 0.132 0.147 0.139 0.170 0.144 0.148 0.141 0.163 0.166 0.128 0.150 0.133 0.173 0.133 0.147 0.141 0.130 0.147 0.132 0.147 0.124 0.171 0.156 0.142 0.139 0.141 0.155 0.147 0.160 0.144 0.153 0.134 0.171 0.175 0.139 0.146 0.130 0.157 0.139 0.182 0.162 0.144 0.141 0.147 0.152 0.139 0.180 0.144 0.150 0.151 0.128 0.144 0.142 0.154 0.134 0.184 0.136 0.182 0.137 0.136 0.159 0.138 0.159 0.125 0.148 0.147 0.149 0.161 0.131 0.145 0.144 0.174 0.127 0.185 0.164 0.138 0.139 0.142 0.168 0.143 0.136 0.135 0.153 0.139 0.152 0.168 0.141 0.156 0.132 0.139 0.145 0.178 0.137 0.127 0.157 0.134 0.149 0.123 0.165 0.166
MOVE_DONE,CLOSE,STALL,current,0.134 0.147 0.155 0.133 0.149 0.152 0.142 0.134 0.182 0.148 0.143 0.142 0.155 0.172 0.136 0.156 0.137 0.163 0.135 0.152 0.146 0.140 0.160 0.136 0.149 0.120 0.143 0.137 0.180 0.165 0.126 0.161 0.140 0.165 0.149 0.156 0.154 0.139 0.142 0.150 0.169 0.129 0.152 0.131 0.149 0.135 0.158 0.169 0.128 0.153 0.134 0.167 0.156 0.152 0.139 0.132 0.163 0.152 0.177 0.138 0.155 0.160 0.166 0.135 0.127 0.160 0.140 0.163 0.143 0.165 0.163 0.157 0.141 0.136 0.156 0.134 0.161 0.127 0.176 0.163 0.158 0.144 0.134 0.159 0.124 0.140 0.144 0.150 0.141 0.130 0.143 0.144 0.147 0.130 0.147 0.134 0.144 0.142 0.141 0.169 0.151 0.144 0.124 0.149 0.144 0.163 0.167 0.132 0.157 0.139 0.174 0.130 0.193 0.161 0.137 0.156 0.147 0.170 0.146 0.163 0.153 0.155 0.151 0.165 0.171 0.139 0.166 0.146 0.172 0.168 0.156 0.145 0.158 0.179 0.168 0.173 0.153 0.158 0.157 0.159 0.148 0.161 0.184 0.152 0.178 0.168 0.200 0.157 0.175 0.181 0.161 0.186 0.169
MOVE_DONE,OPEN,STEPS_FINISHED,current,0.171 0.158 0.159 0.147 0.173 0.151 0.157 0.147 0.173 0.159 0.155 0.150 0.134 0.181 0.156 0.152 0.144 0.172 0.164 0.143 0.145 0.131 0.187 0.158 0.146 0.151 0.173 0.158 0.142 0.146 0.135 0.182 0.153 0.152 0.144 0.166 0.156 0.138 0.150 0.154 0.182 0.154 0.149 0.152 0.161 0.137 0.137 0.155 0.132 0.164 0.144 0.156 0.164 0.150 0.159 0.131 0.155 0.145 0.152 0.141 0.166 0.164 0.144 0.141 0.133 0.180 0.149 0.147 0.139 0.171 0.156 0.135 0.150 0.136 0.171 0.131 0.150 0.153 0.158 0.150 0.141 0.154 0.135 0.170 0.159 0.155 0.144 0.160 0.158 0.122 0.159 0.131 0.177 0.162 0.157 0.150 0.145 0.151 0.133 0.159 0.146 0.155 0.143 0.148 0.150 0.134 0.151 0.142 0.164 0.138 0.151 0.148 0.150 0.143 0.133 0.152 0.141 0.160 0.143 0.151 0.146 0.150 0.148 0.138 0.152 0.162 0.151 0.144 0.150 0.156 0.154 0.141 0.143 0.159 0.158 0.175 0.153 0.156 0.149 0.139 0.161 0.131 0.160 0.134 0.145 0.152 0.164 0.155 0.146 0.172 0.150 0.157 0.138 0.167 0.160 0.145 0.145 0.124 0.173 0.147 0.154 0.139 0.161 0.163 0.146 0.140 0.128 0.176 0.148 0.153 0.142 0.166 0.144 0.141 0.155 0.148 0.158 0.151 0.164 0.163 0.149 0.161 0.142 0.150 0.147 0.149 0.148 0.153 0.140 0.157 0.153 0.135 0.153 0.131 0.153 0.143 0.145 0.152 0.145 0.146 0.133 0.162 0.146 0.151 0.141 0.150 0.154 0.139 0.139 0.128 0.191 0.143 0.151 0.164 0.147 0.162 0.139 0.147 0.139 0.160 0.163 0.162 0.147 0.148 0.152 0.142 0.137 0.146 0.182 0.138 0.154 0.152 0.148 0.144 0.132 0.163 0.147 0.156 0.142 0.151 0.153 0.137 0.149 0.140 0.156 0.141 0.153 0.146 0.145 0.147 0.143 0.148 0.137 0.165 0.145 0.152 0.143 0.148 0.153 0.132 0.148 0.143 0.157 0.140 0.144 0.150 0.147 0.145 0.135 0.158 0.146 0.156 0.144 0.149 0.147 0.140 0.148 0.140 0.154 0.146 0.156 0.140 0.145 0.147 0.142 0.145 0.136 0.163 0.147 0.145 0.147 0.153 0.148 0.137 0.152 0.141 0.156 0.132 0.158 0.165 0.152 0.136 0.137 0.153 0.132 0.149 0.147 0.150 0.154 0.142 0.148 0.122 0.166 0.153 0.150
MOVE_DONE,OPEN_RESET,STALL,current,0.136 0.147 0.139 0.144 0.136 0.137 0.161 0.146 0.153 0.141 0.151 0.149 0.134 0.152 0.141 0.159 0.143 0.159 0.151 0.147 0.142 0.136 0.159 0.139 0.153 0.143 0.147 0.143 0.143 0.148 0.133 0.153 0.146 0.155 0.146 0.146 0.153 0.142 0.143 0.136 0.163 0.140 0.149 0.149 0.154 0.146 0.132 0.143 0.129 0.150 0.137 0.147 0.148 0.154 0.145 0.144 0.137 0.142 0.148 0.143 0.148 0.149 0.144 0.142 0.119 0.185 0.133 0.160 0.138 0.147 0.153 0.149 0.164 0.123 0.166 0.151 0.148 0.156 0.156 0.146 0.138 0.161 0.144 0.151 0.138 0.162 0.163 0.144 0.145 0.137 0.176 0.147 0.153 0.144 0.166 0.156 0.154 0.146 0.125 0.164 0.157 0.155 0.134 0.145 0.156 0.141 0.144 0.134 0.162 0.147 0.146 0.147 0.149 0.143 0.138 0.153 0.138 0.157 0.142 0.152 0.142 0.142 0.150 0.139 0.148 0.142 0.164 0.143 0.142 0.150 0.142 0.140 0.132 0.159 0.149 0.150 0.158 0.154 0.154 0.145 0.148 0.128 0.157 0.151 0.149 0.148 0.160 0.147 0.142 0.147 0.128 0.177 0.153 0.156 0.147 0.164 0.162 0.136 0.161 0.140 0.156 0.139 0.156 0.153 0.153 0.132 0.136 0.172 0.140 0.159 0.137 0.151 0.147 0.153 0.157 0.146 0.154 0.136 0.173 0.158 0.149 0.141 0.151 0.159 0.133 0.176 0.139 0.146 0.140 0.169 0.161 0.135 0.144 0.137 0.180 0.159 0.149 0.145 0.147 0.143 0.142 0.144 0.143 0.148 0.140 0.155 0.160 0.147 0.154 0.135 0.153 0.141 0.156 0.142 0.146 0.150 0.144 0.148 0.135 0.163 0.147 0.149 0.141 0.149 0.154 0.133 0.149 0.141 0.165 0.139 0.150 0.149 0.144 0.142 0.128 0.157 0.153 0.180 0.141 0.147 0.147 0.140 0.152 0.130 0.157 0.139 0.163 0.139 0.141 0.143 0.139 0.141 0.127 0.168 0.154 0.150 0.140 0.169 0.163 0.137 0.147 0.133 0.178 0.150 0.152 0.145 0.141 0.146 0.139 0.163 0.130 0.156 0.141 0.144 0.148 0.151 0.150 0.137 0.155 0.145 0.161 0.140 0.150 0.152 0.148 0.143 0.137 0.161 0.142 0.153 0.171 0.162 0.162 0.161 0.180
MOVE_DONE,OPEN_RESET_FORWARD,STEPS_FINISHED,current,0.172 0.142 0.138 0.146 0.144 0.170 0.124 0.154 0.165 0.171 0.141 0.138 0.156 0.134 0.154 0.138 0.169 0.134 0.177 0.167 0.138 0.155 0.133 0.163 0.125 0.145 0.152 0.139 0.135 0.130 0.151 0.129 0.158 0.139 0.152 0.137 0.132 0.151 0.150 0.170 0.132 0.176 0.132 0.179 0.173 0.138 0.159 0.130 0.154 0.134 0.160 0.149 0.149 0.140 0.131 0.145 0.132 0.140 0.131 0.148 0.139 0.159 0.136 0.131 0.163 0.136 0.162 0.126 0.182 0.164 0.138 0.156 0.154 0.143 0.128 0.156 0.150 0.163 0.142 0.139 0.143 0.145 0.173 0.137 0.151 0.162 0.172 0.139 0.150 0.142 0.136 0.148 0.118 0.143 0.146 0.149 0.166 0.128 0.157 0.143 0.168 0.146 0.157 0.168 0.136 0.148 0.153 0.176 0.139 0.157 0.151 0.150 0.141 0.142 0.139 0.141 0.154 0.123 0.139 0.137 0.186 0.165 0.130 0.158 0.147 0.162 0.146 0.175 0.140 0.144 0.142 0.139 0.175 0.140 0.172 0.153 0.168 0.133 0.172 0.177 0.133 0.152 0.137 0.151 0.126 0.183 0.168 0.134 0.153 0.133 0.148 0.128 0.157 0.149 0.148 0.138 0.146 0.176 0.141 0.164 0.128 0.153 0.137 0.167 0.142 0.135 0.171 0.132 0.151 0.127 0.163 0.134 0.142 0.147 0.142 0.161 0.143 0.171 0.143 0.149 0.140 0.161 0.141 0.142 0.164 0.130 0.150 0.134 0.144 0.156 0.156 0.149 0.144 0.161
MOVE_DONE,CLOSE,STALL,current,0.152 0.140 0.147 0.147 0.143 0.177 0.125 0.155 0.135 0.166 0.143 0.132 0.156 0.137 0.157 0.145 0.174 0.142 0.147 0.137 0.125 0.152 0.130 0.149 0.125 0.181 0.163 0.135 0.146 0.150 0.174 0.133 0.151 0.152 0.144 0.140 0.132 0.147 0.138 0.148 0.128 0.153 0.134 0.172 0.164 0.150 0.145 0.143 0.171 0.125 0.142 0.142 0.145 0.133 0.129 0.153 0.140 0.170 0.141 0.154 0.142 0.134 0.142 0.131 0.145 0.125 0.149 0.141 0.149 0.139 0.132 0.150 0.143 0.166 0.130 0.176 0.157 0.152 0.141 0.125 0.151 0.147 0.172 0.139 0.145 0.140 0.160 0.136 0.148 0.178 0.134 0.149 0.145 0.161 0.168 0.162 0.166 0.133 0.153 0.128 0.162 0.148 0.146 0.159 0.155 0.147 0.129 0.164 0.140 0.152 0.137 0.145 0.141 0.146 0.166 0.145 0.164 0.118 0.149 0.150 0.166 0.139 0.140 0.160 0.136 0.160 0.127 0.183 0.163 0.136 0.143 0.152 0.164 0.138 0.142 0.137 0.147 0.134 0.158 0.158 0.149 0.150 0.131 0.145 0.130 0.185 0.167 0.135 0.164 0.153 0.145 0.122 0.162 0.142 0.143 0.141 0.152 0.150 0.143 0.143 0.131 0.149 0.140 0.144 0.143 0.149 0.169 0.133 0.152 0.128 0.176 0.168 0.151 0.138 0.127 0.150 0.134 0.138 0.130 0.170 0.141 0.147 0.172 0.131 0.181 0.126 0.152 0.144 0.147 0.167 0.153 0.149 0.128 0.145 0.126 0.151 0.164 0.171 0.169 0.127 0.153 0.140 0.170 0.144 0.151 0.141 0.158 0.145 0.128 0.163 0.139 0.160 0.133 0.157 0.138 0.145 0.172 0.143 0.160 0.138 0.154 0.134 0.172 0.163 0.131 0.150 0.142 0.173 0.149 0.171 0.145 0.146 0.138 0.144 0.179 0.136 0.146 0.126 0.155 0.179 0.162 0.166 0.139 0.167 0.135 0.137 0.144 0.147 0.147 0.128 0.145 0.146 0.148 0.128 0.164 0.158 0.138 0.142 0.131 0.144 0.137 0.162 0.142 0.168 0.138 0.145 0.150 0.134 0.154 0.139 0.150 0.136 0.165 0.158 0.136 0.145 0.150 0.148 0.120 0.136 0.147 0.149 0.135 0.158 0.146 0.147 0.175 0.134 0.153 0.132 0.185 0.171 0.140 0.151 0.133 0.147 0.123 0.139 0.156 0.151 0.150 0.132 0.166 0.146 0.167 0.141 0.154 0.152 0.137 0.144 0.151 0.177 0.132 0.150 0.129 0.146 0.142 0.148 0.168 0.138 0.159 0.134 0.177 0.130 0.174 0.168 0.139 0.157 0.132 0.157 0.123 0.166 0.152 0.149 0.143 0.146 0.181 0.139 0.159 0.134 0.173 0.135 0.169 0.163 0.138 0.168 0.140 0.139 0.128 0.191 0.155 0.131 0.155 0.129 0.147 0.153 0.145 0.139 0.146 0.139 0.156 0.142 0.129 0.148 0.132 0.147 0.136 0.178 0.174 0.141 0.152 0.158 0.144 0.134 0.149 0.150 0.149 0.171 0.141 0.177 0.150 0.160 0.146 0.167 0.159 0.170 0.148 0.144 0.171 0.140 0.149 0.134 0.165 0.173 0.148 0.173 0.167 0.172 0.142 0.183 0.163 0.167 0.174 0.139 0.177 0.168 0.158 0.137 0.161 0.160 0.188 0.209 0.152 0.198 0.177 0.189 0.156 0.194 0.198 0.163 0.165 0.162
MOVE_DONE,OPEN,STEPS_FINISHED,current,0.144 0.159 0.147 0.191 0.175 0.162 0.142 0.169 0.167 0.142 0.149 0.139 0.184 0.166 0.157 0.144 0.152 0.169 0.153 0.155 0.143 0.177 0.161 0.163 0.149 0.146 0.166 0.159 0.155 0.138 0.163 0.162 0.153 0.144 0.142 0.142 0.135 0.155 0.139 0.156 0.162 0.148 0.150 0.139 0.156 0.137 0.158 0.136 0.163 0.163 0.147 0.145 0.143 0.151 0.134 0.166 0.159 0.148 0.156 0.140 0.146 0.149 0.149 0.146 0.170 0.152 0.156 0.135 0.141 0.170 0.145 0.154 0.150 0.164 0.144 0.149 0.147 0.125 0.153 0.135 0.179 0.149 0.142 0.146 0.159 0.131 0.133 0.155 0.142 0.170 0.155 0.150 0.148 0.149 0.157 0.129 0.148 0.139 0.149 0.148 0.143 0.152 0.140 0.153 0.136 0.161 0.147 0.150 0.145 0.153 0.150 0.132 0.152 0.146 0.162 0.137 0.144 0.155 0.153 0.142 0.141 0.149 0.150 0.157 0.135 0.150 0.147 0.136 0.153 0.136 0.157 0.145 0.154 0.165 0.156 0.154 0.138 0.147 0.125 0.161 0.156 0.144 0.146 0.152 0.147 0.127 0.140 0.147 0.145 0.139 0.164 0.161 0.150 0.145 0.125 0.174 0.129 0.157 0.143 0.149 0.144 0.140 0.148 0.149 0.174 0.138 0.155 0.141 0.145 0.148 0.142 0.137 0.132 0.160 0.147 0.147 0.141 0.147 0.152 0.134 0.152 0.145 0.164 0.138 0.145 0.149 0.145 0.144 0.134 0.157 0.138 0.159 0.145 0.151 0.144 0.147 0.147 0.131 0.153 0.147 0.156 0.141 0.148 0.151 0.143 0.140 0.148 0.160 0.160 0.161 0.165 0.165 0.151 0.140 0.139 0.143 0.186 0.153 0.151 0.148 0.144 0.150 0.138 0.157 0.140 0.158 0.138 0.158 0.136 0.149 0.137 0.130 0.150 0.158 0.151 0.143 0.156 0.152 0.153 0.143 0.138 0.163 0.153 0.147 0.147 0.166 0.154 0.139 0.142 0.131 0.147 0.141 0.168 0.161 0.147 0.147 0.139 0.169 0.140 0.161 0.140 0.165 0.156 0.152 0.162 0.126 0.154 0.137 0.157 0.134 0.150 0.154 0.140 0.142 0.136 0.161 0.144 0.154 0.147 0.152 0.152 0.139 0.151 0.134 0.156 0.144 0.150 0.148 0.146 0.149 0.131 0.150 0.137 0.163 0.141 0.143 0.151 0.149 0.143 0.132 0.155 0.146 0.154 0.139 0.149 0.149 0.140 0.144 0.132 0.157 0.133 0.162 0.138 0.146
MOVE_DONE,OPEN_RESET,STALL,current,0.155 0.135 0.180 0.140 0.152 0.142 0.150 0.151 0.134 0.150 0.129 0.157 0.151 0.149 0.142 0.145 0.148 0.141 0.143 0.143 0.153 0.147 0.159 0.150 0.162 0.147 0.134 0.154 0.144 0.153 0.139 0.149 0.153 0.148 0.159 0.145 0.169 0.155 0.177 0.158 0.149 0.150 0.157 0.164 0.132 0.150 0.141 0.153 0.140 0.146 0.148 0.141 0.148 0.139 0.164 0.145 0.145 0.146 0.153 0.148 0.132 0.154 0.139 0.165 0.137 0.148 0.151 0.145 0.143 0.137 0.157 0.141 0.160 0.143 0.143 0.146 0.143 0.146 0.132 0.159 0.152 0.150 0.152 0.149 0.153 0.145 0.164 0.140 0.180 0.150 0.144 0.149 0.165 0.149 0.142 0.150 0.148 0.162 0.132 0.151 0.168 0.142 0.150 0.128 0.161 0.134 0.158 0.157 0.147 0.151 0.154 0.137 0.120 0.185 0.140 0.172 0.156 0.148 0.153 0.148 0.163 0.135 0.158 0.137 0.165 0.161 0.145 0.147 0.142 0.138 0.143 0.174 0.159 0.166 0.168 0.157 0.153 0.130 0.147 0.152 0.187 0.155 0.140 0.154 0.164 0.158 0.129 0.174 0.135 0.174 0.136 0.151 0.141 0.134 0.144 0.124 0.147 0.144 0.154 0.139 0.146 0.149 0.137 0.167 0.145 0.181 0.140 0.149 0.146 0.149 0.152 0.128 0.174 0.130 0.167 0.141 0.146 0.169 0.152 0.143 0.137 0.182 0.151 0.149 0.137 0.172 0.163 0.143 0.144 0.130 0.186 0.146 0.154 0.141 0.168 0.160 0.139 0.148 0.128 0.178 0.136 0.152 0.145 0.164 0.161 0.134 0.148 0.133 0.179 0.154 0.142 0.151 0.168 0.152 0.130 0.152 0.139 0.180 0.151 0.156 0.148 0.155 0.162 0.136 0.149 0.135 0.152 0.144 0.148 0.147 0.140 0.146 0.134 0.157 0.145 0.149 0.142 0.146 0.147 0.134 0.150 0.142 0.165 0.141 0.149 0.151 0.150 0.147 0.136 0.155 0.147 0.158 0.145 0.150 0.152 0.142 0.148 0.137 0.150 0.140 0.160 0.149 0.149 0.138 0.145 0.162 0.127 0.163 0.142 0.157 0.133 0.147 0.147 0.141 0.160 0.130 0.158 0.156 0.145 0.151 0.163 0.144 0.139 0.151 0.151 0.146 0.139 0.156 0.157 0.146 0.142 0.128 0.167 0.154 0.154 0.150 0.168 0.172 0.161 0.175 0.143 0.192 0.179 0.205 0.230 0.127 0.152 0.270 0.163 0.112 0.030 0.182 0.082 0.165 0.242 0.166 0.036 0.131 0.151 0.009 0.185 0.132 0.159 0.228 0.179 0.030 0.090 0.176 0.010 0.168 0.181 0.161 0.171 0.169
MOVE_DONE,OPEN_RESET_FORWARD,STEPS_FINISHED,current,0.145 0.140 0.150 0.176 0.134 0.152 0.129 0.172 0.164 0.141 0.169 0.131 0.146 0.133 0.172 0.151 0.148 0.142 0.146 0.157 0.149 0.147 0.128 0.149 0.161 0.151 0.154 0.151 0.166 0.152 0.145 0.124 0.153 0.171 0.163 0.171 0.136 0.168 0.128 0.144 0.148 0.174 0.142 0.164 0.169 0.127 0.149 0.133 0.172 0.152 0.151 0.141 0.153 0.166 0.151 0.150 0.126 0.174 0.153 0.149 0.134 0.145 0.148 0.132 0.155 0.130 0.148 0.150 0.140 0.141 0.135 0.168 0.137 0.137 0.130 0.147 0.135 0.143 0.149 0.144 0.159 0.127 0.177 0.145 0.146 0.141 0.139 0.146 0.146 0.175 0.132 0.145 0.147 0.156 0.168 0.129 0.147 0.130 0.147 0.129 0.177 0.158 0.136 0.136 0.151 0.177 0.132 0.149 0.140 0.168 0.132 0.160 0.163 0.133 0.165 0.141 0.141 0.125 0.181 0.173 0.141 0.159 0.147 0.182 0.140 0.167 0.156 0.155 0.139 0.129 0.150 0.152 0.173 0.131 0.150 0.139 0.136 0.141 0.142 0.169 0.130 0.148 0.125 0.180 0.167 0.156 0.141 0.133 0.154 0.144 0.172 0.156 0.156 0.163 0.139 0.148 0.144 0.183 0.144 0.160 0.127 0.148 0.143 0.130 0.142 0.133 0.143 0.127 0.152 0.139 0.176 0.167 0.135 0.154 0.129 0.155 0.130 0.163 0.160 0.142 0.142 0.133 0.154 0.143 0.169 0.151 0.166 0.134 0.162 0.162 0.137 0.165 0.142 0.147
MOVE_DONE,CLOSE,STALL,current,0.153 0.130 0.162 0.140 0.161 0.124 0.149 0.145 0.147 0.167 0.134 0.150 0.137 0.150 0.138 0.159 0.158 0.141 0.171 0.137 0.167 0.134 0.145 0.146 0.152 0.162 0.147 0.141 0.137 0.162 0.131 0.163 0.136 0.183 0.138 0.127 0.159 0.133 0.156 0.119 0.188 0.177 0.160 0.164 0.132 0.152 0.133 0.174 0.158 0.165 0.139 0.139 0.151 0.145 0.170 0.138 0.153 0.150 0.172 0.142 0.155 0.169 0.129 0.154 0.128 0.138 0.143 0.162 0.169 0.127 0.154 0.135 0.150 0.141 0.181 0.168 0.145 0.146 0.132 0.150 0.127 0.161 0.146 0.145 0.137 0.137 0.146 0.125 0.164 0.132 0.151 0.130 0.179 0.141 0.142 0.150 0.140 0.166 0.133 0.140 0.144 0.158 0.155 0.147 0.147 0.131 0.158 0.141 0.187 0.169 0.160 0.135 0.151 0.177 0.140 0.148 0.144 0.150 0.137 0.158 0.171 0.140 0.148 0.139 0.144 0.128 0.183 0.166 0.137 0.158 0.130 0.156 0.132 0.180 0.158 0.154 0.141 0.126 0.143 0.132 0.154 0.119 0.182 0.160 0.138 0.141 0.150 0.177 0.128 0.147 0.125 0.186 0.137 0.139 0.142 0.143 0.172 0.142 0.172 0.133 0.180 0.167 0.159 0.143 0.145 0.179 0.142 0.173 0.145 0.150 0.136 0.148 0.170 0.138 0.168 0.124 0.142 0.137 0.164 0.136 0.136 0.160 0.132 0.151 0.135 0.186 0.170 0.134 0.144 0.131 0.156 0.141 0.162 0.129 0.148 0.139 0.136 0.155 0.139 0.167 0.140 0.137 0.135 0.155 0.170 0.148 0.168 0.136 0.152 0.129 0.138 0.139 0.159 0.165 0.128 0.157 0.148 0.172 0.140 0.156 0.170 0.135 0.141 0.150 0.170 0.132 0.147 0.127 0.142 0.136 0.158 0.170 0.139 0.153 0.137 0.167 0.127 0.182 0.172 0.137 0.167 0.134 0.153 0.132 0.176 0.155 0.159 0.139 0.125 0.152 0.144 0.170 0.128 0.146 0.134 0.147 0.148 0.144 0.175 0.131 0.145 0.127 0.143 0.142 0.144 0.169 0.134 0.151 0.135 0.143 0.126 0.174 0.160 0.141 0.160 0.146 0.181 0.141 0.159 0.132 0.152 0.139 0.127 0.142 0.145 0.151 0.120 0.170 0.142 0.146 0.143 0.138 0.154 0.137 0.164 0.122 0.180 0.164 0.139 0.140 0.151 0.177 0.143 0.172 0.145 0.155 0.166 0.159 0.141 0.143 0.173 0.137 0.147 0.132 0.156 0.141 0.147 0.167 0.137 0.148 0.119 0.142 0.144 0.155 0.160 0.136 0.160 0.143 0.170 0.125 0.149 0.141 0.138 0.149 0.139 0.159 0.142 0.168 0.146 0.148 0.137 0.148 0.154 0.135 0.157 0.135 0.159 0.133 0.147 0.147 0.141 0.157 0.155 0.144 0.122 0.164 0.160 0.151 0.142 0.133 0.173 0.153 0.144 0.125 0.161 0.156 0.162 0.168 0.154 0.151 0.138 0.167 0.131 0.145 0.158 0.151 0.143 0.154 0.172 0.146 0.179 0.156 0.158 0.176 0.136 0.149 0.143 0.178 0.136 0.165 0.164 0.190 0.145 0.142 0.188 0.145 0.178 0.155 0.158 0.154 0.166 0.183 0.150 0.171 0.157 0.180 0.152 0.169 0.159 0.181 0.161 0.159 0.178 0.163 0.167 0.157 0.205 0.164 0.177 0.186 0.183
MOVE_DONE,OPEN,STEPS_FINISHED,current,0.177 0.150 0.147 0.139 0.198 0.172 0.153 0.153 0.157 0.161 0.148 0.152 0.142 0.183 0.168 0.154 0.150 0.158 0.166 0.150 0.148 0.141 0.183 0.162 0.152 0.147 0.153 0.168 0.137 0.163 0.144 0.167 0.136 0.146 0.154 0.138 0.171 0.144 0.176 0.142 0.156 0.154 0.147 0.152 0.139 0.156 0.129 0.161 0.145 0.149 0.154 0.151 0.147 0.122 0.169 0.134 0.162 0.142 0.149 0.151 0.140 0.147 0.124 0.159 0.142 0.170 0.157 0.148 0.149 0.147 0.159 0.130 0.169 0.132 0.154 0.142 0.144 0.142 0.141 0.166 0.142 0.157 0.139 0.170 0.157 0.150 0.148 0.138 0.147 0.157 0.153 0.138 0.149 0.156 0.145 0.143 0.141 0.150 0.143 0.167 0.144 0.155 0.150 0.146 0.160 0.147 0.160 0.137 0.172 0.161 0.144 0.147 0.142 0.170 0.141 0.161 0.158 0.150 0.142 0.163 0.158 0.124 0.156 0.139 0.165 0.132 0.152 0.155 0.142 0.149 0.121 0.162 0.144 0.156 0.135 0.162 0.143 0.141 0.163 0.139 0.176 0.144 0.152 0.149 0.145 0.150 0.141 0.151 0.139 0.163 0.142 0.149 0.146 0.149 0.151 0.135 0.148 0.139 0.148 0.138 0.152 0.141 0.143 0.157 0.128 0.172 0.132 0.162 0.140 0.152 0.136 0.146 0.165 0.129 0.156 0.153 0.156 0.156 0.147 0.154 0.140 0.167 0.124 0.166 0.146 0.146 0.145 0.151 0.149 0.134 0.153 0.144 0.162 0.157 0.159 0.168 0.152 0.144 0.133 0.159 0.139 0.154 0.145 0.163 0.140 0.151 0.135 0.136 0.181 0.146 0.170 0.142 0.158 0.154 0.147 0.144 0.128 0.180 0.132 0.153 0.141 0.154 0.135 0.137 0.137 0.144 0.174 0.141 0.165 0.148 0.143 0.155 0.136 0.151 0.136 0.164 0.142 0.143 0.145 0.146 0.158 0.140 0.173 0.143 0.152 0.144 0.147 0.151 0.138 0.144 0.136 0.180 0.151 0.145 0.145 0.169 0.156 0.136 0.146 0.136 0.172 0.152 0.153 0.140 0.163 0.154 0.135 0.148 0.135 0.173 0.156 0.156 0.148 0.149 0.135 0.127 0.152 0.144 0.153 0.135 0.159 0.145 0.149 0.149 0.122 0.182 0.156 0.165 0.156 0.150 0.148 0.143 0.137 0.139 0.150 0.136 0.154 0.163 0.150 0.162 0.133 0.145 0.140 0.183 0.141 0.145 0.150 0.142 0.140 0.118 0.154 0.163 0.157 0.150
MOVE_DONE,OPEN_RESET,STALL,current,0.144 0.143 0.154 0.133 0.133 0.157 0.147 0.151 0.157 0.152 0.169 0.138 0.143 0.145 0.151 0.132 0.165 0.168 0.164 0.149 0.138 0.153 0.141 0.190 0.134 0.148 0.144 0.145 0.150 0.132 0.156 0.145 0.156 0.138 0.145 0.152 0.147 0.143 0.134 0.160 0.143 0.157 0.141 0.151 0.147 0.140 0.147 0.132 0.156 0.147 0.152 0.146 0.148 0.152 0.141 0.151 0.137 0.162 0.145 0.146 0.148 0.152 0.146 0.133 0.152 0.145 0.156 0.140 0.147 0.152 0.143 0.147 0.136 0.161 0.141 0.160 0.145 0.150 0.146 0.145 0.148 0.133 0.157 0.136 0.163 0.158 0.158 0.152 0.134 0.145 0.140 0.166 0.143 0.158 0.169 0.147 0.152 0.135 0.151 0.146 0.149 0.149 0.165 0.147 0.157 0.153 0.137 0.143 0.135 0.183 0.159 0.144 0.147 0.158 0.160 0.133 0.155 0.139 0.144 0.141 0.158 0.135 0.137 0.160 0.128 0.146 0.138 0.156 0.141 0.147 0.152 0.140 0.147 0.146 0.177 0.162 0.140 0.147 0.139 0.148 0.125 0.156 0.135 0.165 0.154 0.142 0.145 0.152 0.130 0.132 0.164 0.137 0.147 0.134 0.160 0.142 0.136 0.142 0.142 0.152 0.159 0.153 0.166 0.146 0.153 0.141 0.152 0.137 0.174 0.147 0.144 0.147 0.160 0.153 0.128 0.156 0.149 0.161 0.142 0.149 0.165 0.150 0.142 0.143 0.158 0.142 0.152 0.141 0.157 0.139 0.141 0.164 0.137 0.158 0.147 0.153 0.166 0.144 0.154 0.136 0.146 0.143 0.187 0.150 0.149 0.138 0.168 0.159 0.135 0.149 0.135 0.186 0.151 0.152 0.146 0.162 0.152 0.133 0.155 0.138 0.176 0.156 0.160 0.152 0.145 0.160 0.148 0.176 0.131 0.177 0.138 0.145 0.150 0.142 0.149 0.139 0.164 0.146 0.149 0.144 0.152 0.150 0.133 0.150 0.145 0.157 0.138 0.147 0.150 0.147 0.151 0.139 0.149 0.148 0.161 0.140 0.156 0.144 0.160 0.161 0.131 0.177 0.145 0.176 0.141 0.146 0.155 0.146 0.154 0.139 0.162 0.134 0.166 0.159 0.155 0.140 0.139 0.170 0.144 0.160 0.154 0.149 0.145 0.153 0.133 0.139 0.168 0.142 0.177 0.148 0.150 0.151 0.154 0.170 0.159 0.163 0.152 0.197 0.200 0.224 0.280 0.118 0.036 0.207 0.094 0.166 0.293 0.180 0.054 0.109 0.211 0.005 0.190 0.150 0.167 0.260 0.174 0.070 0.063 0.232 0.019 0.172 0.254 0.165 0.135 0.162 0.108 0.024 0.209 0.050 0.176 0.261 0.193 0.076 0.180 0.151 0.008 0.207 0.101 0.170 0.258 0.186 0.040 0.123 0.200 0.005 0.196 0.170 0.165 0.258 0.196
MOVE_DONE,OPEN_RESET_FORWARD,STEPS_FINISHED,current,0.137 0.165 0.140 0.174 0.157 0.157 0.138 0.140 0.151 0.144 0.165 0.132 0.165 0.142 0.149 0.144 0.131 0.148 0.140 0.165 0.122 0.149 0.137 0.185 0.163 0.130 0.156 0.146 0.170 0.121 0.178 0.157 0.143 0.145 0.140 0.151 0.120 0.152 0.143 0.168 0.138 0.162 0.178 0.127 0.153 0.139 0.137 0.141 0.162 0.163 0.132 0.143 0.130 0.162 0.141 0.170 0.152 0.147 0.145 0.137 0.152 0.149 0.167 0.133 0.151 0.133 0.179 0.168 0.130 0.153 0.130 0.160 0.137 0.172 0.163 0.147 0.141 0.134 0.156 0.140 0.171 0.141 0.152 0.139 0.152 0.139 0.150 0.151 0.123 0.151 0.136 0.146 0.150 0.145 0.165 0.134 0.148 0.127 0.171 0.169 0.167 0.142 0.129 0.148 0.148 0.140 0.134 0.150 0.141 0.161 0.165 0.153 0.177 0.137 0.143 0.152 0.178 0.162 0.137 0.157 0.130 0.150 0.127 0.152 0.153 0.147 0.143 0.137 0.141 0.146 0.174 0.143 0.161 0.139 0.155 0.137 0.127 0.156 0.140 0.145 0.117 0.187 0.177 0.143 0.151 0.132 0.162 0.134 0.170 0.151 0.154 0.144 0.141 0.144 0.127 0.150 0.131 0.157 0.145 0.167 0.144 0.159 0.163 0.132 0.151 0.130 0.178 0.166 0.171 0.137 0.134 0.149 0.133 0.162 0.139 0.171 0.137 0.141 0.139 0.138 0.163 0.145 0.144 0.125 0.143 0.141 0.149 0.156 0.126 0.153 0.140 0.171 0.160 0.174
MOVE_DONE,CLOSE,STALL,current,0.149 0.138 0.148 0.128 0.144 0.136 0.165 0.159 0.152 0.145 0.142 0.168 0.154 0.160 0.161 0.151 0.142 0.151 0.174 0.132 0.150 0.139 0.155 0.168 0.142 0.138 0.140 0.159 0.132 0.179 0.156 0.154 0.138 0.150 0.171 0.140 0.156 0.127 0.151 0.138 0.144 0.141 0.133 0.155 0.137 0.144 0.126 0.163 0.167 0.145 0.165 0.127 0.154 0.146 0.166 0.147 0.149 0.144 0.135 0.148 0.145 0.170 0.137 0.137 0.133 0.151 0.137 0.144 0.161 0.150 0.158 0.139 0.184 0.157 0.149 0.145 0.139 0.161 0.133 0.163 0.147 0.149 0.142 0.165 0.166 0.152 0.161 0.133 0.154 0.126 0.162 0.172 0.160 0.170 0.132 0.150 0.150 0.144 0.154 0.175 0.136 0.139 0.141 0.138 0.173 0.136 0.145 0.133 0.149 0.142 0.139 0.172 0.137 0.147 0.125 0.186 0.176 0.146 0.158 0.156 0.150 0.142 0.167 0.155 0.173 0.140 0.146 0.146 0.138 0.169 0.140 0.152 0.124 0.174 0.163 0.141 0.142 0.158 0.172 0.137 0.147 0.141 0.147 0.140 0.142 0.163 0.129 0.157 0.145 0.187 0.156 0.141 0.141 0.149 0.179 0.134 0.155 0.130 0.154 0.170 0.171 0.171 0.136 0.153 0.129 0.166 0.145 0.155 0.173 0.131 0.148 0.154 0.152 0.129 0.154 0.139 0.149 0.137 0.154 0.168 0.153 0.167 0.137 0.150 0.134 0.175 0.169 0.140 0.146 0.150 0.146 0.131 0.140 0.147 0.155 0.159 0.148 0.178 0.151 0.166 0.149 0.153 0.144 0.143 0.140 0.153 0.174 0.134 0.160 0.152 0.180 0.169 0.139 0.163 0.130 0.160 0.135 0.168 0.154 0.152 0.142 0.148 0.166 0.151 0.161 0.139 0.151 0.139 0.181 0.174 0.147 0.176 0.136 0.145 0.127 0.190 0.163 0.136 0.151 0.131 0.158 0.139 0.171 0.154 0.148 0.140 0.161 0.140 0.132 0.163 0.140 0.170 0.134 0.190 0.172 0.134 0.166 0.140 0.150 0.132 0.172 0.142 0.149 0.144 0.136 0.151 0.132 0.165 0.130 0.190 0.164 0.137 0.147 0.150 0.169 0.136 0.152 0.130 0.177 0.146 0.146 0.153 0.133 0.161 0.133 0.146 0.133 0.186 0.165 0.131 0.154 0.155 0.175 0.136 0.156 0.141 0.150 0.171 0.155 0.167 0.138 0.163 0.124 0.186 0.139 0.168 0.167 0.127 0.152 0.145 0.168 0.126 0.191 0.169 0.143 0.157 0.154 0.149 0.127 0.155 0.157 0.148 0.141 0.150 0.174 0.132 0.152 0.134 0.147 0.140 0.150 0.168 0.136 0.157 0.147 0.146 0.123 0.159 0.143 0.145 0.149 0.133 0.181 0.148 0.163 0.125 0.186 0.139 0.163 0.166 0.138 0.150 0.136 0.174 0.143 0.168 0.142 0.140 0.148 0.151 0.167 0.139 0.154 0.158 0.151 0.146 0.147 0.166 0.139 0.166 0.138 0.174 0.144 0.173 0.156 0.147 0.159 0.156 0.166 0.154 0.152 0.147 0.166 0.170 0.149 0.158 0.150 0.173 0.157 0.159 0.152 0.172 0.152 0.160 0.181 0.150 0.155 0.142 0.198 0.173 0.142 0.161 0.165 0.150 0.166 0.163 0.154 0.191 0.181 0.151 0.188 0.144 0.180 0.145 0.161 0.158 0.201 0.188 0.176 0.170 0.170
MOVE_DONE,OPEN,STEPS_FINISHED,current,0.205 0.169 0.154 0.160 0.176 0.164 0.145 0.157 0.147 0.182 0.163 0.160 0.152 0.161 0.168 0.147 0.151 0.139 0.186 0.165 0.155 0.160 0.164 0.160 0.151 0.157 0.137 0.165 0.159 0.165 0.148 0.142 0.145 0.153 0.179 0.151 0.147 0.149 0.166 0.158 0.142 0.153 0.137 0.190 0.162 0.150 0.141 0.165 0.159 0.139 0.152 0.139 0.187 0.152 0.146 0.148 0.152 0.158 0.144 0.152 0.140 0.173 0.161 0.152 0.148 0.152 0.160 0.142 0.157 0.139 0.148 0.145 0.157 0.142 0.138 0.162 0.137 0.165 0.133 0.168 0.159 0.154 0.142 0.130 0.180 0.142 0.151 0.144 0.169 0.161 0.145 0.150 0.130 0.176 0.145 0.153 0.142 0.163 0.158 0.145 0.147 0.130 0.190 0.151 0.142 0.150 0.172 0.162 0.137 0.147 0.137 0.169 0.142 0.149 0.153 0.144 0.154 0.134 0.154 0.141 0.175 0.143 0.154 0.139 0.146 0.148 0.140 0.157 0.152 0.163 0.134 0.147 0.157 0.147 0.146 0.146 0.166 0.143 0.147 0.141 0.172 0.155 0.142 0.150 0.133 0.185 0.155 0.144 0.148 0.164 0.160 0.137 0.147 0.137 0.190 0.152 0.145 0.148 0.168 0.152 0.129 0.157 0.142 0.172 0.158 0.157 0.143 0.154 0.157 0.138 0.144 0.138 0.172 0.161 0.144 0.143 0.151 0.156 0.137 0.153 0.139 0.172 0.159 0.150 0.149 0.136 0.173 0.147 0.152 0.136 0.171 0.164 0.145 0.148 0.133 0.172 0.145 0.154 0.145 0.171 0.154 0.150 0.144 0.127 0.176 0.150 0.153 0.145 0.167 0.145 0.146 0.149 0.153 0.151 0.146 0.172 0.151 0.154 0.153 0.139 0.147 0.141 0.164 0.144 0.148 0.144 0.152 0.149 0.133 0.155 0.144 0.165 0.140 0.146 0.151 0.147 0.147 0.139 0.159 0.139 0.153 0.145 0.143 0.149 0.142 0.151 0.134 0.158 0.149 0.157 0.143 0.151 0.153 0.138 0.161 0.156 0.159 0.154 0.149 0.153 0.168 0.155 0.137 0.152 0.141 0.172 0.155 0.157 0.147 0.157 0.161 0.142 0.148 0.143 0.184 0.159 0.151 0.146 0.159 0.160 0.139 0.160 0.140 0.171 0.152 0.151 0.154 0.143 0.170 0.140 0.159 0.137 0.169 0.163 0.145 0.142 0.142 0.165 0.148 0.163 0.141 0.169 0.154 0.149 0.150 0.125 0.165 0.154 0.161 0.154 0.143 0.155 0.154 0.158 0.146
MOVE_DONE,OPEN_RESET,STALL,current,0.148 0.138 0.177 0.156 0.148 0.147 0.152 0.162 0.145 0.156 0.141 0.179 0.153 0.145 0.152 0.155 0.156 0.145 0.160 0.141 0.168 0.163 0.149 0.144 0.144 0.163 0.145 0.159 0.146 0.169 0.157 0.152 0.147 0.130 0.169 0.156 0.161 0.133 0.164 0.164 0.145 0.140 0.128 0.185 0.147 0.166 0.149 0.171 0.166 0.143 0.150 0.132 0.181 0.150 0.150 0.149 0.171 0.171 0.137 0.146 0.136 0.188 0.151 0.150 0.145 0.171 0.156 0.139 0.155 0.137 0.179 0.153 0.146 0.148 0.161 0.157 0.138 0.156 0.137 0.183 0.156 0.146 0.151 0.160 0.163 0.134 0.154 0.144 0.167 0.154 0.156 0.150 0.142 0.160 0.147 0.156 0.143 0.172 0.161 0.149 0.147 0.140 0.162 0.140 0.156 0.140 0.164 0.161 0.154 0.145 0.124 0.181 0.151 0.154 0.135 0.169 0.166 0.144 0.142 0.131 0.173 0.157 0.154 0.143 0.171 0.163 0.144 0.148 0.131 0.184 0.156 0.149 0.143 0.170 0.162 0.138 0.148 0.136 0.175 0.150 0.144 0.154 0.160 0.161 0.139 0.154 0.141 0.174 0.158 0.149 0.140 0.161 0.162 0.140 0.154 0.147 0.175 0.157 0.157 0.151 0.152 0.157 0.149 0.161 0.136 0.171 0.161 0.151 0.147 0.146 0.172 0.145 0.154 0.143 0.171 0.156 0.155 0.151 0.138 0.162 0.154 0.164 0.137 0.166 0.163 0.149 0.145 0.130 0.175 0.150 0.148 0.148 0.173 0.160 0.141 0.147 0.131 0.175 0.157 0.158 0.144 0.163 0.158 0.140 0.147 0.136 0.181 0.159 0.148 0.150 0.172 0.154 0.137 0.154 0.139 0.181 0.154 0.148 0.151 0.162 0.161 0.143 0.150 0.136 0.184 0.158 0.147 0.149 0.159 0.157 0.135 0.160 0.139 0.171 0.157 0.151 0.157 0.145 0.158 0.149 0.161 0.137 0.167 0.161 0.146 0.148 0.134 0.162 0.143 0.158 0.145 0.167 0.160 0.150 0.148 0.123 0.167 0.152 0.160 0.138 0.167 0.166 0.150 0.135 0.129 0.185 0.144 0.149 0.151 0.172 0.155 0.139 0.149 0.135 0.173 0.161 0.156 0.139 0.162 0.160 0.138 0.143 0.138 0.190 0.148 0.140 0.156 0.170 0.160 0.145 0.158 0.151 0.185 0.174 0.179 0.173 0.161
MOVE_DONE,OPEN_RESET_FORWARD,STEPS_FINISHED,current,0.163 0.161 0.172 0.148 0.169 0.138 0.150 0.136 0.177 0.174 0.137 0.149 0.147 0.166 0.144 0.155 0.166 0.149 0.166 0.149 0.149 0.144 0.166 0.134 0.149 0.158 0.136 0.153 0.136 0.150 0.136 0.181 0.134 0.147 0.142 0.145 0.169 0.136 0.169 0.151 0.167 0.144 0.149 0.135 0.149 0.185 0.145 0.161 0.149 0.154 0.136 0.164 0.170 0.139 0.149 0.139 0.169 0.145 0.172 0.139 0.144 0.150 0.134 0.155 0.135 0.176 0.144 0.151 0.143 0.150 0.167 0.140 0.147 0.127 0.147 0.135 0.169 0.170 0.131 0.144 0.142 0.172 0.153 0.165 0.142 0.144 0.150 0.134 0.177 0.133 0.158 0.144 0.155 0.146 0.165 0.158 0.146 0.150 0.133 0.172 0.130 0.184 0.163 0.133 0.147 0.147 0.169 0.142 0.147 0.145 0.150 0.142 0.145 0.165 0.137 0.153 0.121 0.180 0.174 0.149 0.137 0.137 0.152 0.131 0.139 0.142 0.154 0.145 0.161 0.165 0.155 0.152 0.140 0.178 0.152 0.153 0.146 0.158 0.167 0.135 0.170 0.137 0.146 0.139 0.188 0.171 0.126 0.151 0.159 0.170 0.145 0.155 0.138 0.170 0.169 0.147 0.157 0.130 0.152 0.127 0.181 0.171 0.146 0.155 0.138 0.156 0.147 0.171 0.149 0.153 0.145 0.163 0.164 0.146 0.166 0.139 0.175 0.137 0.175 0.150 0.147 0.160 0.147 0.171 0.143 0.154 0.134 0.178 0.174 0.127 0.171 0.154 0.155 0.142
MOVE_DONE,CLOSE,STALL,current,0.167 0.136 0.153 0.174 0.140 0.147 0.136 0.146 0.138 0.147 0.144 0.152 0.155 0.149 0.153 0.145 0.171 0.149 0.155 0.138 0.158 0.178 0.136 0.153 0.123 0.148 0.140 0.153 0.165 0.138 0.153 0.147 0.171 0.142 0.150 0.162 0.152 0.150 0.140 0.169 0.150 0.163 0.137 0.157 0.139 0.166 0.167 0.138 0.146 0.139 0.173 0.129 0.190 0.156 0.144 0.169 0.145 0.174 0.138 0.149 0.125 0.148 0.135 0.153 0.168 0.137 0.157 0.130 0.152 0.136 0.177 0.160 0.129 0.155 0.147 0.162 0.126 0.153 0.134 0.171 0.176 0.134 0.150 0.146 0.167 0.143 0.150 0.139 0.166 0.168 0.132 0.153 0.133 0.173 0.152 0.148 0.145 0.134 0.145 0.150 0.170 0.129 0.158 0.163 0.167 0.142 0.138 0.153 0.137 0.153 0.121 0.185 0.165 0.147 0.137 0.150 0.171 0.149 0.143 0.131 0.157 0.167 0.163 0.177 0.139 0.153 0.141 0.172 0.144 0.153 0.153 0.131 0.138 0.138 0.164 0.143 0.168 0.157 0.154 0.136 0.133 0.146 0.145 0.161 0.129 0.184 0.135 0.147 0.145 0.144 0.161 0.149 0.175 0.145 0.146 0.141 0.140 0.145 0.141 0.176 0.139 0.137 0.141 0.154 0.142 0.158 0.172 0.139 0.152 0.132 0.173 0.131 0.177 0.168 0.139 0.154 0.140 0.165 0.134 0.139 0.141 0.150 0.141 0.147 0.168 0.135 0.149 0.120 0.141 0.145 0.169 0.163 0.131 0.149 0.139 0.167 0.155 0.166 0.136 0.163 0.143 0.126 0.167 0.136 0.151 0.127 0.169 0.143 0.156 0.143 0.138 0.158 0.118 0.142 0.133 0.176 0.162 0.130 0.148 0.143 0.165 0.141 0.154 0.146 0.152 0.172 0.146 0.169 0.132 0.150 0.118 0.171 0.153 0.148 0.166 0.131 0.154 0.136 0.171 0.142 0.156 0.166 0.159 0.172 0.142 0.149 0.129 0.164 0.133 0.173 0.167 0.141 0.144 0.125 0.165 0.137 0.171 0.173 0.176 0.134 0.128 0.150 0.127 0.140 0.132 0.159 0.162 0.161 0.175 0.134 0.159 0.125 0.151 0.126 0.178 0.166 0.142 0.147 0.134 0.161 0.132 0.162 0.150 0.156 0.143 0.149 0.166 0.156 0.148 0.127 0.177 0.138 0.145 0.144 0.134 0.154 0.139 0.167 0.125 0.149 0.143 0.152 0.159 0.148 0.143 0.136 0.159 0.125 0.149 0.141 0.167 0.175 0.139 0.168 0.134 0.143 0.132 0.176 0.163 0.154 0.147 0.153 0.172 0.143 0.168 0.136 0.148 0.142 0.134 0.149 0.150 0.173 0.137 0.149 0.137 0.177 0.168 0.127 0.159 0.129 0.152 0.124 0.178 0.166 0.139 0.146 0.154 0.177 0.144 0.166 0.131 0.147 0.136 0.158 0.171 0.150 0.147 0.130 0.152 0.161 0.175 0.164 0.142 0.147 0.159 0.168 0.135 0.159 0.164 0.180 0.166 0.133 0.165 0.143 0.169 0.153 0.178 0.146 0.171 0.167 0.171 0.171 0.154 0.182 0.136 0.183 0.173 0.144 0.150 0.164 0.182 0.149 0.158 0.145 0.187 0.177 0.141 0.178 0.156 0.165 0.140 0.194 0.180 0.149 0.177 0.147 0.176 0.152 0.168 0.146 0.162 0.164 0.192 0.185 0.152 0.173 0.176 0.162 0.180 0.206
MOVE_DONE,OPEN,STEPS_FINISHED,current,0.147 0.164 0.139 0.195 0.173 0.149 0.146 0.166 0.171 0.156 0.145 0.138 0.198 0.156 0.156 0.149 0.172 0.162 0.155 0.152 0.139 0.185 0.168 0.160 0.143 0.158 0.164 0.148 0.153 0.138 0.179 0.157 0.144 0.152 0.150 0.157 0.140 0.159 0.137 0.172 0.160 0.157 0.144 0.147 0.166 0.149 0.155 0.141 0.167 0.154 0.148 0.146 0.133 0.161 0.142 0.156 0.137 0.167 0.162 0.149 0.146 0.127 0.179 0.147 0.149 0.141 0.168 0.164 0.145 0.143 0.127 0.170 0.147 0.152 0.145 0.168 0.163 0.143 0.144 0.134 0.166 0.152 0.148 0.147 0.163 0.159 0.135 0.155 0.142 0.151 0.159 0.152 0.142 0.147 0.153 0.140 0.138 0.148 0.184 0.138 0.166 0.159 0.150 0.145 0.125 0.176 0.159 0.152 0.136 0.168 0.159 0.140 0.143 0.134 0.180 0.146 0.157 0.146 0.161 0.159 0.142 0.149 0.154 0.185 0.155 0.141 0.138 0.168 0.162 0.137 0.152 0.137 0.182 0.150 0.154 0.150 0.161 0.152 0.142 0.156 0.137 0.178 0.160 0.154 0.147 0.153 0.162 0.139 0.152 0.142 0.172 0.160 0.151 0.151 0.148 0.160 0.143 0.164 0.139 0.163 0.161 0.150 0.146 0.133 0.167 0.146 0.153 0.140 0.171 0.156 0.144 0.147 0.127 0.175 0.146 0.177 0.143 0.143 0.153 0.144 0.148 0.135 0.164 0.149 0.150 0.144 0.152 0.155 0.136 0.153 0.140 0.158 0.143 0.154 0.149 0.145 0.148 0.137 0.154 0.140 0.160 0.146 0.148 0.147 0.148 0.149 0.133 0.158 0.146 0.154 0.140 0.149 0.154 0.145 0.137 0.123 0.181 0.157 0.147 0.141 0.171 0.158 0.142 0.164 0.133 0.172 0.152 0.150 0.146 0.162 0.163 0.140 0.149 0.133 0.190 0.152 0.144 0.154 0.169 0.159 0.137 0.154 0.139 0.170 0.153 0.157 0.156 0.157 0.160 0.135 0.155 0.139 0.175 0.160 0.148 0.141 0.157 0.159 0.138 0.160 0.140 0.175 0.154 0.150 0.154 0.138 0.168 0.142 0.159 0.137 0.169 0.162 0.157 0.139 0.136 0.171 0.155 0.155 0.138 0.173 0.155 0.144 0.151 0.130 0.179 0.149 0.154 0.143 0.166 0.162 0.148 0.157 0.137 0.150 0.150 0.168 0.148 0.167 0.151 0.140 0.168 0.142 0.158 0.138 0.174 0.161 0.145 0.150 0.138 0.163 0.147 0.158 0.146 0.162
MOVE_DONE,OPEN_RESET,STALL,current,0.168 0.152 0.163 0.132 0.151 0.138 0.166 0.138 0.145 0.152 0.152 0.135 0.132 0.164 0.136 0.152 0.160 0.154 0.155 0.140 0.146 0.140 0.156 0.140 0.172 0.167 0.145 0.138 0.142 0.160 0.138 0.161 0.143 0.144 0.143 0.161 0.169 0.133 0.138 0.147 0.155 0.140 0.150 0.143 0.149 0.159 0.129 0.160 0.130 0.162 0.138 0.153 0.164 0.138 0.145 0.140 0.161 0.146 0.152 0.158 0.149 0.160 0.139 0.147 0.136 0.165 0.140 0.145 0.148 0.152 0.146 0.133 0.151 0.140 0.160 0.143 0.147 0.145 0.146 0.146 0.135 0.156 0.141 0.162 0.142 0.146 0.152 0.148 0.145 0.132 0.162 0.148 0.152 0.142 0.149 0.150 0.137 0.146 0.141 0.166 0.142 0.150 0.149 0.145 0.149 0.139 0.152 0.138 0.159 0.146 0.159 0.137 0.152 0.137 0.139 0.147 0.155 0.154 0.143 0.165 0.152 0.150 0.133 0.135 0.177 0.138 0.172 0.160 0.151 0.141 0.139 0.150 0.138 0.158 0.142 0.169 0.159 0.147 0.157 0.140 0.145 0.140 0.160 0.144 0.149 0.148 0.149 0.148 0.135 0.156 0.145 0.163 0.139 0.149 0.152 0.142 0.146 0.137 0.161 0.145 0.160 0.144 0.149 0.146 0.144 0.149 0.132 0.157 0.149 0.152 0.142 0.152 0.153 0.136 0.150 0.142 0.165 0.141 0.151 0.150 0.148 0.145 0.138 0.153 0.137 0.161 0.142 0.148 0.145 0.149 0.149 0.134 0.151 0.147 0.184 0.137 0.145 0.151 0.148 0.144 0.138 0.163 0.147 0.155 0.142 0.149 0.153 0.135 0.147 0.137 0.159 0.142 0.153 0.147 0.145 0.148 0.140 0.154 0.137 0.161 0.159 0.141 0.134 0.152 0.164 0.138 0.152 0.140 0.173 0.149 0.156 0.149 0.153 0.152 0.142 0.159 0.132 0.173 0.160 0.149 0.143 0.154 0.135 0.141 0.176 0.138 0.176 0.154 0.141 0.153 0.147 0.165 0.137 0.161 0.139 0.166 0.162 0.153 0.144 0.133 0.169 0.148 0.152 0.140 0.156 0.142 0.138 0.140 0.138 0.154 0.135 0.147 0.146 0.158 0.168 0.147 0.152 0.142 0.181 0.150 0.171 0.143 0.147 0.142 0.137 0.132 0.142 0.154 0.144 0.153 0.152 0.156 0.151 0.141 0.163 0.150 0.186 0.178 0.163 0.159 0.220 0.215 0.257 0.257 0.179
MOVE_DONE,OPEN_RESET_FORWARD,STEPS_FINISHED,current,0.146 0.184 0.154 0.142 0.139 0.149 0.173 0.149 0.149 0.131 0.144 0.143 0.143 0.144 0.141 0.176 0.139 0.169 0.149 0.155 0.161 0.136 0.159 0.134 0.155 0.130 0.170 0.152 0.144 0.136 0.152 0.171 0.138 0.161 0.141 0.163 0.136 0.174 0.167 0.132 0.165 0.149 0.170 0.121 0.180 0.166 0.143 0.138 0.132 0.155 0.140 0.164 0.143 0.153 0.139 0.160 0.171 0.138 0.163 0.132 0.153 0.131 0.178 0.170 0.137 0.145 0.140 0.153 0.128 0.166 0.159 0.152 0.143 0.134 0.163 0.145 0.156 0.120 0.145 0.130 0.171 0.175 0.139 0.166 0.147 0.146 0.127 0.182 0.167 0.138 0.150 0.143 0.168 0.145 0.172 0.148 0.155 0.141 0.156 0.174 0.143 0.166 0.131 0.147 0.136 0.142 0.143 0.146 0.171 0.137 0.171 0.128 0.144 0.134 0.149 0.147 0.137 0.154 0.140 0.170 0.144 0.149 0.152 0.134 0.139 0.136 0.168 0.132 0.146 0.132 0.161 0.169 0.134 0.141 0.144 0.164 0.131 0.180 0.159 0.147 0.161 0.156 0.141 0.126 0.163 0.141 0.154 0.140 0.151 0.170 0.145 0.152 0.144 0.171 0.145 0.148 0.140 0.171 0.163 0.128 0.154 0.139 0.165 0.157 0.182 0.147 0.143 0.169 0.155 0.167 0.138 0.155 0.147 0.170 0.141 0.159 0.163 0.147 0.151 0.131 0.140 0.142 0.178 0.169 0.133 0.145 0.151 0.147 0.131 0.167 0.168 0.144 0.140 0.152
MOVE_DONE,CLOSE,STALL,current,0.170 0.147 0.141 0.148 0.133 0.159 0.134 0.175 0.164 0.183 0.158 0.128 0.155 0.151 0.166 0.136 0.156 0.152 0.166 0.141 0.151 0.176 0.133 0.156 0.120 0.180 0.170 0.148 0.144 0.155 0.170 0.142 0.150 0.131 0.149 0.153 0.136 0.141 0.152 0.177 0.132 0.157 0.155 0.146 0.138 0.160 0.171 0.139 0.155 0.132 0.168 0.150 0.170 0.145 0.137 0.160 0.152 0.159 0.144 0.171 0.159 0.166 0.135 0.128 0.159 0.142 0.164 0.145 0.180 0.134 0.164 0.171 0.134 0.158 0.128 0.146 0.137 0.147 0.141 0.146 0.156 0.137 0.159 0.136 0.181 0.145 0.150 0.141 0.147 0.174 0.144 0.155 0.130 0.168 0.161 0.175 0.142 0.150 0.172 0.132 0.155 0.141 0.190 0.155 0.137 0.148 0.132 0.143 0.148 0.176 0.144 0.146 0.142 0.157 0.148 0.131 0.153 0.134 0.148 0.133 0.180 0.171 0.138 0.145 0.142 0.145 0.129 0.174 0.165 0.156 0.167 0.137 0.149 0.126 0.153 0.128 0.187 0.166 0.138 0.142 0.150 0.174 0.137 0.152 0.123 0.186 0.175 0.140 0.147 0.138 0.153 0.132 0.177 0.147 0.155 0.138 0.155 0.145 0.140 0.172 0.135 0.166 0.130 0.149 0.142 0.152 0.173 0.136 0.150 0.127 0.145 0.135 0.172 0.171 0.138 0.148 0.147 0.146 0.139 0.160 0.147 0.147 0.154 0.154 0.150 0.128 0.149 0.136 0.150 0.143 0.163 0.167 0.139 0.154 0.137 0.168 0.155 0.149 0.151 0.137 0.158 0.127 0.162 0.139 0.150 0.169 0.146 0.140 0.145 0.172 0.141 0.149 0.138 0.181 0.153 0.163 0.166 0.140 0.150 0.130 0.154 0.131 0.187 0.159 0.134 0.140 0.147 0.180 0.145 0.154 0.151 0.145 0.172 0.155 0.143 0.144 0.173 0.133 0.177 0.142 0.157 0.160 0.135 0.158 0.149 0.168 0.124 0.149 0.155 0.140 0.141 0.132 0.155 0.124 0.149 0.132 0.142 0.144 0.150 0.158 0.138 0.168 0.139 0.144 0.129 0.181 0.172 0.133 0.148 0.136 0.158 0.135 0.156 0.158 0.171 0.141 0.131 0.156 0.141 0.159 0.127 0.155 0.136 0.177 0.144 0.138 0.142 0.136 0.152 0.122 0.183 0.169 0.143 0.143 0.142 0.178 0.137 0.150 0.134 0.159 0.152 0.134 0.147 0.154 0.167 0.132 0.152 0.134 0.178 0.172 0.132 0.163 0.133 0.149 0.127 0.186 0.158 0.149 0.167 0.125 0.149 0.150 0.176 0.145 0.149 0.147 0.150 0.140 0.150 0.177 0.133 0.153 0.144 0.152 0.141 0.142 0.154 0.134 0.149 0.132 0.173 0.159 0.148 0.141 0.138 0.164 0.149 0.148 0.130 0.151 0.148 0.144 0.142 0.147 0.174 0.146 0.146 0.128 0.169 0.166 0.161 0.138 0.131 0.161 0.150 0.162 0.156 0.160 0.142 0.138 0.152 0.157 0.168 0.143 0.152 0.141 0.146 0.151 0.146 0.154 0.139 0.172 0.145 0.172 0.173 0.178 0.170 0.147 0.177 0.146 0.179 0.157 0.171 0.167 0.171 0.176 0.142 0.163 0.160 0.157 0.161 0.196 0.157 0.157 0.188 0.144 0.199 0.164 0.165 0.170 0.180
MOVE_DONE,OPEN,STEPS_FINISHED,current,0.171 0.142 0.167 0.175 0.154 0.146 0.130 0.181 0.156 0.160 0.149 0.161 0.170 0.157 0.149 0.132 0.185 0.159 0.146 0.141 0.165 0.169 0.142 0.141 0.131 0.175 0.150 0.149 0.154 0.163 0.161 0.139 0.154 0.139 0.177 0.163 0.143 0.147 0.165 0.158 0.143 0.156 0.137 0.178 0.157 0.150 0.151 0.152 0.157 0.143 0.160 0.134 0.174 0.161 0.154 0.153 0.154 0.167 0.136 0.155 0.139 0.175 0.155 0.148 0.151 0.131 0.154 0.144 0.155 0.150 0.144 0.153 0.169 0.157 0.135 0.153 0.142 0.170 0.156 0.151 0.144 0.156 0.155 0.142 0.161 0.138 0.176 0.160 0.157 0.149 0.154 0.159 0.143 0.154 0.140 0.173 0.153 0.145 0.155 0.147 0.160 0.128 0.160 0.151 0.162 0.151 0.150 0.144 0.132 0.153 0.138 0.159 0.147 0.151 0.144 0.143 0.148 0.137 0.153 0.144 0.160 0.145 0.143 0.149 0.145 0.144 0.141 0.163 0.147 0.148 0.142 0.150 0.158 0.137 0.147 0.149 0.168 0.136 0.154 0.153 0.162 0.154 0.135 0.155 0.139 0.162 0.143 0.147 0.149 0.149 0.164 0.126 0.154 0.133 0.158 0.155 0.149 0.155 0.148 0.141 0.141 0.153 0.151 0.165 0.148 0.159 0.145 0.144 0.166 0.141 0.155 0.139 0.169 0.154 0.149 0.150 0.141 0.173 0.142 0.158 0.141 0.163 0.161 0.151 0.146 0.127 0.164 0.153 0.160 0.133 0.169 0.163 0.139 0.138 0.130 0.185 0.144 0.169 0.160 0.156 0.163 0.143 0.135 0.134 0.157 0.147 0.152 0.160 0.145 0.165 0.136 0.143 0.138 0.156 0.144 0.162 0.150 0.162 0.141 0.122 0.142 0.151 0.176 0.140 0.156 0.150 0.145 0.165 0.148 0.173 0.154 0.176 0.146 0.156 0.137 0.146 0.144 0.127 0.176 0.153 0.171 0.135 0.147 0.166 0.137 0.148 0.127 0.161 0.153 0.144 0.168 0.149 0.152 0.132 0.151 0.156 0.151 0.147 0.163 0.146 0.148 0.159 0.136 0.150 0.134 0.173 0.160 0.155 0.142 0.155 0.158 0.131 0.156 0.142 0.173 0.152 0.152 0.149 0.141 0.156 0.143 0.162 0.143 0.169 0.161 0.156 0.166 0.139 0.172 0.135 0.151 0.137 0.145 0.151 0.144 0.148 0.136 0.155 0.141 0.157 0.146 0.143 0.146 0.147 0.145 0.131 0.157 0.146 0.168 0.162 0.147 0.151 0.131 0.139
MOVE_DONE,OPEN_RESET,STALL,current,0.146 0.164 0.148 0.145 0.136 0.150 0.148 0.136 0.147 0.149 0.156 0.141 0.157 0.156 0.136 0.150 0.130 0.159 0.135 0.153 0.147 0.151 0.145 0.139 0.149 0.136 0.180 0.157 0.150 0.159 0.149 0.155 0.138 0.148 0.140 0.163 0.141 0.145 0.148 0.145 0.142 0.135 0.156 0.145 0.155 0.144 0.152 0.154 0.140 0.148 0.135 0.154 0.142 0.155 0.146 0.142 0.149 0.143 0.144 0.134 0.161 0.149 0.146 0.144 0.152 0.153 0.135 0.147 0.144 0.167 0.136 0.148 0.151 0.145 0.142 0.138 0.156 0.144 0.157 0.145 0.150 0.147 0.145 0.146 0.136 0.158 0.146 0.159 0.139 0.144 0.155 0.144 0.149 0.136 0.162 0.146 0.148 0.145 0.154 0.162 0.127 0.155 0.146 0.153 0.160 0.153 0.143 0.150 0.149 0.144 0.176 0.145 0.151 0.142 0.146 0.145 0.145 0.148 0.132 0.152 0.147 0.158 0.146 0.145 0.153 0.146 0.142 0.139 0.164 0.159 0.167 0.142 0.155 0.160 0.134 0.151 0.142 0.159 0.139 0.150 0.149 0.150 0.147 0.136 0.156 0.140 0.163 0.145 0.149 0.148 0.145 0.151 0.131 0.155 0.147 0.161 0.139 0.144 0.151 0.146 0.147 0.136 0.162 0.143 0.152 0.144 0.151 0.153 0.137 0.150 0.136 0.159 0.143 0.154 0.150 0.146 0.144 0.139 0.147 0.138 0.166 0.145 0.149 0.143 0.149 0.146 0.132 0.155 0.145 0.163 0.140 0.149 0.154 0.144 0.139 0.135 0.157 0.156 0.145 0.147 0.164 0.153 0.146 0.137 0.141 0.152 0.141 0.169 0.163 0.143 0.148 0.138 0.169 0.140 0.161 0.136 0.162 0.155 0.154 0.142 0.125 0.154 0.145 0.152 0.141 0.146 0.154 0.142 0.145 0.136 0.163 0.141 0.157 0.146 0.151 0.145 0.137 0.149 0.137 0.157 0.145 0.155 0.141 0.148 0.148 0.140 0.146 0.141 0.164 0.142 0.146 0.148 0.151 0.152 0.132 0.156 0.144 0.161 0.144 0.150 0.152 0.145 0.145 0.134 0.160 0.141 0.154 0.146 0.151 0.150 0.146 0.139 0.131 0.154 0.152 0.157 0.141 0.145 0.154 0.141 0.147 0.146 0.163 0.152 0.174 0.174 0.182 0.185 0.195
MOVE_DONE,OPEN_RESET_FORWARD,STEPS_FINISHED,current,0.148 0.132 0.153 0.143 0.176 0.145 0.155 0.139 0.149 0.160 0.150 0.150 0.129 0.147 0.122 0.147 0.147 0.150 0.155 0.133 0.158 0.130 0.154 0.154 0.181 0.164 0.129 0.143 0.131 0.150 0.135 0.151 0.139 0.142 0.142 0.131 0.143 0.125 0.149 0.126 0.149 0.156 0.171 0.164 0.132 0.161 0.130 0.156 0.154 0.170 0.142 0.138 0.141 0.150 0.171 0.133 0.161 0.130 0.155 0.136 0.159 0.143 0.144 0.171 0.130 0.148 0.134 0.179 0.167 0.132 0.163 0.151 0.147 0.126 0.159 0.141 0.147 0.140 0.132 0.157 0.145 0.167 0.144 0.150 0.141 0.135 0.148 0.147 0.165 0.131 0.149 0.131 0.171 0.143 0.158 0.166 0.135 0.146 0.136 0.162 0.143 0.180 0.165 0.131 0.157 0.146 0.182 0.131 0.142 0.154 0.147 0.146 0.144 0.176 0.139 0.146 0.124 0.155 0.136 0.165 0.170 0.132 0.149 0.142 0.140 0.133 0.182 0.166 0.138 0.148 0.137 0.146 0.130 0.153 0.132 0.154 0.165 0.153 0.167 0.134 0.168 0.121 0.168 0.141 0.145 0.144 0.143 0.165 0.134 0.155 0.143 0.178 0.140 0.142 0.140 0.149 0.150 0.129 0.159 0.138 0.146 0.143 0.138 0.167 0.148 0.145 0.132 0.149 0.140 0.176 0.167 0.134 0.149 0.153 0.170 0.132 0.140 0.147 0.158 0.168 0.126 0.160 0.144 0.163 0.138 0.154 0.139 0.153 0.165 0.131 0.155 0.141 0.174 0.139
MOVE_DONE,CLOSE,STALL,current,0.136 0.129 0.161 0.133 0.152 0.132 0.169 0.164 0.130 0.158 0.134 0.166 0.126 0.140 0.152 0.142 0.147 0.127 0.156 0.142 0.163 0.122 0.151 0.139 0.149 0.137 0.152 0.175 0.129 0.150 0.130 0.177 0.171 0.156 0.174 0.132 0.148 0.130 0.176 0.155 0.148 0.139 0.131 0.153 0.138 0.142 0.135 0.149 0.156 0.171 0.137 0.134 0.159 0.140 0.143 0.122 0.146 0.141 0.158 0.159 0.151 0.152 0.133 0.168 0.159 0.184 0.159 0.135 0.153 0.146 0.173 0.143 0.174 0.132 0.150 0.144 0.151 0.173 0.147 0.148 0.125 0.170 0.162 0.157 0.171 0.133 0.154 0.132 0.144 0.129 0.158 0.165 0.141 0.161 0.150 0.175 0.125 0.157 0.150 0.148 0.139 0.156 0.173 0.135 0.163 0.132 0.178 0.130 0.180 0.169 0.133 0.142 0.141 0.177 0.132 0.174 0.163 0.147 0.137 0.129 0.159 0.141 0.161 0.142 0.155 0.136 0.159 0.141 0.129 0.162 0.130 0.145 0.128 0.175 0.168 0.147 0.168 0.130 0.147 0.137 0.167 0.151 0.152 0.137 0.151 0.144 0.151 0.174 0.130 0.147 0.137 0.148 0.136 0.148 0.148 0.134 0.148 0.121 0.186 0.136 0.172 0.163 0.132 0.155 0.139 0.169 0.157 0.173 0.138 0.139 0.138 0.128 0.167 0.140 0.157 0.127 0.180 0.144 0.131 0.150 0.139 0.162 0.131 0.143 0.148 0.157 0.157 0.154 0.146 0.147 0.167 0.125 0.178 0.160 0.166 0.139 0.144 0.164 0.144 0.148 0.130 0.153 0.164 0.169 0.163 0.128 0.168 0.125 0.147 0.128 0.181 0.164 0.132 0.148 0.148 0.167 0.136 0.144 0.139 0.148 0.140 0.150 0.167 0.136 0.171 0.138 0.150 0.138 0.148 0.143 0.126 0.167 0.136 0.152 0.118 0.184 0.161 0.140 0.151 0.131 0.159 0.143 0.169 0.143 0.151 0.141 0.154 0.179 0.132 0.150 0.127 0.151 0.132 0.151 0.147 0.132 0.147 0.144 0.148 0.134 0.159 0.154 0.146 0.134 0.130 0.149 0.146 0.165 0.142 0.152 0.137 0.161 0.173 0.139 0.157 0.137 0.166 0.127 0.171 0.164 0.142 0.137 0.125 0.155 0.125 0.158 0.141 0.149 0.143 0.133 0.140 0.147 0.177 0.132 0.152 0.137 0.185 0.162 0.135 0.164 0.152 0.147 0.123 0.177 0.164 0.161 0.141 0.139 0.161 0.143 0.174 0.146 0.154 0.166 0.138 0.144 0.144 0.176 0.137 0.139 0.126 0.187 0.141 0.133 0.142 0.141 0.170 0.133 0.173 0.160 0.146 0.139 0.149 0.168 0.145 0.171 0.140 0.155 0.137 0.146 0.145 0.140 0.156 0.135 0.154 0.120 0.145 0.148 0.149 0.153 0.155 0.151 0.132 0.156 0.155 0.181 0.163 0.131 0.153 0.150 0.175 0.130 0.156 0.161 0.149 0.139 0.153 0.172 0.131 0.158 0.130 0.182 0.160 0.151 0.143 0.156 0.171 0.142 0.166 0.131 0.185 0.164 0.142 0.146 0.163 0.173 0.136 0.152 0.141 0.180 0.165 0.148 0.158 0.164 0.170 0.143 0.157 0.143 0.195 0.178 0.172 0.176 0.151 0.168 0.144 0.184 0.176 0.180 0.176 0.152 0.171 0.167 0.161 0.138 0.204 0.202 0.160 0.179 0.178 0.190 0.172 0.165
MOVE_DONE,OPEN,STEPS_FINISHED,current,0.158 0.150 0.166 0.170 0.155 0.152 0.145 0.181 0.169 0.153 0.155 0.152 0.167 0.144 0.161 0.141 0.178 0.167 0.164 0.149 0.137 0.173 0.155 0.155 0.139 0.168 0.163 0.155 0.143 0.134 0.168 0.142 0.162 0.140 0.166 0.161 0.144 0.142 0.127 0.173 0.157 0.160 0.142 0.168 0.161 0.146 0.143 0.134 0.180 0.153 0.153 0.143 0.149 0.149 0.139 0.155 0.144 0.149 0.160 0.165 0.144 0.162 0.152 0.143 0.155 0.128 0.157 0.157 0.146 0.164 0.152 0.138 0.123 0.176 0.160 0.174 0.142 0.150 0.146 0.140 0.144 0.137 0.155 0.147 0.157 0.147 0.145 0.147 0.141 0.145 0.137 0.162 0.146 0.146 0.145 0.150 0.145 0.134 0.151 0.143 0.150 0.137 0.146 0.149 0.143 0.145 0.134 0.158 0.142 0.152 0.145 0.155 0.160 0.144 0.150 0.127 0.150 0.156 0.146 0.147 0.144 0.153 0.137 0.145 0.141 0.191 0.138 0.151 0.140 0.151 0.145 0.139 0.152 0.140 0.157 0.143 0.149 0.150 0.143 0.151 0.133 0.151 0.144 0.162 0.145 0.145 0.145 0.148 0.148 0.132 0.159 0.147 0.152 0.142 0.151 0.154 0.137 0.150 0.140 0.161 0.144 0.153 0.146 0.150 0.143 0.137 0.150 0.137 0.176 0.164 0.161 0.163 0.159 0.151 0.134 0.163 0.152 0.160 0.133 0.150 0.169 0.163 0.152 0.118 0.156 0.155 0.171 0.135 0.170 0.165 0.134 0.144 0.131 0.143 0.150 0.151 0.146 0.159 0.152 0.148 0.136 0.139 0.150 0.149 0.161 0.142 0.150 0.145 0.131 0.151 0.134 0.161 0.139 0.144 0.153 0.150 0.143 0.137 0.161 0.140 0.155 0.145 0.149 0.148 0.144 0.149 0.133 0.153 0.145 0.156 0.141 0.143 0.154 0.141 0.144 0.135 0.162 0.140 0.147 0.148 0.152 0.152 0.134 0.149 0.144 0.159 0.142 0.149 0.151 0.142 0.145 0.137 0.155 0.139 0.161 0.146 0.163 0.138 0.153 0.133 0.132 0.160 0.148 0.152 0.139 0.150 0.144 0.140 0.157 0.142 0.156 0.138 0.166 0.141 0.155 0.157 0.135 0.154 0.136 0.161 0.141 0.150 0.143 0.144 0.151 0.132 0.148 0.140 0.163 0.142 0.146 0.147 0.147 0.146 0.133 0.160 0.142 0.153 0.162 0.152 0.161 0.138 0.154 0.145 0.155 0.135 0.171 0.161 0.149 0.147 0.147 0.168 0.138 0.157
MOVE_DONE,OPEN_RESET,STALL,current,0.146 0.149 0.155 0.145 0.145 0.147 0.145 0.135 0.157 0.138 0.146 0.151 0.140 0.146 0.135 0.164 0.142 0.145 0.145 0.151 0.152 0.135 0.149 0.144 0.161 0.139 0.150 0.153 0.141 0.146 0.137 0.157 0.139 0.150 0.146 0.172 0.137 0.139 0.141 0.135 0.177 0.159 0.167 0.139 0.150 0.153 0.138 0.145 0.140 0.164 0.141 0.151 0.146 0.143 0.148 0.135 0.152 0.142 0.158 0.137 0.149 0.148 0.147 0.151 0.133 0.144 0.143 0.153 0.144 0.142 0.167 0.153 0.141 0.136 0.163 0.147 0.144 0.164 0.153 0.154 0.137 0.146 0.139 0.177 0.158 0.164 0.147 0.144 0.147 0.136 0.146 0.139 0.184 0.154 0.148 0.157 0.149 0.151 0.144 0.145 0.152 0.157 0.135 0.163 0.161 0.145 0.144 0.127 0.173 0.156 0.146 0.142 0.171 0.162 0.139 0.145 0.126 0.171 0.156 0.156 0.163 0.162 0.150 0.141 0.152 0.146 0.181 0.163 0.160 0.148 0.146 0.148 0.129 0.152 0.133 0.152 0.155 0.162 0.169 0.155 0.161 0.124 0.161 0.135 0.157 0.145 0.146 0.150 0.142 0.148 0.142 0.147 0.139 0.149 0.141 0.149 0.154 0.143 0.144 0.136 0.180 0.135 0.152 0.139 0.153 0.133 0.127 0.156 0.138 0.153 0.138 0.149 0.150 0.144 0.159 0.139 0.149 0.146 0.179 0.148 0.150 0.151 0.148 0.158 0.142 0.176 0.156 0.149 0.136 0.168 0.165 0.137 0.144 0.132 0.177 0.151 0.152 0.152 0.156 0.156 0.145 0.152 0.134 0.149 0.139 0.172 0.155 0.145 0.151 0.129 0.172 0.143 0.181 0.135 0.157 0.144 0.147 0.145 0.121 0.185 0.150 0.169 0.146 0.157 0.149 0.142 0.162 0.148 0.158 0.138 0.168 0.157 0.150 0.143 0.132 0.156 0.128 0.167 0.138 0.153 0.163 0.154 0.153 0.132 0.156 0.132 0.190 0.132 0.146 0.168 0.144 0.146 0.119 0.157 0.154 0.146 0.152 0.172 0.161 0.140 0.142 0.132 0.177 0.151 0.172 0.150 0.151 0.169 0.137 0.154 0.124 0.160 0.158 0.148 0.145 0.151 0.152 0.134 0.151 0.143 0.161 0.139 0.150 0.151 0.149 0.146 0.133 0.160 0.139 0.154 0.148 0.144 0.150 0.143 0.150 0.146 0.169 0.154 0.192 0.175 0.169 0.206 0.220
MOVE_DONE,OPEN_RESET_FORWARD,STEPS_FINISHED,current,0.157 0.157 0.170 0.146 0.167 0.137 0.165 0.132 0.172 0.177 0.135 0.140 0.129 0.152 0.123 0.147 0.141 0.145 0.139 0.139 0.161 0.152 0.169 0.138 0.150 0.140 0.162 0.168 0.150 0.152 0.129 0.143 0.127 0.163 0.137 0.164 0.172 0.127 0.149 0.139 0.137 0.130 0.188 0.168 0.130 0.149 0.147 0.181 0.135 0.145 0.150 0.150 0.163 0.151 0.147 0.132 0.148 0.123 0.177 0.165 0.160 0.143 0.146 0.166 0.143 0.141 0.133 0.174 0.167 0.143 0.139 0.148 0.175 0.136 0.157 0.146 0.175 0.139 0.139 0.148 0.138 0.146 0.129 0.138 0.142 0.152 0.145 0.127 0.157 0.151 0.162 0.127 0.163 0.136 0.147 0.143 0.150 0.176 0.135 0.150 0.121 0.146 0.141 0.172 0.165 0.127 0.157 0.122 0.154 0.151 0.174 0.142 0.138 0.150 0.150 0.176 0.123 0.151 0.147 0.147 0.142 0.151 0.181 0.135 0.154 0.137 0.161 0.137 0.150 0.150 0.125 0.156 0.132 0.162 0.143 0.180 0.156 0.139 0.136 0.147 0.175 0.134 0.156 0.144 0.165 0.137 0.139 0.148 0.144 0.167 0.139 0.140 0.141 0.179 0.163 0.133 0.150 0.127 0.163 0.136 0.179 0.161 0.146 0.142 0.147 0.175 0.150 0.140 0.125 0.155 0.141 0.163 0.171 0.138 0.175 0.134 0.161 0.147 0.145 0.153 0.143 0.139 0.129 0.149 0.127 0.150 0.132 0.153 0.170 0.150 0.170 0.154 0.145 0.125
MOVE_DONE,CLOSE,STALL,current,0.159 0.165 0.146 0.139 0.137 0.175 0.128 0.148 0.142 0.151 0.163 0.135 0.152 0.141 0.169 0.147 0.147 0.152 0.145 0.146 0.137 0.173 0.137 0.152 0.125 0.152 0.141 0.154 0.165 0.140 0.156 0.132 0.148 0.134 0.188 0.157 0.134 0.161 0.154 0.142 0.123 0.156 0.158 0.166 0.136 0.128 0.143 0.144 0.167 0.136 0.148 0.136 0.168 0.175 0.127 0.147 0.142 0.170 0.124 0.180 0.168 0.143 0.168 0.138 0.171 0.136 0.145 0.137 0.144 0.140 0.154 0.179 0.142 0.163 0.135 0.142 0.129 0.182 0.169 0.132 0.143 0.149 0.171 0.137 0.153 0.171 0.167 0.133 0.146 0.181 0.126 0.170 0.128 0.147 0.150 0.150 0.178 0.133 0.154 0.134 0.145 0.130 0.186 0.166 0.141 0.141 0.145 0.150 0.122 0.152 0.161 0.154 0.133 0.125 0.156 0.146 0.173 0.136 0.145 0.138 0.168 0.165 0.140 0.154 0.132 0.147 0.126 0.185 0.157 0.140 0.148 0.146 0.183 0.142 0.165 0.126 0.151 0.175 0.157 0.159 0.134 0.173 0.129 0.149 0.133 0.189 0.165 0.135 0.161 0.136 0.154 0.143 0.178 0.162 0.149 0.139 0.151 0.141 0.130 0.149 0.131 0.150 0.141 0.144 0.155 0.134 0.160 0.136 0.164 0.123 0.188 0.169 0.137 0.149 0.132 0.161 0.131 0.169 0.162 0.165 0.137 0.142 0.146 0.149 0.171 0.137 0.154 0.136 0.145 0.144 0.145 0.159 0.150 0.146 0.126 0.156 0.173 0.169 0.136 0.140 0.152 0.129 0.145 0.131 0.156 0.135 0.163 0.140 0.134 0.158 0.140 0.144 0.128 0.175 0.138 0.155 0.173 0.133 0.155 0.132 0.159 0.136 0.149 0.134 0.133 0.157 0.143 0.169 0.140 0.152 0.140 0.175 0.136 0.137 0.164 0.144 0.148 0.125 0.179 0.164 0.148 0.143 0.139 0.155 0.139 0.173 0.154 0.161 0.163 0.140 0.140 0.128 0.151 0.126 0.146 0.137 0.150 0.135 0.148 0.164 0.136 0.150 0.117 0.146 0.151 0.150 0.158 0.154 0.145 0.142 0.143 0.137 0.140 0.135 0.141 0.150 0.138 0.174 0.135 0.152 0.129 0.159 0.172 0.152 0.139 0.134 0.152 0.128 0.146 0.134 0.180 0.157 0.132 0.147 0.150 0.171 0.145 0.174 0.155 0.144 0.144 0.126 0.143 0.129 0.149 0.135 0.152 0.140 0.163 0.169 0.129 0.153 0.143 0.166 0.157 0.190 0.166 0.132 0.143 0.151 0.174 0.144 0.161 0.134 0.146 0.147 0.158 0.139 0.146 0.171 0.137 0.147 0.132 0.177 0.170 0.130 0.149 0.149 0.141 0.125 0.151 0.145 0.139 0.165 0.152 0.150 0.127 0.154 0.145 0.169 0.141 0.168 0.178 0.154 0.142 0.138 0.177 0.129 0.148 0.155 0.141 0.141 0.137 0.161 0.135 0.150 0.154 0.175 0.138 0.151 0.178 0.150 0.165 0.129 0.151 0.141 0.175 0.164 0.133 0.168 0.148 0.172 0.156 0.149 0.147 0.153 0.153 0.137 0.160 0.142 0.162 0.144 0.164 0.162 0.145 0.155 0.153 0.170 0.140 0.179 0.166 0.182 0.149 0.151 0.175 0.152 0.165 0.156 0.186 0.173 0.184 0.160 0.148 0.183 0.151 0.171 0.150 0.165 0.181 0.197 0.165 0.164
MOVE_DONE,OPEN,STEPS_FINISHED,current,0.174 0.195 0.164 0.149 0.154 0.138 0.189 0.170 0.157 0.154 0.160 0.167 0.145 0.153 0.140 0.183 0.169 0.156 0.158 0.154 0.161 0.149 0.147 0.142 0.178 0.166 0.158 0.153 0.141 0.166 0.150 0.158 0.141 0.173 0.163 0.155 0.150 0.143 0.173 0.143 0.149 0.142 0.172 0.160 0.154 0.149 0.128 0.166 0.156 0.159 0.136 0.165 0.165 0.151 0.141 0.127 0.176 0.151 0.151 0.147 0.166 0.139 0.134 0.146 0.129 0.156 0.139 0.170 0.161 0.142 0.153 0.144 0.134 0.129 0.175 0.153 0.152 0.165 0.150 0.166 0.133 0.158 0.134 0.159 0.155 0.148 0.169 0.145 0.150 0.125 0.188 0.131 0.157 0.146 0.158 0.140 0.147 0.166 0.137 0.144 0.148 0.173 0.143 0.164 0.147 0.140 0.157 0.139 0.163 0.138 0.164 0.159 0.155 0.156 0.134 0.157 0.133 0.182 0.135 0.151 0.137 0.144 0.163 0.131 0.159 0.148 0.160 0.147 0.163 0.161 0.145 0.141 0.125 0.176 0.152 0.157 0.136 0.171 0.144 0.133 0.160 0.148 0.176 0.138 0.149 0.148 0.150 0.144 0.137 0.153 0.144 0.160 0.146 0.143 0.145 0.147 0.148 0.133 0.152 0.143 0.154 0.137 0.146 0.154 0.145 0.143 0.133 0.187 0.137 0.154 0.145 0.172 0.154 0.139 0.145 0.147 0.176 0.132 0.155 0.145 0.143 0.154 0.138 0.140 0.139 0.150 0.147 0.165 0.164 0.159 0.151 0.140 0.140 0.149 0.154 0.142 0.166 0.153 0.139 0.147 0.125 0.165 0.136 0.156 0.144 0.143 0.146 0.144 0.142 0.127 0.169 0.135 0.158 0.135 0.143 0.150 0.143 0.140 0.132 0.161 0.143 0.142 0.149 0.159 0.159 0.127 0.150 0.154 0.145 0.142 0.154 0.141 0.151 0.164 0.124 0.161 0.133 0.159 0.161 0.142 0.145 0.156 0.161 0.121 0.181 0.157 0.151 0.138 0.172 0.162 0.135 0.145 0.134 0.160 0.152 0.148 0.149 0.152 0.145 0.134 0.155 0.142 0.157 0.144 0.149 0.145 0.149 0.150 0.136 0.152 0.140 0.158 0.140 0.148 0.150 0.148 0.143 0.137 0.161 0.148 0.154 0.142 0.150 0.152 0.137 0.148 0.140 0.184 0.130 0.168 0.163 0.147 0.137 0.134 0.155 0.138 0.163 0.144 0.143 0.162 0.150 0.165 0.121 0.154 0.146 0.162 0.156 0.146 0.157 0.142 0.145 0.139 0.147 0.144 0.171
MOVE_DONE,OPEN_RESET,STALL,current,0.152 0.147 0.153 0.119 0.159 0.141 0.161 0.133 0.149 0.156 0.138 0.151 0.139 0.180 0.156 0.169 0.166 0.166 0.154 0.145 0.142 0.129 0.154 0.146 0.149 0.144 0.153 0.137 0.141 0.144 0.150 0.160 0.142 0.144 0.151 0.158 0.154 0.147 0.144 0.143 0.163 0.138 0.153 0.163 0.137 0.151 0.136 0.154 0.148 0.155 0.163 0.161 0.165 0.149 0.140 0.144 0.154 0.149 0.145 0.144 0.150 0.144 0.136 0.149 0.140 0.156 0.140 0.151 0.144 0.144 0.147 0.137 0.157 0.140 0.161 0.146 0.143 0.146 0.147 0.142 0.130 0.157 0.147 0.152 0.139 0.148 0.152 0.141 0.146 0.137 0.163 0.141 0.148 0.147 0.148 0.146 0.138 0.152 0.142 0.160 0.144 0.152 0.146 0.145 0.150 0.133 0.149 0.144 0.162 0.145 0.141 0.151 0.144 0.147 0.131 0.159 0.146 0.154 0.140 0.149 0.147 0.139 0.148 0.138 0.162 0.139 0.155 0.145 0.155 0.160 0.146 0.135 0.139 0.165 0.137 0.150 0.161 0.149 0.160 0.134 0.146 0.135 0.180 0.149 0.151 0.152 0.157 0.154 0.136 0.176 0.129 0.147 0.145 0.167 0.149 0.143 0.147 0.142 0.160 0.145 0.151 0.141 0.149 0.154 0.147 0.162 0.134 0.161 0.140 0.143 0.144 0.147 0.153 0.138 0.164 0.144 0.156 0.143 0.169 0.163 0.152 0.146 0.134 0.169 0.134 0.171 0.157 0.157 0.142 0.160 0.158 0.120 0.144 0.144 0.163 0.142 0.161 0.168 0.150 0.149 0.127 0.167 0.146 0.165 0.165 0.147 0.147 0.131 0.151 0.143 0.159 0.142 0.151 0.151 0.147 0.148 0.137 0.152 0.141 0.163 0.144 0.145 0.143 0.155 0.133 0.138 0.141 0.149 0.153 0.135 0.169 0.164 0.139 0.142 0.140 0.157 0.155 0.156 0.137 0.150 0.161 0.141 0.167 0.137 0.153 0.135 0.148 0.145 0.153 0.158 0.138 0.145 0.130 0.188 0.154 0.150 0.153 0.166 0.139 0.130 0.158 0.146 0.155 0.139 0.149 0.155 0.144 0.145 0.139 0.160 0.142 0.153 0.144 0.151 0.148 0.141 0.148 0.137 0.161 0.147 0.153 0.146 0.149 0.148 0.139 0.149 0.145 0.164 0.143 0.148 0.152 0.152 0.145 0.146 0.159 0.145 0.184 0.173 0.165 0.197 0.217
MOVE_DONE,OPEN_RESET_FORWARD,STEPS_FINISHED,current,0.163 0.154 0.148 0.145 0.170 0.147 0.143 0.168 0.144 0.153 0.136 0.175 0.136 0.150 0.121 0.145 0.139 0.149 0.139 0.128 0.150 0.124 0.144 0.132 0.177 0.166 0.138 0.147 0.130 0.143 0.125 0.157 0.156 0.150 0.160 0.124 0.145 0.133 0.151 0.122 0.142 0.151 0.159 0.168 0.125 0.164 0.132 0.147 0.124 0.177 0.168 0.132 0.141 0.137 0.161 0.137 0.170 0.142 0.150 0.163 0.132 0.149 0.149 0.169 0.136 0.147 0.128 0.179 0.167 0.147 0.142 0.149 0.170 0.124 0.142 0.145 0.155 0.159 0.151 0.149 0.143 0.163 0.146 0.154 0.140 0.166 0.174 0.138 0.162 0.137 0.169 0.160 0.176 0.168 0.144 0.138 0.127 0.153 0.128 0.143 0.134 0.158 0.156 0.124 0.148 0.151 0.171 0.134 0.153 0.137 0.167 0.161 0.152 0.144 0.142 0.146 0.126 0.166 0.156 0.143 0.161 0.146 0.147 0.130 0.156 0.124 0.154 0.150 0.147 0.165 0.147 0.148 0.128 0.136 0.134 0.157 0.164 0.152 0.145 0.132 0.150 0.132 0.175 0.143 0.150 0.142 0.145 0.163 0.148 0.144 0.126 0.156 0.159 0.167 0.140 0.150 0.175 0.143 0.166 0.122 0.145 0.149 0.149 0.161 0.133 0.158 0.133 0.166 0.132 0.152 0.143 0.142 0.162 0.154 0.174 0.146 0.159 0.153 0.145 0.140 0.150 0.181 0.142 0.150 0.127 0.151 0.136 0.173 0.170 0.139 0.145 0.149 0.166 0.123
MOVE_DONE,CLOSE,STALL,current,0.160 0.136 0.144 0.141 0.171 0.164 0.126 0.154 0.128 0.153 0.124 0.180 0.160 0.130 0.150 0.151 0.175 0.137 0.143 0.137 0.154 0.161 0.156 0.173 0.140 0.174 0.136 0.145 0.128 0.179 0.170 0.135 0.145 0.148 0.177 0.137 0.155 0.160 0.166 0.136 0.147 0.182 0.141 0.167 0.147 0.153 0.136 0.160 0.170 0.138 0.151 0.137 0.165 0.143 0.178 0.170 0.162 0.160 0.135 0.157 0.135 0.161 0.134 0.148 0.137 0.147 0.177 0.140 0.153 0.133 0.177 0.137 0.156 0.147 0.139 0.145 0.146 0.140 0.131 0.180 0.165 0.147 0.141 0.147 0.181 0.131 0.172 0.124 0.155 0.141 0.162 0.173 0.139 0.160 0.134 0.163 0.132 0.181 0.162 0.129 0.150 0.129 0.155 0.141 0.175 0.147 0.150 0.168 0.147 0.143 0.145 0.174 0.134 0.147 0.135 0.160 0.139 0.132 0.156 0.130 0.154 0.140 0.175 0.145 0.137 0.148 0.139 0.156 0.136 0.170 0.143 0.152 0.142 0.137 0.140 0.144 0.171 0.137 0.145 0.132 0.185 0.141 0.140 0.160 0.138 0.153 0.120 0.168 0.165 0.151 0.161 0.136 0.152 0.146 0.174 0.130 0.190 0.164 0.133 0.151 0.134 0.161 0.133 0.157 0.152 0.174 0.170 0.155 0.140 0.133 0.159 0.136 0.168 0.165 0.179 0.164 0.122 0.159 0.151 0.175 0.137 0.156 0.143 0.141 0.134 0.149 0.172 0.133 0.156 0.140 0.180 0.169 0.164 0.166 0.123 0.147 0.143 0.168 0.153 0.174 0.144 0.142 0.146 0.146 0.171 0.135 0.141 0.161 0.151 0.136 0.148 0.171 0.140 0.148 0.122 0.145 0.136 0.171 0.163 0.151 0.145 0.141 0.171 0.149 0.172 0.136 0.147 0.139 0.144 0.180 0.136 0.149 0.126 0.157 0.171 0.157 0.162 0.134 0.154 0.123 0.143 0.145 0.163 0.158 0.132 0.146 0.145 0.167 0.134 0.145 0.134 0.152 0.167 0.145 0.160 0.150 0.147 0.123 0.139 0.147 0.148 0.139 0.140 0.166 0.141 0.146 0.121 0.188 0.161 0.140 0.141 0.148 0.175 0.124 0.148 0.145 0.144 0.141 0.157 0.178 0.138 0.168 0.136 0.142 0.140 0.164 0.171 0.125 0.145 0.136 0.162 0.140 0.164 0.140 0.149 0.138 0.148 0.149 0.141 0.144 0.152 0.173 0.139 0.141 0.147 0.146 0.162 0.131 0.160 0.124 0.142 0.159 0.140 0.152 0.131 0.154 0.135 0.172 0.152 0.150 0.137 0.126 0.152 0.140 0.159 0.136 0.176 0.138 0.169 0.168 0.140 0.158 0.132 0.154 0.122 0.189 0.165 0.141 0.155 0.125 0.153 0.132 0.166 0.126 0.150 0.170 0.161 0.165 0.152 0.176 0.131 0.146 0.133 0.180 0.160 0.152 0.146 0.136 0.157 0.132 0.175 0.161 0.154 0.160 0.127 0.152 0.137 0.172 0.146 0.147 0.145 0.175 0.160 0.140 0.153 0.153 0.164 0.128 0.166 0.177 0.149 0.165 0.146 0.163 0.143 0.169 0.155 0.153 0.147 0.166 0.170 0.146 0.169 0.142 0.163 0.149 0.162 0.161 0.142 0.161 0.145 0.179 0.152 0.179 0.190 0.155 0.142 0.161 0.182 0.153 0.159 0.162 0.174 0.177 0.156 0.186 0.156 0.181 0.166 0.193 0.157 0.166 0.180 0.160 0.190 0.144 0.198 0.165 0.196 0.160 0.175 0.187 0.149 0.226 0.181 0.189 0.179 0.191
MOVE_DONE,OPEN,STEPS_FINISHED,current,0.189 0.185 0.156 0.156 0.149 0.180 0.169 0.159 0.146 0.165 0.175 0.160 0.146 0.138 0.199 0.176 0.158 0.152 0.182 0.175 0.154 0.151 0.132 0.186 0.160 0.155 0.151 0.160 0.172 0.153 0.151 0.130 0.196 0.169 0.151 0.151 0.163 0.162 0.136 0.149 0.141 0.189 0.151 0.151 0.153 0.159 0.153 0.138 0.156 0.139 0.170 0.161 0.156 0.141 0.154 0.160 0.128 0.159 0.162 0.154 0.138 0.166 0.161 0.143 0.143 0.134 0.153 0.136 0.152 0.139 0.154 0.163 0.130 0.156 0.133 0.149 0.142 0.150 0.149 0.161 0.162 0.142 0.147 0.137 0.180 0.157 0.142 0.150 0.147 0.149 0.133 0.162 0.147 0.157 0.142 0.152 0.168 0.138 0.157 0.138 0.165 0.139 0.148 0.148 0.150 0.161 0.137 0.151 0.133 0.150 0.143 0.143 0.147 0.149 0.149 0.137 0.154 0.147 0.161 0.139 0.148 0.153 0.143 0.145 0.137 0.160 0.140 0.150 0.145 0.151 0.160 0.139 0.143 0.123 0.182 0.142 0.151 0.142 0.145 0.150 0.137 0.151 0.141 0.161 0.147 0.145 0.165 0.147 0.154 0.128 0.154 0.134 0.155 0.155 0.147 0.153 0.152 0.131 0.139 0.178 0.139 0.157 0.143 0.146 0.148 0.140 0.147 0.133 0.159 0.143 0.175 0.135 0.167 0.163 0.139 0.143 0.130 0.181 0.147 0.142 0.148 0.166 0.161 0.137 0.148 0.138 0.178 0.151 0.147 0.154 0.151 0.157 0.136 0.155 0.142 0.159 0.143 0.143 0.149 0.146 0.144 0.136 0.161 0.148 0.156 0.141 0.151 0.151 0.143 0.148 0.141 0.166 0.156 0.148 0.149 0.161 0.157 0.136 0.143 0.134 0.147 0.145 0.152 0.148 0.147 0.153 0.124 0.148 0.152 0.159 0.156 0.145 0.152 0.156 0.142 0.138 0.150 0.151 0.166 0.141 0.155 0.146 0.149 0.161 0.137 0.156 0.137 0.170 0.137 0.157 0.135 0.142 0.170 0.149 0.181 0.157 0.147 0.139 0.162 0.159 0.136 0.147 0.135 0.179 0.149 0.152 0.149 0.144 0.147 0.123 0.163 0.130 0.152 0.162 0.150 0.150 0.147 0.147 0.139 0.156 0.146 0.156 0.140 0.146 0.149 0.134 0.152 0.139 0.166 0.147 0.143 0.147 0.149 0.142 0.128 0.155 0.150 0.150 0.149 0.150 0.150 0.141 0.145 0.138 0.159 0.140 0.159 0.145 0.144 0.148 0.142 0.153 0.128 0.163 0.148
MOVE_DONE,OPEN_RESET,STALL,current,0.180 0.166 0.159 0.149 0.153 0.133 0.137 0.178 0.142 0.152 0.139 0.153 0.166 0.139 0.146 0.135 0.174 0.132 0.150 0.147 0.144 0.145 0.139 0.154 0.137 0.163 0.145 0.148 0.146 0.147 0.149 0.132 0.153 0.147 0.164 0.153 0.147 0.156 0.153 0.155 0.133 0.155 0.135 0.146 0.146 0.158 0.137 0.142 0.142 0.122 0.159 0.145 0.150 0.150 0.158 0.155 0.139 0.155 0.137 0.155 0.142 0.149 0.147 0.155 0.150 0.133 0.181 0.148 0.163 0.137 0.151 0.151 0.145 0.142 0.138 0.161 0.141 0.157 0.166 0.145 0.140 0.142 0.146 0.145 0.164 0.138 0.152 0.160 0.146 0.156 0.139 0.146 0.148 0.156 0.133 0.159 0.168 0.150 0.145 0.133 0.170 0.149 0.146 0.137 0.170 0.161 0.146 0.142 0.128 0.165 0.156 0.157 0.141 0.145 0.155 0.145 0.148 0.138 0.159 0.147 0.149 0.146 0.150 0.146 0.135 0.151 0.141 0.159 0.146 0.149 0.151 0.148 0.148 0.137 0.149 0.139 0.162 0.142 0.157 0.167 0.159 0.143 0.132 0.155 0.147 0.152 0.140 0.149 0.151 0.145 0.146 0.133 0.164 0.132 0.174 0.147 0.150 0.138 0.142 0.166 0.127 0.164 0.148 0.140 0.137 0.154 0.167 0.135 0.150 0.139 0.166 0.142 0.148 0.147 0.157 0.157 0.136 0.175 0.140 0.173 0.143 0.150 0.148 0.147 0.139 0.119 0.147 0.142 0.156 0.133 0.157 0.143 0.147 0.159 0.146 0.166 0.137 0.152 0.165 0.151 0.151 0.136 0.156 0.132 0.153 0.154 0.150 0.153 0.144 0.161 0.146 0.172 0.144 0.153 0.149 0.147 0.143 0.164 0.160 0.141 0.152 0.159 0.146 0.136 0.167 0.164 0.143 0.144 0.131 0.179 0.155 0.153 0.144 0.162 0.159 0.142 0.151 0.133 0.162 0.158 0.149 0.164 0.145 0.146 0.126 0.150 0.133 0.166 0.138 0.143 0.151 0.149 0.142 0.129 0.163 0.147 0.150 0.144 0.163 0.163 0.140 0.153 0.124 0.158 0.136 0.157 0.148 0.143 0.154 0.146 0.165 0.138 0.185 0.140 0.148 0.147 0.153 0.151 0.132 0.171 0.147 0.177 0.150 0.147 0.147 0.139 0.147 0.142 0.154 0.147 0.158 0.160 0.142 0.155 0.145 0.147 0.126 0.149 0.147 0.160 0.141 0.151 0.151 0.137 0.148 0.135 0.180 0.156 0.146 0.157 0.178 0.171 0.160 0.166 0.163 0.225 0.214 0.271
MOVE_DONE,OPEN_RESET_FORWARD,STEPS_FINISHED,current,0.159 0.122 0.184 0.158 0.148 0.139 0.147 0.182 0.130 0.155 0.152 0.173 0.134 0.157 0.168 0.139 0.151 0.129 0.164 0.127 0.145 0.151 0.138 0.145 0.124 0.147 0.134 0.147 0.155 0.149 0.142 0.146 0.161 0.153 0.152 0.125 0.144 0.142 0.153 0.168 0.130 0.152 0.143 0.141 0.128 0.150 0.153 0.144 0.161 0.147 0.150 0.141 0.164 0.127 0.153 0.153 0.151 0.169 0.140 0.169 0.141 0.139 0.131 0.151 0.134 0.149 0.172 0.135 0.160 0.131 0.143 0.151 0.147 0.134 0.135 0.143 0.127 0.148 0.129 0.148 0.136 0.145 0.148 0.145 0.160 0.134 0.147 0.121 0.184 0.170 0.138 0.163 0.128 0.152 0.126 0.157 0.144 0.150 0.144 0.132 0.151 0.145 0.169 0.132 0.151 0.129 0.175 0.171 0.150 0.144 0.135 0.161 0.133 0.148 0.137 0.177 0.167 0.129 0.157 0.143 0.164 0.143 0.155 0.159 0.157 0.142 0.151 0.180 0.131 0.148 0.129 0.190 0.137 0.140 0.152 0.138 0.152 0.131 0.154 0.154 0.148 0.142 0.132 0.163 0.150 0.147 0.129 0.147 0.137 0.184 0.144 0.150 0.181 0.137 0.146 0.142 0.173 0.140 0.163 0.168 0.138 0.159 0.124 0.171 0.131 0.147 0.149 0.139 0.143 0.148 0.169 0.140 0.157 0.135 0.153 0.170 0.157 0.139 0.131 0.158 0.134 0.164 0.138 0.141 0.143 0.143 0.163 0.152 0.139 0.127 0.164 0.152 0.141 0.163
MOVE_DONE,CLOSE,STALL,current,0.148 0.141 0.129 0.140 0.127 0.153 0.138 0.177 0.165 0.139 0.148 0.126 0.153 0.120 0.169 0.160 0.157 0.142 0.131 0.147 0.127 0.150 0.127 0.148 0.141 0.138 0.138 0.135 0.176 0.135 0.148 0.130 0.188 0.177 0.154 0.173 0.134 0.149 0.129 0.179 0.156 0.142 0.138 0.133 0.143 0.146 0.172 0.150 0.165 0.136 0.147 0.146 0.137 0.170 0.135 0.151 0.125 0.181 0.169 0.147 0.152 0.129 0.162 0.138 0.170 0.132 0.183 0.167 0.136 0.145 0.150 0.145 0.130 0.155 0.150 0.148 0.136 0.153 0.172 0.136 0.162 0.139 0.149 0.135 0.172 0.164 0.135 0.147 0.130 0.154 0.145 0.152 0.145 0.142 0.135 0.151 0.151 0.133 0.140 0.134 0.159 0.160 0.157 0.177 0.136 0.162 0.130 0.152 0.131 0.174 0.170 0.136 0.144 0.139 0.154 0.131 0.177 0.156 0.148 0.144 0.129 0.151 0.129 0.156 0.144 0.150 0.137 0.150 0.169 0.131 0.163 0.137 0.160 0.127 0.178 0.165 0.142 0.147 0.137 0.169 0.141 0.174 0.139 0.152 0.141 0.131 0.144 0.152 0.177 0.133 0.148 0.135 0.172 0.134 0.146 0.175 0.137 0.147 0.118 0.147 0.141 0.143 0.144 0.131 0.151 0.141 0.168 0.148 0.148 0.138 0.138 0.136 0.137 0.165 0.140 0.146 0.128 0.148 0.146 0.133 0.147 0.142 0.158 0.121 0.156 0.164 0.146 0.144 0.136 0.173 0.148 0.141 0.126 0.177 0.163 0.142 0.147 0.147 0.169 0.137 0.162 0.121 0.144 0.153 0.151 0.158 0.149 0.154 0.144 0.165 0.124 0.191 0.163 0.131 0.145 0.151 0.178 0.130 0.150 0.140 0.155 0.171 0.138 0.160 0.149 0.144 0.128 0.147 0.140 0.155 0.163 0.148 0.145 0.150 0.166 0.148 0.186 0.161 0.139 0.142 0.131 0.153 0.127 0.143 0.143 0.154 0.136 0.159 0.171 0.131 0.151 0.127 0.146 0.130 0.158 0.163 0.151 0.163 0.134 0.163 0.148 0.169 0.161 0.152 0.145 0.147 0.149 0.144 0.163 0.124 0.152 0.137 0.169 0.168 0.137 0.152 0.141 0.142 0.134 0.155 0.144 0.139 0.142 0.128 0.148 0.125 0.147 0.133 0.155 0.146 0.142 0.161 0.136 0.147 0.130 0.173 0.158 0.164 0.140 0.139 0.159 0.138 0.166 0.142 0.159 0.144 0.147 0.142 0.145 0.168 0.134 0.148 0.120 0.145 0.147 0.170 0.165 0.132 0.161 0.141 0.168 0.157 0.182 0.165 0.131 0.143 0.131 0.147 0.128 0.151 0.147 0.144 0.147 0.135 0.169 0.128 0.156 0.127 0.163 0.138 0.180 0.160 0.144 0.177 0.152 0.169 0.139 0.161 0.169 0.135 0.142 0.151 0.176 0.134 0.147 0.128 0.148 0.150 0.135 0.162 0.150 0.152 0.137 0.173 0.149 0.154 0.142 0.151 0.138 0.136 0.173 0.138 0.144 0.144 0.181 0.160 0.142 0.176 0.151 0.171 0.144 0.155 0.138 0.176 0.174 0.133 0.155 0.144 0.155 0.141 0.151 0.157 0.154 0.173 0.145 0.188 0.154 0.155 0.145 0.196 0.182 0.149 0.154 0.163 0.173 0.147 0.158 0.145 0.160 0.153 0.165 0.175 0.161 0.172 0.163
MOVE_DONE,OPEN,STEPS_FINISHED,current,0.156 0.150 0.141 0.166 0.153 0.159 0.152 0.156 0.159 0.148 0.154 0.141 0.162 0.149 0.165 0.152 0.154 0.155 0.147 0.162 0.138 0.157 0.141 0.166 0.159 0.157 0.142 0.138 0.161 0.151 0.158 0.133 0.171 0.162 0.146 0.148 0.137 0.173 0.142 0.157 0.147 0.163 0.157 0.151 0.158 0.135 0.159 0.147 0.151 0.140 0.149 0.150 0.141 0.162 0.132 0.165 0.142 0.172 0.149 0.161 0.148 0.145 0.137 0.138 0.149 0.145 0.148 0.141 0.149 0.147 0.135 0.145 0.155 0.161 0.154 0.146 0.156 0.143 0.145 0.129 0.173 0.149 0.157 0.140 0.151 0.149 0.151 0.158 0.137 0.155 0.138 0.172 0.160 0.147 0.162 0.142 0.142 0.129 0.190 0.155 0.143 0.147 0.169 0.154 0.137 0.151 0.138 0.186 0.152 0.161 0.151 0.143 0.148 0.136 0.156 0.139 0.159 0.143 0.144 0.144 0.143 0.149 0.132 0.162 0.146 0.156 0.142 0.147 0.152 0.135 0.143 0.135 0.164 0.144 0.148 0.148 0.153 0.149 0.134 0.155 0.136 0.159 0.146 0.151 0.143 0.144 0.149 0.138 0.149 0.139 0.162 0.141 0.144 0.147 0.147 0.142 0.134 0.157 0.146 0.151 0.141 0.147 0.165 0.145 0.152 0.130 0.157 0.142 0.153 0.146 0.146 0.148 0.130 0.149 0.144 0.149 0.148 0.166 0.148 0.152 0.151 0.140 0.149 0.153 0.151 0.143 0.147 0.147 0.147 0.146 0.137 0.162 0.147 0.153 0.144 0.149 0.150 0.141 0.147 0.138 0.156 0.142 0.152 0.146 0.150 0.146 0.139 0.151 0.138 0.159 0.146 0.150 0.142 0.151 0.151 0.132 0.151 0.144 0.163 0.142 0.144 0.150 0.142 0.141 0.136 0.157 0.147 0.157 0.143 0.153 0.152 0.138 0.150 0.138 0.148 0.137 0.148 0.145 0.142 0.151 0.142 0.140 0.144 0.189 0.153 0.141 0.147 0.171 0.142 0.134 0.170 0.137 0.166 0.133 0.148 0.148 0.143 0.153 0.138 0.146 0.130 0.178 0.161 0.144 0.137 0.148 0.163 0.126 0.159 0.135 0.158 0.161 0.143 0.156 0.142 0.144 0.137 0.165 0.145 0.147 0.146 0.153 0.147 0.135 0.151 0.140 0.156 0.144 0.149 0.146 0.146 0.147 0.138 0.155 0.139 0.160 0.144 0.149 0.148 0.148 0.147 0.131 0.152 0.145 0.156 0.140 0.149 0.153 0.143 0.143 0.136 0.164 0.141 0.148 0.146
MOVE_DONE,OPEN_RESET,STALL,current,0.159 0.166 0.120 0.161 0.141 0.160 0.133 0.153 0.167 0.158 0.158 0.134 0.184 0.155 0.150 0.142 0.171 0.160 0.138 0.143 0.148 0.149 0.139 0.147 0.142 0.146 0.149 0.137 0.152 0.141 0.164 0.141 0.143 0.151 0.146 0.144 0.132 0.156 0.147 0.155 0.145 0.148 0.150 0.141 0.146 0.136 0.153 0.147 0.158 0.145 0.150 0.154 0.139 0.146 0.137 0.163 0.142 0.147 0.149 0.151 0.147 0.132 0.152 0.143 0.156 0.146 0.148 0.153 0.143 0.143 0.129 0.173 0.145 0.151 0.146 0.155 0.142 0.164 0.158 0.131 0.151 0.141 0.177 0.154 0.161 0.153 0.144 0.142 0.142 0.166 0.145 0.153 0.147 0.144 0.145 0.139 0.153 0.135 0.156 0.143 0.151 0.144 0.145 0.151 0.138 0.154 0.142 0.161 0.146 0.144 0.152 0.145 0.142 0.133 0.156 0.148 0.153 0.146 0.150 0.145 0.138 0.149 0.139 0.160 0.143 0.156 0.146 0.147 0.152 0.142 0.146 0.137 0.161 0.146 0.149 0.141 0.150 0.152 0.132 0.153 0.144 0.163 0.139 0.144 0.151 0.146 0.146 0.136 0.161 0.141 0.155 0.142 0.147 0.146 0.149 0.143 0.130 0.161 0.148 0.150 0.144 0.149 0.152 0.141 0.148 0.143 0.156 0.138 0.159 0.171 0.154 0.156 0.136 0.147 0.138 0.184 0.152 0.147 0.154 0.159 0.157 0.134 0.145 0.137 0.183 0.160 0.149 0.147 0.160 0.155 0.141 0.156 0.142 0.171 0.157 0.153 0.147 0.150 0.159 0.137 0.152 0.135 0.169 0.139 0.145 0.145 0.138 0.152 0.141 0.161 0.145 0.149 0.148 0.149 0.148 0.132 0.151 0.145 0.162 0.139 0.146 0.151 0.148 0.142 0.131 0.158 0.146 0.153 0.141 0.149 0.153 0.142 0.149 0.141 0.156 0.144 0.154 0.143 0.147 0.149 0.139 0.145 0.136 0.164 0.147 0.145 0.148 0.147 0.145 0.137 0.148 0.153 0.164 0.139 0.147 0.151 0.156 0.160 0.139 0.161 0.127 0.147 0.145 0.143 0.147 0.146 0.149 0.132 0.154 0.149 0.155 0.140 0.151 0.151 0.143 0.145 0.140 0.166 0.140 0.144 0.147 0.151 0.147 0.135 0.156 0.147 0.184 0.165 0.163 0.168 0.170
MOVE_DONE,OPEN_RESET_FORWARD,STEPS_FINISHED,current,0.164 0.149 0.147 0.120 0.137 0.152 0.157 0.136 0.133 0.161 0.139 0.152 0.137 0.159 0.159 0.141 0.167 0.150 0.147 0.134 0.154 0.154 0.149 0.139 0.158 0.170 0.135 0.155 0.134 0.140 0.135 0.150 0.142 0.139 0.161 0.150 0.177 0.142 0.177 0.165 0.147 0.138 0.128 0.159 0.139 0.169 0.153 0.170 0.140 0.148 0.176 0.139 0.148 0.128 0.144 0.128 0.163 0.153 0.139 0.139 0.132 0.164 0.145 0.164 0.153 0.153 0.142 0.147 0.144 0.132 0.161 0.135 0.151 0.138 0.168 0.167 0.146 0.150 0.123 0.139 0.126 0.160 0.163 0.143 0.137 0.144 0.145 0.140 0.163 0.133 0.147 0.145 0.159 0.135 0.136 0.164 0.128 0.158 0.133 0.171 0.143 0.157 0.173 0.140 0.152 0.128 0.144 0.139 0.150 0.162 0.137 0.144 0.142 0.168 0.142 0.145 0.138 0.159 0.176 0.145 0.169 0.138 0.150 0.121 0.149 0.149 0.148 0.158 0.132 0.152 0.121 0.138 0.131 0.153 0.142 0.130 0.144 0.149 0.173 0.146 0.166 0.130 0.151 0.141 0.151 0.166 0.139 0.157 0.127 0.139 0.142 0.154 0.158 0.126 0.145 0.148 0.171 0.147 0.178 0.139 0.138 0.136 0.151 0.176 0.141 0.164 0.132 0.152 0.136 0.160 0.145 0.135 0.159 0.129 0.176 0.130 0.143 0.146 0.143 0.156 0.141 0.153 0.129 0.176 0.160 0.152 0.134 0.144 0.149 0.135 0.164 0.145 0.154 0.139
MOVE_DONE,CLOSE,STALL,current,0.143 0.151 0.142 0.138 0.133 0.167 0.165 0.137 0.144 0.151 0.146 0.132 0.156 0.150 0.166 0.138 0.152 0.170 0.132 0.159 0.136 0.162 0.136 0.174 0.167 0.149 0.156 0.141 0.150 0.118 0.187 0.168 0.142 0.156 0.152 0.149 0.130 0.155 0.142 0.176 0.162 0.141 0.143 0.149 0.170 0.129 0.153 0.126 0.171 0.176 0.155 0.139 0.136 0.165 0.127 0.161 0.136 0.152 0.138 0.127 0.159 0.144 0.173 0.149 0.177 0.136 0.147 0.142 0.150 0.170 0.134 0.150 0.127 0.141 0.136 0.165 0.170 0.133 0.167 0.142 0.178 0.127 0.181 0.140 0.161 0.168 0.136 0.172 0.137 0.163 0.134 0.147 0.153 0.125 0.155 0.151 0.164 0.118 0.146 0.134 0.154 0.144 0.145 0.161 0.144 0.141 0.138 0.165 0.158 0.142 0.149 0.140 0.167 0.142 0.139 0.133 0.153 0.166 0.158 0.166 0.135 0.153 0.127 0.148 0.136 0.180 0.170 0.134 0.164 0.131 0.151 0.123 0.185 0.162 0.150 0.151 0.138 0.171 0.148 0.164 0.122 0.146 0.138 0.142 0.153 0.142 0.166 0.137 0.150 0.124 0.178 0.167 0.135 0.139 0.142 0.168 0.134 0.145 0.133 0.173 0.159 0.131 0.155 0.149 0.168 0.140 0.152 0.129 0.168 0.168 0.155 0.142 0.128 0.151 0.118 0.142 0.147 0.153 0.158 0.150 0.154 0.146 0.159 0.123 0.179 0.162 0.138 0.154 0.152 0.174 0.132 0.157 0.136 0.155 0.171 0.158 0.146 0.128 0.162 0.134 0.150 0.133 0.177 0.169 0.136 0.143 0.147 0.170 0.144 0.168 0.141 0.149 0.142 0.144 0.176 0.135 0.152 0.137 0.153 0.138 0.164 0.167 0.141 0.152 0.125 0.165 0.154 0.148 0.165 0.140 0.146 0.146 0.180 0.128 0.147 0.150 0.148 0.140 0.147 0.165 0.152 0.150 0.124 0.160 0.142 0.158 0.167 0.135 0.152 0.143 0.143 0.124 0.184 0.154 0.138 0.141 0.145 0.142 0.131 0.168 0.148 0.149 0.149 0.141 0.154 0.153 0.151 0.132 0.151 0.161 0.162 0.154 0.135 0.148 0.139 0.153 0.125 0.164 0.145 0.151 0.156 0.156 0.149 0.127 0.161 0.139 0.167 0.134 0.156 0.142 0.143 0.173 0.130 0.148 0.129 0.152 0.144 0.133 0.138 0.147 0.152 0.133 0.145 0.132 0.181 0.164 0.137 0.147 0.144 0.149 0.134 0.152 0.137 0.170 0.140 0.150 0.168 0.131 0.153 0.124 0.181 0.161 0.144 0.138 0.126 0.158 0.141 0.163 0.142 0.162 0.166 0.146 0.170 0.132 0.158 0.135 0.174 0.154 0.147 0.141 0.155 0.171 0.132 0.150 0.133 0.144 0.135 0.160 0.171 0.136 0.149 0.144 0.178 0.128 0.180 0.153 0.148 0.133 0.124 0.158 0.145 0.172 0.150 0.173 0.144 0.171 0.172 0.131 0.155 0.142 0.167 0.147 0.162 0.170 0.164 0.149 0.154 0.146 0.139 0.176 0.156 0.150 0.142 0.142 0.153 0.147 0.174 0.141 0.149 0.164 0.159 0.167 0.145 0.167 0.147 0.177 0.156 0.173 0.165 0.164 0.182 0.150 0.164 0.153 0.180 0.147 0.157 0.169 0.159 0.184 0.153 0.169 0.158 0.158 0.164 0.200 0.171 0.159 0.178 0.178 0.193 0.169 0.182
MOVE_DONE,OPEN,STEPS_FINISHED,current,0.161 0.140 0.165 0.147 0.188 0.173 0.157 0.154 0.154 0.165 0.150 0.157 0.141 0.169 0.165 0.162 0.152 0.146 0.174 0.156 0.161 0.141 0.172 0.165 0.152 0.142 0.145 0.177 0.148 0.154 0.140 0.159 0.161 0.157 0.139 0.124 0.179 0.147 0.157 0.137 0.167 0.163 0.147 0.144 0.132 0.184 0.150 0.150 0.142 0.166 0.158 0.147 0.146 0.135 0.150 0.142 0.151 0.159 0.149 0.165 0.138 0.164 0.140 0.191 0.130 0.154 0.149 0.150 0.148 0.137 0.156 0.144 0.155 0.143 0.149 0.144 0.140 0.148 0.137 0.154 0.144 0.157 0.147 0.146 0.148 0.146 0.163 0.142 0.168 0.150 0.163 0.140 0.161 0.141 0.134 0.168 0.131 0.159 0.138 0.146 0.149 0.147 0.143 0.130 0.170 0.145 0.152 0.140 0.162 0.159 0.145 0.144 0.130 0.168 0.151 0.149 0.139 0.162 0.162 0.145 0.144 0.128 0.186 0.152 0.163 0.134 0.149 0.145 0.141 0.164 0.149 0.162 0.132 0.168 0.162 0.156 0.144 0.138 0.157 0.142 0.162 0.146 0.145 0.144 0.145 0.149 0.131 0.159 0.146 0.161 0.141 0.148 0.153 0.143 0.143 0.137 0.163 0.140 0.154 0.146 0.152 0.145 0.137 0.151 0.141 0.159 0.142 0.153 0.149 0.147 0.153 0.133 0.148 0.143 0.163 0.163 0.146 0.169 0.152 0.158 0.132 0.161 0.135 0.176 0.129 0.149 0.152 0.140 0.148 0.135 0.163 0.144 0.149 0.146 0.144 0.150 0.140 0.150 0.135 0.163 0.134 0.167 0.160 0.161 0.154 0.144 0.135 0.145 0.183 0.140 0.149 0.141 0.147 0.145 0.124 0.141 0.142 0.155 0.141 0.147 0.147 0.140 0.144 0.136 0.153 0.143 0.156 0.144 0.146 0.150 0.143 0.144 0.133 0.160 0.146 0.152 0.144 0.152 0.152 0.134 0.148 0.138 0.164 0.138 0.145 0.149 0.151 0.145 0.133 0.155 0.144 0.158 0.145 0.147 0.145 0.147 0.146 0.133 0.153 0.139 0.159 0.142 0.144 0.153 0.142 0.143 0.133 0.161 0.148 0.150 0.146 0.151 0.157 0.142 0.163 0.141 0.156 0.139 0.146 0.150 0.155 0.138 0.140 0.169 0.140 0.179 0.146 0.163 0.151 0.159 0.147 0.137 0.142 0.141 0.180 0.155 0.145 0.148 0.159 0.157 0.138 0.156 0.157 0.149 0.142 0.170 0.161 0.140 0.168 0.129 0.159 0.145 0.152 0.147
MOVE_DONE,OPEN_RESET,STALL,current,0.151 0.161 0.144 0.167 0.137 0.143 0.144 0.149 0.149 0.137 0.154 0.143 0.160 0.134 0.153 0.165 0.152 0.157 0.136 0.148 0.139 0.155 0.141 0.155 0.161 0.152 0.160 0.141 0.170 0.140 0.157 0.133 0.152 0.142 0.144 0.156 0.139 0.171 0.138 0.152 0.143 0.159 0.144 0.145 0.138 0.137 0.182 0.141 0.150 0.136 0.152 0.164 0.130 0.145 0.151 0.146 0.145 0.149 0.151 0.165 0.153 0.133 0.175 0.126 0.177 0.137 0.144 0.146 0.146 0.149 0.136 0.156 0.147 0.152 0.141 0.146 0.153 0.143 0.142 0.139 0.166 0.144 0.149 0.147 0.147 0.151 0.138 0.152 0.142 0.156 0.146 0.151 0.150 0.145 0.147 0.138 0.154 0.139 0.161 0.143 0.141 0.151 0.150 0.142 0.131 0.160 0.145 0.157 0.143 0.145 0.165 0.142 0.140 0.154 0.181 0.144 0.151 0.149 0.157 0.150 0.142 0.145 0.130 0.178 0.154 0.155 0.141 0.166 0.160 0.131 0.147 0.136 0.177 0.148 0.144 0.147 0.165 0.156 0.139 0.155 0.135 0.177 0.152 0.156 0.149 0.145 0.140 0.129 0.169 0.150 0.157 0.142 0.160 0.157 0.144 0.148 0.128 0.179 0.160 0.150 0.139 0.171 0.162 0.130 0.152 0.142 0.157 0.141 0.145 0.150 0.146 0.142 0.137 0.153 0.141 0.154 0.144 0.151 0.149 0.144 0.149 0.137 0.155 0.146 0.155 0.140 0.144 0.154 0.135 0.145 0.140 0.165 0.145 0.148 0.147 0.149 0.145 0.137 0.154 0.142 0.158 0.145 0.151 0.152 0.147 0.148 0.134 0.152 0.142 0.163 0.139 0.143 0.149 0.144 0.141 0.133 0.161 0.148 0.146 0.143 0.161 0.143 0.140 0.148 0.139 0.165 0.142 0.149 0.147 0.140 0.152 0.139 0.148 0.136 0.160 0.146 0.143 0.146 0.161 0.151 0.142 0.140 0.147 0.182 0.137 0.152 0.165 0.146 0.147 0.122 0.155 0.156 0.146 0.146 0.162 0.139 0.134 0.146 0.132 0.145 0.150 0.168 0.160 0.143 0.145 0.149 0.159 0.145 0.162 0.142 0.163 0.158 0.157 0.143 0.135 0.166 0.132 0.159 0.145 0.149 0.155 0.151 0.150 0.147 0.154 0.150 0.163 0.138 0.148 0.146 0.146 0.146 0.138 0.157 0.149 0.157 0.144 0.170 0.178 0.151 0.151 0.149 0.206 0.205 0.218 0.270 0.193
MOVE_DONE,OPEN_RESET_FORWARD,STEPS_FINISHED,current,0.150 0.138 0.170 0.147 0.138 0.139 0.147 0.144 0.134 0.146 0.142 0.157 0.134 0.162 0.134 0.179 0.166 0.137 0.162 0.148 0.139 0.129 0.184 0.159 0.145 0.150 0.131 0.150 0.145 0.175 0.138 0.146 0.141 0.142 0.137 0.148 0.174 0.135 0.141 0.127 0.179 0.167 0.143 0.142 0.132 0.155 0.137 0.180 0.156 0.151 0.153 0.132 0.146 0.128 0.151 0.129 0.147 0.132 0.181 0.173 0.131 0.146 0.142 0.152 0.117 0.184 0.164 0.149 0.160 0.131 0.156 0.135 0.144 0.128 0.154 0.135 0.167 0.142 0.150 0.146 0.131 0.151 0.143 0.150 0.153 0.142 0.136 0.150 0.176 0.133 0.139 0.141 0.161 0.162 0.130 0.160 0.148 0.160 0.124 0.148 0.142 0.142 0.144 0.132 0.142 0.128 0.149 0.126 0.141 0.149 0.147 0.155 0.147 0.147 0.132 0.160 0.145 0.153 0.167 0.152 0.137 0.137 0.167 0.134 0.152 0.161 0.140 0.133 0.128 0.165 0.150 0.149 0.135 0.174 0.163 0.148 0.138 0.128 0.157 0.136 0.171 0.153 0.174 0.141 0.145 0.146 0.149 0.176 0.137 0.144 0.125 0.150 0.141 0.135 0.145 0.147 0.174 0.132 0.149 0.130 0.170 0.168 0.136 0.152 0.137 0.169 0.145 0.176 0.152 0.170 0.138 0.146 0.175 0.143 0.161 0.119 0.138 0.138 0.158 0.135 0.129 0.153 0.130 0.168 0.130 0.145 0.153 0.132 0.143 0.146 0.168 0.142 0.173 0.127
MOVE_DONE,CLOSE,STALL,current,0.144 0.153 0.139 0.154 0.147 0.163 0.133 0.149 0.145 0.147 0.142 0.129 0.151 0.148 0.172 0.140 0.150 0.140 0.142 0.140 0.128 0.152 0.141 0.166 0.150 0.165 0.138 0.132 0.151 0.144 0.160 0.135 0.172 0.155 0.149 0.170 0.157 0.143 0.147 0.171 0.132 0.140 0.136 0.147 0.142 0.131 0.155 0.144 0.158 0.121 0.185 0.168 0.140 0.159 0.132 0.147 0.140 0.172 0.140 0.179 0.162 0.135 0.150 0.142 0.174 0.138 0.158 0.152 0.146 0.141 0.148 0.165 0.140 0.166 0.128 0.175 0.164 0.156 0.155 0.131 0.164 0.150 0.137 0.118 0.147 0.146 0.134 0.134 0.152 0.163 0.141 0.147 0.131 0.159 0.142 0.171 0.177 0.132 0.165 0.136 0.148 0.131 0.160 0.164 0.132 0.141 0.132 0.152 0.122 0.138 0.148 0.150 0.140 0.150 0.171 0.155 0.163 0.145 0.171 0.135 0.167 0.174 0.140 0.144 0.128 0.151 0.125 0.172 0.164 0.149 0.137 0.137 0.149 0.141 0.169 0.150 0.155 0.140 0.155 0.142 0.134 0.164 0.131 0.147 0.135 0.147 0.140 0.148 0.174 0.128 0.147 0.126 0.178 0.169 0.171 0.163 0.154 0.145 0.130 0.161 0.147 0.147 0.148 0.151 0.161 0.147 0.164 0.141 0.143 0.128 0.148 0.154 0.139 0.138 0.151 0.171 0.131 0.152 0.133 0.148 0.141 0.131 0.142 0.129 0.152 0.129 0.148 0.136 0.152 0.139 0.133 0.155 0.136 0.161 0.141 0.174 0.147 0.138 0.137 0.130 0.158 0.134 0.163 0.128 0.148 0.151 0.140 0.163 0.152 0.168 0.134 0.148 0.130 0.162 0.175 0.142 0.143 0.154 0.170 0.137 0.166 0.142 0.158 0.161 0.132 0.145 0.149 0.170 0.142 0.154 0.145 0.149 0.169 0.154 0.144 0.128 0.143 0.131 0.151 0.168 0.158 0.142 0.132 0.154 0.140 0.177 0.127 0.188 0.172 0.137 0.148 0.146 0.176 0.137 0.159 0.133 0.189 0.140 0.152 0.170 0.154 0.168 0.128 0.144 0.149 0.135 0.150 0.140 0.156 0.141 0.172 0.126 0.171 0.168 0.143 0.142 0.145 0.180 0.145 0.161 0.128 0.155 0.144 0.132 0.168 0.140 0.161 0.122 0.147 0.157 0.181 0.162 0.137 0.145 0.128 0.152 0.128 0.168 0.135 0.152 0.137 0.147 0.174 0.138 0.155 0.133 0.169 0.139 0.174 0.166 0.136 0.168 0.131 0.147 0.127 0.182 0.160 0.135 0.144 0.148 0.146 0.126 0.155 0.152 0.170 0.140 0.142 0.144 0.149 0.177 0.136 0.146 0.135 0.175 0.170 0.132 0.148 0.142 0.161 0.119 0.176 0.165 0.146 0.145 0.145 0.168 0.139 0.157 0.150 0.149 0.138 0.164 0.179 0.135 0.168 0.137 0.153 0.126 0.182 0.174 0.135 0.153 0.138 0.169 0.132 0.166 0.161 0.152 0.141 0.151 0.176 0.139 0.150 0.132 0.176 0.142 0.148 0.140 0.152 0.174 0.137 0.159 0.131 0.183 0.172 0.139 0.148 0.152 0.161 0.138 0.144 0.148 0.177 0.178 0.142 0.178 0.167 0.168 0.149 0.190 0.178 0.156 0.148 0.165 0.155 0.153 0.180 0.163 0.159 0.146 0.194 0.181 0.169 0.183 0.176
MOVE_DONE,OPEN,STEPS_FINISHED,current,0.158 0.145 0.147 0.136 0.163 0.162 0.149 0.154 0.173 0.174 0.150 0.149 0.138 0.182 0.166 0.157 0.146 0.165 0.160 0.149 0.145 0.134 0.178 0.155 0.150 0.144 0.169 0.158 0.134 0.153 0.136 0.171 0.153 0.150 0.148 0.161 0.158 0.143 0.151 0.136 0.174 0.156 0.141 0.145 0.153 0.164 0.132 0.155 0.144 0.167 0.159 0.147 0.147 0.141 0.165 0.142 0.158 0.138 0.165 0.162 0.154 0.144 0.137 0.161 0.128 0.150 0.147 0.156 0.161 0.149 0.139 0.133 0.173 0.161 0.180 0.142 0.149 0.157 0.144 0.149 0.141 0.157 0.156 0.152 0.147 0.144 0.161 0.140 0.166 0.139 0.159 0.143 0.145 0.145 0.150 0.153 0.133 0.150 0.141 0.161 0.139 0.142 0.152 0.150 0.145 0.138 0.159 0.142 0.159 0.141 0.149 0.147 0.140 0.161 0.148 0.146 0.148 0.175 0.140 0.153 0.151 0.148 0.130 0.135 0.165 0.146 0.148 0.145 0.149 0.149 0.136 0.153 0.143 0.156 0.145 0.150 0.151 0.145 0.147 0.138 0.150 0.139 0.162 0.144 0.142 0.148 0.147 0.141 0.133 0.162 0.149 0.156 0.141 0.151 0.153 0.137 0.150 0.138 0.164 0.140 0.152 0.149 0.146 0.145 0.137 0.154 0.136 0.161 0.142 0.150 0.144 0.145 0.149 0.130 0.152 0.146 0.159 0.139 0.149 0.151 0.142 0.157 0.123 0.157 0.157 0.149 0.160 0.154 0.152 0.142 0.162 0.132 0.157 0.136 0.152 0.145 0.148 0.148 0.139 0.152 0.139 0.165 0.163 0.142 0.150 0.163 0.153 0.132 0.150 0.152 0.152 0.140 0.162 0.149 0.146 0.142 0.142 0.147 0.148 0.173 0.145 0.152 0.155 0.148 0.145 0.121 0.171 0.136 0.148 0.150 0.147 0.152 0.136 0.145 0.138 0.164 0.143 0.147 0.149 0.151 0.147 0.134 0.155 0.143 0.156 0.145 0.145 0.150 0.144 0.148 0.137 0.154 0.145 0.161 0.138 0.144 0.153 0.140 0.145 0.133 0.159 0.147 0.150 0.147 0.151 0.146 0.142 0.151 0.143 0.157 0.141 0.152 0.140 0.144 0.146 0.138 0.150 0.137 0.163 0.146 0.148 0.146 0.150 0.144 0.130 0.153 0.153 0.153 0.135 0.153 0.170 0.155 0.158 0.135 0.157 0.135 0.173 0.138 0.146 0.135 0.142 0.165 0.135 0.155 0.158 0.172 0.154 0.146 0.147 0.142 0.155 0.137 0.156 0.144 0.146
MOVE_DONE,OPEN_RESET,STALL,current,0.146 0.152 0.147 0.133 0.148 0.149 0.154 0.151 0.150 0.150 0.143 0.145 0.138 0.152 0.142 0.150 0.143 0.149 0.136 0.151 0.160 0.125 0.162 0.138 0.154 0.153 0.153 0.151 0.150 0.137 0.133 0.159 0.132 0.151 0.142 0.168 0.159 0.141 0.143 0.130 0.164 0.137 0.151 0.148 0.159 0.150 0.142 0.140 0.140 0.156 0.140 0.145 0.151 0.147 0.147 0.132 0.160 0.140 0.152 0.144 0.150 0.146 0.143 0.150 0.136 0.159 0.145 0.156 0.144 0.149 0.150 0.140 0.146 0.144 0.166 0.145 0.145 0.147 0.143 0.145 0.136 0.153 0.141 0.159 0.144 0.147 0.145 0.147 0.145 0.124 0.155 0.133 0.165 0.134 0.148 0.153 0.155 0.154 0.133 0.160 0.142 0.154 0.143 0.157 0.136 0.138 0.149 0.152 0.182 0.145 0.153 0.149 0.147 0.152 0.139 0.148 0.153 0.184 0.144 0.160 0.150 0.149 0.149 0.133 0.152 0.133 0.145 0.146 0.164 0.154 0.145 0.134 0.139 0.172 0.143 0.157 0.162 0.142 0.148 0.150 0.155 0.134 0.157 0.141 0.171 0.154 0.156 0.153 0.145 0.168 0.143 0.160 0.137 0.149 0.147 0.159 0.154 0.135 0.153 0.131 0.145 0.140 0.149 0.151 0.141 0.154 0.120 0.181 0.138 0.161 0.144 0.148 0.167 0.149 0.162 0.143 0.185 0.157 0.150 0.162 0.145 0.151 0.131 0.154 0.136 0.181 0.160 0.153 0.150 0.158 0.151 0.141 0.146 0.132 0.176 0.157 0.153 0.166 0.152 0.157 0.131 0.153 0.147 0.155 0.139 0.148 0.153 0.137 0.142 0.135 0.184 0.137 0.152 0.150 0.150 0.135 0.142 0.166 0.137 0.182 0.142 0.149 0.145 0.148 0.151 0.137 0.151 0.143 0.162 0.145 0.141 0.150 0.152 0.142 0.137 0.159 0.145 0.155 0.142 0.149 0.146 0.143 0.149 0.136 0.155 0.145 0.157 0.145 0.146 0.148 0.142 0.150 0.134 0.165 0.146 0.147 0.142 0.150 0.146 0.136 0.152 0.144 0.157 0.139 0.146 0.151 0.143 0.143 0.136 0.156 0.140 0.156 0.145 0.150 0.143 0.145 0.163 0.121 0.170 0.157 0.148 0.142 0.151 0.156 0.151 0.151 0.151 0.197 0.177 0.158 0.163 0.217 0.224 0.251 0.256
MOVE_DONE,OPEN_RESET_FORWARD,STEPS_FINISHED,current,0.150 0.163 0.134 0.157 0.148 0.162 0.129 0.151 0.143 0.143 0.159 0.135 0.154 0.133 0.149 0.146 0.148 0.139 0.133 0.160 0.140 0.163 0.130 0.149 0.136 0.142 0.147 0.131 0.153 0.135 0.152 0.121 0.176 0.146 0.136 0.136 0.131 0.147 0.139 0.174 0.150 0.154 0.137 0.160 0.172 0.134 0.152 0.127 0.152 0.137 0.144 0.142 0.142 0.139 0.151 0.181 0.139 0.168 0.155 0.146 0.145 0.143 0.182 0.140 0.160 0.125 0.153 0.139 0.138 0.140 0.138 0.162 0.141 0.143 0.123 0.180 0.167 0.142 0.141 0.144 0.174 0.147 0.167 0.152 0.152 0.137 0.153 0.176 0.137 0.152 0.131 0.165 0.138 0.148 0.142 0.145 0.164 0.146 0.160 0.125 0.145 0.145 0.135 0.139 0.149 0.172 0.135 0.155 0.141 0.171 0.145 0.166 0.164 0.147 0.176 0.131 0.149 0.140 0.159 0.167 0.132 0.142 0.130 0.146 0.130 0.173 0.134 0.149 0.138 0.146 0.180 0.136 0.169 0.130 0.179 0.159 0.150 0.158 0.144 0.173 0.139 0.151 0.123 0.186 0.159 0.134 0.140 0.151 0.183 0.133 0.150 0.154 0.173 0.135 0.158 0.141 0.135 0.168 0.130 0.146 0.133 0.152 0.144 0.151 0.169 0.143 0.180 0.126 0.153 0.138 0.172 0.162 0.135 0.159 0.137 0.154 0.144 0.154 0.139 0.147 0.139 0.147 0.170 0.130 0.145 0.132 0.145 0.144 0.148 0.152 0.149 0.149 0.132 0.157
MOVE_DONE,CLOSE,STALL,current,0.144 0.144 0.155 0.139 0.156 0.171 0.129 0.144 0.133 0.143 0.135 0.150 0.167 0.142 0.160 0.154 0.147 0.131 0.154 0.159 0.177 0.132 0.143 0.178 0.148 0.146 0.132 0.151 0.141 0.159 0.163 0.132 0.160 0.123 0.157 0.158 0.172 0.159 0.138 0.161 0.149 0.149 0.130 0.155 0.148 0.166 0.137 0.146 0.171 0.139 0.167 0.130 0.145 0.145 0.149 0.167 0.133 0.174 0.132 0.146 0.122 0.180 0.163 0.135 0.138 0.148 0.166 0.142 0.148 0.129 0.154 0.145 0.159 0.172 0.139 0.161 0.137 0.147 0.139 0.153 0.156 0.131 0.154 0.132 0.151 0.125 0.174 0.161 0.146 0.137 0.152 0.174 0.132 0.162 0.145 0.160 0.161 0.142 0.143 0.146 0.173 0.137 0.152 0.123 0.147 0.139 0.167 0.161 0.151 0.181 0.133 0.152 0.139 0.157 0.142 0.156 0.167 0.132 0.160 0.136 0.145 0.137 0.153 0.171 0.134 0.141 0.148 0.146 0.129 0.141 0.157 0.144 0.133 0.150 0.174 0.138 0.153 0.148 0.173 0.144 0.140 0.151 0.147 0.164 0.137 0.172 0.160 0.174 0.138 0.140 0.135 0.148 0.171 0.138 0.173 0.151 0.151 0.136 0.147 0.171 0.140 0.154 0.122 0.143 0.145 0.154 0.157 0.152 0.169 0.130 0.148 0.124 0.180 0.160 0.135 0.144 0.128 0.149 0.128 0.143 0.129 0.149 0.141 0.155 0.161 0.137 0.177 0.135 0.147 0.131 0.187 0.167 0.134 0.146 0.144 0.171 0.129 0.176 0.150 0.146 0.139 0.131 0.142 0.131 0.147 0.128 0.140 0.137 0.175 0.162 0.136 0.160 0.143 0.162 0.153 0.156 0.144 0.143 0.169 0.154 0.173 0.140 0.173 0.146 0.151 0.158 0.157 0.171 0.136 0.148 0.130 0.147 0.133 0.173 0.168 0.136 0.148 0.149 0.172 0.123 0.147 0.147 0.145 0.156 0.152 0.173 0.138 0.148 0.124 0.141 0.148 0.148 0.162 0.151 0.144 0.139 0.172 0.126 0.148 0.146 0.142 0.157 0.135 0.166 0.137 0.156 0.154 0.172 0.139 0.155 0.174 0.133 0.146 0.122 0.153 0.152 0.146 0.166 0.129 0.153 0.140 0.157 0.150 0.146 0.152 0.153 0.163 0.147 0.155 0.142 0.167 0.152 0.156 0.134 0.156 0.166 0.135 0.158 0.133 0.177 0.168 0.145 0.143 0.129 0.142 0.126 0.152 0.128 0.147 0.144 0.177 0.145 0.145 0.169 0.133 0.151 0.126 0.153 0.141 0.152 0.139 0.136 0.157 0.137 0.175 0.151 0.146 0.141 0.143 0.170 0.148 0.173 0.134 0.151 0.128 0.184 0.141 0.150 0.170 0.132 0.159 0.126 0.181 0.161 0.159 0.162 0.128 0.151 0.149 0.144 0.136 0.152 0.137 0.136 0.143 0.144 0.167 0.132 0.153 0.127 0.183 0.177 0.160 0.166 0.132 0.153 0.139 0.177 0.150 0.151 0.151 0.137 0.146 0.142 0.175 0.134 0.163 0.135 0.152 0.142 0.162 0.167 0.141 0.164 0.151 0.156 0.149 0.162 0.168 0.154 0.156 0.149 0.163 0.151 0.193 0.157 0.147 0.179 0.152 0.161 0.147 0.185 0.174 0.158 0.152 0.174 0.177 0.148 0.169 0.151 0.160 0.142 0.186 0.209 0.150 0.186 0.163 0.174 0.153 0.201 0.192 0.221 0.168 0.152 0.173 0.172 0.190 0.191 0.173
MOVE_DONE,OPEN,STEPS_FINISHED,current,0.191 0.174 0.149 0.171 0.148 0.185 0.175 0.166 0.157 0.156 0.173 0.159 0.152 0.144 0.179 0.166 0.161 0.151 0.144 0.176 0.157 0.157 0.138 0.172 0.170 0.159 0.147 0.139 0.177 0.158 0.156 0.140 0.166 0.166 0.153 0.144 0.127 0.172 0.149 0.158 0.140 0.165 0.161 0.147 0.142 0.126 0.176 0.159 0.153 0.141 0.171 0.161 0.137 0.148 0.134 0.150 0.143 0.150 0.150 0.144 0.145 0.140 0.139 0.133 0.157 0.146 0.145 0.146 0.155 0.162 0.138 0.170 0.139 0.161 0.145 0.162 0.156 0.150 0.130 0.137 0.180 0.140 0.168 0.147 0.149 0.148 0.140 0.146 0.142 0.148 0.147 0.149 0.144 0.156 0.150 0.145 0.143 0.149 0.156 0.143 0.144 0.151 0.150 0.147 0.132 0.154 0.148 0.157 0.142 0.150 0.144 0.140 0.146 0.138 0.155 0.141 0.158 0.146 0.144 0.152 0.142 0.147 0.139 0.155 0.143 0.164 0.138 0.148 0.156 0.131 0.151 0.132 0.157 0.139 0.149 0.150 0.145 0.146 0.135 0.152 0.141 0.162 0.145 0.146 0.147 0.146 0.149 0.136 0.153 0.145 0.156 0.141 0.150 0.150 0.138 0.142 0.137 0.161 0.147 0.151 0.146 0.153 0.148 0.137 0.151 0.142 0.153 0.133 0.160 0.168 0.144 0.148 0.130 0.152 0.133 0.158 0.157 0.147 0.153 0.148 0.147 0.141 0.148 0.134 0.183 0.137 0.150 0.155 0.141 0.146 0.141 0.156 0.129 0.172 0.159 0.151 0.145 0.146 0.160 0.135 0.159 0.137 0.169 0.153 0.153 0.160 0.138 0.151 0.143 0.163 0.138 0.146 0.150 0.150 0.145 0.134 0.153 0.137 0.169 0.159 0.155 0.142 0.143 0.148 0.124 0.166 0.151 0.151 0.142 0.164 0.164 0.145 0.145 0.128 0.178 0.158 0.150 0.143 0.170 0.153 0.132 0.149 0.150 0.156 0.141 0.152 0.148 0.142 0.143 0.134 0.149 0.141 0.162 0.146 0.142 0.148 0.148 0.143 0.131 0.157 0.136 0.176 0.154 0.162 0.144 0.139 0.146 0.134 0.159 0.132 0.153 0.140 0.144 0.145 0.138 0.153 0.140 0.154 0.149 0.166 0.147 0.155 0.164 0.144 0.164 0.137 0.164 0.136 0.152 0.142 0.147 0.141 0.131 0.154 0.131 0.174 0.156 0.156 0.162 0.138 0.153 0.122 0.183 0.135 0.157 0.141 0.147 0.153 0.139 0.145 0.136 0.163 0.147 0.145 0.147
MOVE_DONE,OPEN_RESET,STALL,current,0.139 0.163 0.146 0.170 0.146 0.155 0.141 0.141 0.149 0.147 0.138 0.120 0.146 0.145 0.150 0.156 0.149 0.153 0.141 0.143 0.134 0.179 0.147 0.172 0.140 0.143 0.147 0.139 0.164 0.138 0.153 0.144 0.164 0.139 0.151 0.165 0.127 0.151 0.155 0.155 0.154 0.146 0.153 0.145 0.142 0.135 0.154 0.152 0.148 0.146 0.145 0.150 0.143 0.149 0.134 0.161 0.146 0.154 0.142 0.146 0.151 0.136 0.140 0.135 0.168 0.136 0.146 0.149 0.146 0.144 0.138 0.153 0.145 0.157 0.140 0.146 0.145 0.145 0.150 0.130 0.155 0.146 0.160 0.139 0.143 0.151 0.142 0.142 0.137 0.162 0.144 0.150 0.143 0.151 0.151 0.137 0.150 0.139 0.158 0.145 0.151 0.147 0.146 0.149 0.139 0.147 0.140 0.184 0.152 0.141 0.148 0.160 0.148 0.137 0.160 0.135 0.152 0.155 0.147 0.151 0.150 0.159 0.135 0.149 0.139 0.174 0.158 0.142 0.147 0.153 0.160 0.132 0.159 0.156 0.155 0.140 0.167 0.161 0.133 0.148 0.134 0.184 0.150 0.143 0.146 0.166 0.154 0.137 0.153 0.132 0.169 0.156 0.155 0.148 0.153 0.149 0.123 0.157 0.135 0.173 0.160 0.169 0.161 0.146 0.141 0.132 0.150 0.135 0.144 0.148 0.164 0.149 0.136 0.146 0.151 0.150 0.149 0.146 0.148 0.161 0.158 0.136 0.145 0.137 0.177 0.155 0.148 0.149 0.166 0.157 0.132 0.178 0.150 0.160 0.139 0.156 0.142 0.135 0.147 0.129 0.161 0.131 0.169 0.148 0.152 0.157 0.144 0.143 0.129 0.163 0.142 0.157 0.134 0.148 0.149 0.128 0.146 0.146 0.160 0.153 0.147 0.157 0.150 0.143 0.135 0.159 0.145 0.161 0.146 0.147 0.145 0.146 0.148 0.137 0.157 0.143 0.157 0.138 0.146 0.156 0.147 0.147 0.132 0.168 0.150 0.141 0.148 0.171 0.154 0.135 0.148 0.150 0.180 0.138 0.154 0.157 0.149 0.164 0.129 0.179 0.141 0.155 0.161 0.141 0.152 0.165 0.162 0.132 0.153 0.142 0.162 0.132 0.153 0.156 0.143 0.143 0.139 0.165 0.141 0.170 0.139 0.154 0.145 0.145 0.166 0.121 0.183 0.144 0.168 0.144 0.150 0.140 0.133 0.136 0.146 0.157 0.141 0.167 0.173 0.161 0.147 0.134 0.189 0.179 0.156 0.217 0.217 0.264 0.191 0.283
MOVE_DONE,OPEN_RESET_FORWARD,STEPS_FINISHED,current,0.155 0.145 0.150 0.177 0.137 0.152 0.122 0.179 0.166 0.153 0.144 0.137 0.153 0.139 0.172 0.137 0.151 0.138 0.139 0.141 0.132 0.160 0.141 0.163 0.125 0.190 0.172 0.128 0.145 0.132 0.162 0.140 0.167 0.139 0.144 0.138 0.140 0.177 0.139 0.161 0.127 0.150 0.134 0.178 0.176 0.125 0.150 0.127 0.161 0.142 0.185 0.171 0.145 0.150 0.150 0.148 0.141 0.171 0.150 0.154 0.141 0.156 0.143 0.151 0.173 0.133 0.151 0.132 0.172 0.170 0.139 0.148 0.145 0.171 0.146 0.176 0.160 0.145 0.145 0.144 0.173 0.153 0.171 0.140 0.156 0.140 0.161 0.164 0.151 0.173 0.141 0.146 0.155 0.174 0.163 0.159 0.144 0.135 0.155 0.137 0.181 0.155 0.151 0.137 0.129 0.145 0.148 0.171 0.135 0.149 0.133 0.176 0.165 0.133 0.168 0.135 0.149 0.121 0.178 0.163 0.165 0.141 0.138 0.154 0.127 0.159 0.148 0.153 0.164 0.162 0.172 0.146 0.176 0.135 0.151 0.128 0.187 0.172 0.135 0.157 0.154 0.145 0.128 0.166 0.137 0.142 0.141 0.134 0.151 0.139 0.138 0.134 0.152 0.147 0.150 0.141 0.131 0.146 0.129 0.157 0.149 0.176 0.168 0.137 0.147 0.133 0.163 0.132 0.146 0.126 0.191 0.164 0.135 0.148 0.151 0.172 0.140 0.178 0.146 0.146 0.142 0.150 0.171 0.131 0.157 0.134 0.148 0.167 0.173 0.160 0.125 0.152 0.150 0.171
MOVE_DONE,CLOSE,STALL,current,0.121 0.148 0.151 0.131 0.140 0.126 0.143 0.138 0.179 0.151 0.144 0.141 0.156 0.168 0.148 0.151 0.136 0.152 0.154 0.185 0.162 0.125 0.152 0.129 0.165 0.144 0.178 0.163 0.138 0.136 0.151 0.173 0.143 0.172 0.148 0.147 0.137 0.172 0.142 0.138 0.157 0.132 0.155 0.146 0.143 0.150 0.148 0.154 0.152 0.153 0.130 0.144 0.133 0.179 0.168 0.134 0.166 0.130 0.146 0.129 0.152 0.138 0.181 0.174 0.137 0.166 0.147 0.146 0.127 0.159 0.140 0.144 0.134 0.129 0.163 0.142 0.163 0.125 0.155 0.140 0.158 0.163 0.155 0.171 0.133 0.152 0.132 0.178 0.167 0.131 0.156 0.128 0.158 0.140 0.159 0.132 0.152 0.144 0.130 0.150 0.144 0.170 0.122 0.147 0.142 0.169 0.166 0.154 0.158 0.136 0.148 0.125 0.187 0.166 0.143 0.161 0.152 0.147 0.135 0.179 0.154 0.145 0.142 0.149 0.168 0.147 0.177 0.129 0.148 0.143 0.171 0.144 0.145 0.175 0.135 0.164 0.137 0.151 0.135 0.165 0.166 0.139 0.157 0.140 0.174 0.137 0.146 0.139 0.164 0.168 0.147 0.175 0.132 0.150 0.125 0.169 0.154 0.133 0.154 0.134 0.150 0.124 0.141 0.149 0.149 0.136 0.152 0.181 0.131 0.163 0.134 0.150 0.133 0.175 0.170 0.137 0.150 0.136 0.163 0.122 0.144 0.147 0.152 0.152 0.150 0.152 0.126 0.150 0.142 0.177 0.145 0.139 0.144 0.146 0.166 0.132 0.145 0.127 0.173 0.168 0.150 0.143 0.137 0.156 0.130 0.169 0.161 0.153 0.153 0.125 0.142 0.150 0.163 0.131 0.158 0.156 0.136 0.137 0.148 0.176 0.133 0.151 0.125 0.182 0.136 0.141 0.152 0.140 0.146 0.136 0.171 0.149 0.150 0.138 0.157 0.164 0.149 0.157 0.129 0.151 0.163 0.178 0.132 0.145 0.174 0.140 0.153 0.137 0.147 0.145 0.142 0.138 0.149 0.143 0.141 0.144 0.136 0.158 0.155 0.138 0.147 0.146 0.171 0.142 0.150 0.128 0.180 0.144 0.130 0.141 0.134 0.160 0.131 0.178 0.158 0.152 0.162 0.136 0.151 0.150 0.173 0.134 0.150 0.135 0.141 0.138 0.149 0.169 0.133 0.152 0.121 0.176 0.172 0.166 0.163 0.138 0.152 0.144 0.170 0.151 0.163 0.142 0.139 0.143 0.147 0.168 0.131 0.153 0.128 0.182 0.176 0.133 0.176 0.149 0.147 0.133 0.162 0.137 0.177 0.142 0.145 0.149 0.146 0.166 0.148 0.158 0.167 0.137 0.137 0.149 0.170 0.133 0.147 0.128 0.176 0.137 0.157 0.171 0.134 0.152 0.133 0.173 0.157 0.174 0.141 0.153 0.140 0.131 0.153 0.128 0.145 0.138 0.148 0.137 0.147 0.171 0.134 0.149 0.120 0.179 0.167 0.166 0.167 0.131 0.157 0.140 0.176 0.156 0.181 0.169 0.138 0.142 0.147 0.171 0.136 0.150 0.136 0.184 0.178 0.145 0.175 0.141 0.155 0.129 0.163 0.175 0.147 0.145 0.165 0.165 0.142 0.159 0.135 0.188 0.170 0.150 0.148 0.165 0.163 0.151 0.177 0.156 0.160 0.156 0.181 0.172 0.148 0.170 0.152 0.182 0.152 0.164 0.153 0.182 0.182 0.161 0.194 0.157 0.167 0.154 0.187 0.163 0.168 0.171 0.155 0.193 0.168 0.191 0.163 0.176
MOVE_DONE,OPEN,STEPS_FINISHED,current,0.154 0.158 0.149 0.192 0.175 0.163 0.154 0.176 0.172 0.158 0.153 0.146 0.189 0.172 0.153 0.157 0.155 0.166 0.145 0.159 0.138 0.175 0.162 0.158 0.152 0.148 0.172 0.141 0.160 0.146 0.175 0.163 0.153 0.146 0.145 0.166 0.145 0.157 0.142 0.173 0.162 0.149 0.152 0.131 0.175 0.149 0.177 0.156 0.156 0.150 0.157 0.153 0.146 0.154 0.135 0.179 0.159 0.145 0.142 0.135 0.153 0.141 0.149 0.155 0.150 0.147 0.145 0.153 0.137 0.132 0.138 0.158 0.146 0.162 0.169 0.158 0.141 0.128 0.160 0.147 0.158 0.146 0.153 0.167 0.148 0.144 0.131 0.168 0.155 0.157 0.137 0.167 0.160 0.148 0.145 0.131 0.185 0.152 0.150 0.142 0.160 0.162 0.138 0.146 0.133 0.178 0.150 0.148 0.146 0.155 0.157 0.134 0.148 0.133 0.177 0.161 0.150 0.140 0.164 0.159 0.129 0.154 0.140 0.158 0.133 0.168 0.164 0.143 0.145 0.131 0.177 0.152 0.155 0.140 0.172 0.156 0.139 0.146 0.145 0.154 0.159 0.145 0.142 0.168 0.160 0.134 0.146 0.136 0.176 0.150 0.154 0.146 0.166 0.153 0.138 0.156 0.134 0.171 0.159 0.154 0.163 0.144 0.136 0.133 0.175 0.148 0.172 0.145 0.148 0.164 0.154 0.155 0.151 0.190 0.152 0.145 0.152 0.170 0.134 0.138 0.153 0.144 0.152 0.136 0.162 0.163 0.144 0.148 0.128 0.166 0.147 0.156 0.150 0.145 0.146 0.145 0.147 0.131 0.157 0.147 0.152 0.141 0.152 0.149 0.139 0.144 0.139 0.163 0.130 0.172 0.140 0.146 0.161 0.135 0.156 0.127 0.166 0.147 0.144 0.142 0.150 0.151 0.134 0.154 0.143 0.155 0.140 0.147 0.150 0.141 0.144 0.137 0.161 0.142 0.156 0.143 0.146 0.148 0.139 0.149 0.139 0.161 0.145 0.151 0.141 0.139 0.149 0.131 0.142 0.142 0.164 0.132 0.152 0.164 0.152 0.138 0.138 0.171 0.146 0.155 0.154 0.165 0.148 0.143 0.154 0.133 0.154 0.127 0.182 0.139 0.147 0.152 0.148 0.152 0.124 0.166 0.148 0.165 0.147 0.165 0.154 0.142 0.152 0.143 0.151 0.143 0.167 0.150 0.150 0.150 0.144 0.165 0.146 0.159 0.138 0.165 0.161 0.156 0.146 0.133 0.176 0.145 0.153 0.136 0.170 0.164 0.144 0.142 0.126 0.184 0.151 0.151 0.141 0.172
MOVE_DONE,OPEN_RESET,STALL,current,0.156 0.139 0.147 0.146 0.175 0.147 0.153 0.150 0.156 0.155 0.139 0.144 0.142 0.153 0.142 0.150 0.137 0.152 0.165 0.130 0.163 0.154 0.160 0.151 0.147 0.170 0.140 0.145 0.123 0.179 0.132 0.156 0.156 0.149 0.147 0.142 0.148 0.132 0.158 0.148 0.148 0.140 0.151 0.152 0.137 0.150 0.142 0.166 0.140 0.145 0.150 0.146 0.147 0.137 0.154 0.145 0.162 0.140 0.149 0.144 0.141 0.148 0.132 0.156 0.146 0.159 0.140 0.147 0.152 0.146 0.144 0.132 0.160 0.147 0.148 0.141 0.148 0.149 0.135 0.151 0.141 0.161 0.146 0.151 0.148 0.145 0.147 0.139 0.150 0.137 0.158 0.140 0.144 0.145 0.149 0.142 0.134 0.158 0.147 0.152 0.140 0.147 0.149 0.148 0.133 0.137 0.152 0.147 0.175 0.147 0.149 0.148 0.142 0.149 0.135 0.161 0.147 0.152 0.143 0.150 0.150 0.135 0.149 0.140 0.156 0.142 0.149 0.150 0.147 0.147 0.137 0.156 0.140 0.154 0.143 0.151 0.147 0.147 0.147 0.135 0.154 0.144 0.156 0.139 0.144 0.153 0.144 0.141 0.134 0.164 0.147 0.150 0.144 0.150 0.145 0.138 0.149 0.141 0.158 0.140 0.150 0.142 0.145 0.149 0.138 0.151 0.139 0.160 0.144 0.141 0.151 0.149 0.147 0.132 0.155 0.145 0.152 0.139 0.151 0.153 0.141 0.147 0.137 0.162 0.142 0.153 0.150 0.151 0.147 0.138 0.152 0.141 0.181 0.157 0.149 0.162 0.162 0.151 0.133 0.147 0.141 0.182 0.163 0.153 0.152 0.151 0.145 0.133 0.159 0.146 0.156 0.138 0.151 0.155 0.140 0.148 0.135 0.155 0.144 0.157 0.146 0.146 0.150 0.141 0.152 0.136 0.161 0.147 0.146 0.144 0.151 0.147 0.133 0.151 0.145 0.166 0.139 0.147 0.150 0.146 0.144 0.137 0.181 0.130 0.156 0.142 0.162 0.155 0.146 0.148 0.130 0.171 0.151 0.157 0.135 0.164 0.163 0.142 0.139 0.143 0.179 0.145 0.151 0.143 0.153 0.145 0.133 0.151 0.144 0.158 0.140 0.147 0.151 0.143 0.144 0.137 0.148 0.143 0.161 0.144 0.145 0.148 0.146 0.148 0.118 0.176 0.152 0.148 0.140 0.141 0.151 0.147 0.155 0.143 0.156 0.133 0.165 0.152 0.152 0.156 0.143 0.158 0.155 0.187 0.174 0.162 0.165 0.193
MOVE_DONE,OPEN_RESET_FORWARD,STEPS_FINISHED,current,0.163 0.154 0.151 0.118 0.183 0.159 0.142 0.150 0.136 0.149 0.130 0.161 0.141 0.151 0.135 0.157 0.170 0.148 0.147 0.136 0.170 0.152 0.187 0.162 0.131 0.154 0.130 0.157 0.142 0.168 0.148 0.156 0.156 0.148 0.145 0.130 0.145 0.128 0.153 0.145 0.146 0.142 0.149 0.169 0.129 0.153 0.130 0.153 0.143 0.138 0.147 0.133 0.168 0.132 0.176 0.146 0.152 0.140 0.134 0.143 0.146 0.169 0.136 0.147 0.135 0.142 0.149 0.135 0.149 0.147 0.161 0.125 0.145 0.144 0.149 0.161 0.129 0.143 0.145 0.172 0.142 0.150 0.145 0.139 0.139 0.147 0.177 0.139 0.146 0.137 0.156 0.143 0.140 0.143 0.134 0.153 0.131 0.175 0.136 0.145 0.165 0.129 0.153 0.138 0.147 0.140 0.148 0.138 0.143 0.140 0.147 0.168 0.132 0.151 0.121 0.139 0.137 0.169 0.167 0.132 0.151 0.145 0.164 0.124 0.150 0.139 0.141 0.160 0.150 0.175 0.141 0.173 0.156 0.150 0.149 0.145 0.168 0.139 0.162 0.132 0.141 0.129 0.183 0.171 0.131 0.146 0.140 0.158 0.118 0.184 0.161 0.144 0.159 0.153 0.184 0.132 0.149 0.126 0.147 0.143 0.147 0.168 0.132 0.146 0.137 0.173 0.152 0.152 0.145 0.142 0.139 0.152 0.174 0.137 0.137 0.136 0.157 0.163 0.143 0.179 0.142 0.163 0.137 0.154 0.136 0.166 0.169 0.137 0.153 0.141 0.142 0.138 0.157 0.158
MOVE_DONE,CLOSE,STALL,current,0.150 0.133 0.153 0.142 0.159 0.160 0.152 0.144 0.137 0.171 0.161 0.177 0.163 0.140 0.162 0.140 0.176 0.134 0.147 0.131 0.148 0.137 0.147 0.169 0.134 0.149 0.123 0.171 0.139 0.146 0.149 0.134 0.151 0.142 0.174 0.145 0.148 0.156 0.171 0.142 0.142 0.174 0.138 0.152 0.124 0.148 0.146 0.148 0.159 0.134 0.157 0.131 0.165 0.155 0.163 0.163 0.152 0.147 0.141 0.170 0.135 0.152 0.132 0.183 0.165 0.139 0.167 0.139 0.168 0.119 0.170 0.173 0.171 0.166 0.130 0.159 0.130 0.155 0.148 0.187 0.168 0.142 0.136 0.150 0.183 0.124 0.155 0.152 0.151 0.134 0.156 0.179 0.129 0.167 0.129 0.149 0.156 0.150 0.144 0.134 0.143 0.130 0.150 0.118 0.145 0.152 0.145 0.141 0.146 0.176 0.150 0.138 0.130 0.158 0.163 0.137 0.152 0.137 0.155 0.120 0.152 0.130 0.182 0.164 0.135 0.145 0.148 0.176 0.137 0.143 0.143 0.151 0.137 0.147 0.166 0.154 0.147 0.129 0.149 0.138 0.169 0.163 0.137 0.152 0.140 0.163 0.125 0.175 0.160 0.141 0.160 0.146 0.170 0.144 0.141 0.129 0.153 0.140 0.143 0.146 0.142 0.171 0.135 0.145 0.133 0.148 0.146 0.149 0.142 0.150 0.143 0.123 0.173 0.166 0.170 0.132 0.153 0.180 0.127 0.150 0.127 0.149 0.143 0.150 0.168 0.142 0.174 0.134 0.153 0.135 0.158 0.178 0.160 0.168 0.130 0.160 0.134 0.160 0.136 0.175 0.163 0.150 0.172 0.156 0.146 0.131 0.150 0.147 0.154 0.140 0.150 0.167 0.135 0.152 0.122 0.171 0.168 0.168 0.138 0.145 0.141 0.131 0.158 0.141 0.161 0.168 0.132 0.140 0.150 0.177 0.131 0.151 0.129 0.191 0.139 0.141 0.164 0.134 0.146 0.127 0.149 0.157 0.155 0.161 0.153 0.141 0.152 0.176 0.138 0.154 0.145 0.137 0.133 0.149 0.176 0.135 0.147 0.135 0.153 0.136 0.160 0.169 0.131 0.152 0.138 0.178 0.156 0.150 0.157 0.134 0.144 0.147 0.174 0.138 0.153 0.147 0.149 0.142 0.148 0.160 0.156 0.146 0.123 0.150 0.144 0.155 0.137 0.133 0.152 0.127 0.166 0.152 0.152 0.162 0.164 0.145 0.134 0.163 0.134 0.145 0.135 0.150 0.140 0.157 0.163 0.136 0.155 0.131 0.166 0.141 0.157 0.137 0.141 0.161 0.145 0.171 0.137 0.154 0.157 0.138 0.142 0.133 0.165 0.136 0.153 0.119 0.177 0.143 0.146 0.146 0.135 0.160 0.141 0.160 0.126 0.191 0.159 0.131 0.151 0.150 0.176 0.132 0.154 0.156 0.142 0.141 0.142 0.163 0.131 0.156 0.135 0.182 0.132 0.179 0.143 0.134 0.155 0.150 0.174 0.122 0.173 0.164 0.144 0.135 0.151 0.153 0.126 0.158 0.144 0.157 0.137 0.165 0.173 0.136 0.156 0.144 0.170 0.145 0.149 0.150 0.154 0.162 0.157 0.164 0.133 0.159 0.165 0.161 0.168 0.147 0.158 0.143 0.181 0.137 0.192 0.161 0.161 0.155 0.161 0.159 0.151 0.175 0.173 0.161 0.149 0.186 0.179 0.141 0.169 0.155 0.171 0.143 0.200 0.195 0.155 0.179 0.155 0.196 0.161 0.171 0.194 0.167
MOVE_DONE,OPEN,STEPS_FINISHED,current,0.194 0.155 0.148 0.161 0.173 0.161 0.150 0.157 0.144 0.175 0.164 0.161 0.143 0.156 0.168 0.158 0.153 0.143 0.182 0.164 0.154 0.152 0.154 0.166 0.158 0.157 0.143 0.165 0.157 0.157 0.143 0.135 0.166 0.147 0.158 0.136 0.170 0.157 0.150 0.139 0.127 0.165 0.150 0.155 0.142 0.166 0.155 0.142 0.149 0.128 0.168 0.156 0.158 0.136 0.148 0.155 0.136 0.145 0.140 0.165 0.146 0.147 0.148 0.145 0.145 0.135 0.153 0.138 0.159 0.143 0.148 0.144 0.146 0.149 0.132 0.154 0.145 0.161 0.140 0.144 0.152 0.147 0.143 0.131 0.161 0.149 0.152 0.141 0.150 0.147 0.141 0.167 0.126 0.145 0.148 0.148 0.144 0.165 0.161 0.137 0.148 0.153 0.153 0.145 0.145 0.150 0.149 0.147 0.125 0.156 0.135 0.153 0.154 0.149 0.156 0.151 0.145 0.124 0.147 0.144 0.155 0.145 0.151 0.147 0.142 0.146 0.129 0.182 0.149 0.149 0.143 0.155 0.164 0.139 0.143 0.135 0.187 0.159 0.151 0.145 0.168 0.159 0.132 0.146 0.138 0.172 0.152 0.155 0.147 0.157 0.152 0.136 0.149 0.134 0.152 0.144 0.147 0.149 0.151 0.152 0.137 0.157 0.148 0.171 0.159 0.162 0.155 0.143 0.140 0.125 0.166 0.154 0.144 0.163 0.153 0.134 0.138 0.149 0.153 0.147 0.144 0.147 0.148 0.150 0.149 0.142 0.158 0.143 0.161 0.143 0.145 0.148 0.147 0.147 0.132 0.159 0.145 0.173 0.165 0.150 0.157 0.143 0.152 0.128 0.150 0.132 0.165 0.140 0.146 0.142 0.144 0.166 0.135 0.180 0.147 0.160 0.146 0.148 0.148 0.137 0.155 0.144 0.164 0.138 0.148 0.151 0.146 0.143 0.134 0.160 0.147 0.155 0.146 0.151 0.147 0.137 0.149 0.137 0.156 0.146 0.154 0.148 0.145 0.150 0.141 0.146 0.139 0.161 0.145 0.149 0.148 0.150 0.149 0.132 0.151 0.145 0.156 0.142 0.150 0.153 0.142 0.145 0.137 0.160 0.140 0.158 0.145 0.146 0.146 0.141 0.146 0.134 0.180 0.160 0.153 0.160 0.151 0.151 0.148 0.133 0.142 0.184 0.142 0.159 0.144 0.150 0.146 0.132 0.145 0.137 0.172 0.156 0.155 0.154 0.162 0.156 0.136 0.145 0.134 0.150 0.143 0.160 0.147 0.144 0.143 0.136 0.153 0.156 0.144 0.144 0.164 0.141 0.134 0.148 0.141
MOVE_DONE,OPEN_RESET,STALL,current,0.148 0.143 0.169 0.148 0.151 0.138 0.141 0.135 0.142 0.147 0.149 0.147 0.147 0.157 0.165 0.135 0.150 0.140 0.164 0.138 0.147 0.147 0.147 0.143 0.132 0.158 0.140 0.154 0.157 0.148 0.151 0.148 0.160 0.137 0.159 0.134 0.157 0.158 0.152 0.170 0.135 0.147 0.126 0.153 0.140 0.154 0.140 0.154 0.134 0.140 0.135 0.144 0.176 0.142 0.145 0.167 0.146 0.163 0.132 0.152 0.143 0.162 0.142 0.143 0.153 0.145 0.141 0.134 0.159 0.147 0.155 0.145 0.149 0.150 0.143 0.134 0.138 0.145 0.144 0.167 0.167 0.147 0.148 0.135 0.151 0.141 0.151 0.159 0.152 0.150 0.151 0.148 0.132 0.151 0.146 0.156 0.140 0.149 0.151 0.149 0.144 0.146 0.162 0.131 0.162 0.159 0.144 0.135 0.146 0.162 0.140 0.174 0.146 0.155 0.142 0.147 0.149 0.141 0.150 0.137 0.164 0.142 0.146 0.150 0.154 0.147 0.139 0.148 0.161 0.147 0.148 0.148 0.148 0.157 0.148 0.140 0.150 0.151 0.151 0.148 0.159 0.155 0.152 0.154 0.134 0.159 0.140 0.173 0.155 0.156 0.147 0.145 0.156 0.145 0.158 0.140 0.170 0.158 0.156 0.144 0.139 0.163 0.138 0.152 0.144 0.162 0.158 0.149 0.151 0.128 0.166 0.135 0.159 0.133 0.170 0.162 0.150 0.139 0.132 0.176 0.152 0.152 0.139 0.166 0.158 0.142 0.165 0.134 0.157 0.146 0.154 0.139 0.148 0.154 0.140 0.147 0.136 0.163 0.139 0.144 0.154 0.153 0.145 0.137 0.156 0.141 0.157 0.144 0.150 0.145 0.143 0.150 0.125 0.158 0.135 0.155 0.156 0.143 0.151 0.146 0.137 0.121 0.164 0.150 0.146 0.145 0.150 0.141 0.131 0.141 0.150 0.165 0.139 0.147 0.150 0.147 0.147 0.140 0.144 0.129 0.146 0.145 0.147 0.147 0.145 0.149 0.137 0.152 0.144 0.158 0.137 0.143 0.154 0.145 0.157 0.124 0.157 0.154 0.150 0.142 0.170 0.155 0.137 0.144 0.135 0.175 0.137 0.175 0.158 0.147 0.146 0.140 0.159 0.146 0.158 0.135 0.168 0.155 0.152 0.147 0.125 0.165 0.154 0.160 0.138 0.172 0.162 0.144 0.143 0.131 0.177 0.149 0.152 0.149 0.168 0.171 0.162 0.180 0.162
MOVE_DONE,OPEN_RESET_FORWARD,STEPS_FINISHED,current,0.176 0.161 0.172 0.132 0.147 0.128 0.172 0.141 0.182 0.163 0.141 0.141 0.147 0.175 0.144 0.152 0.160 0.150 0.143 0.139 0.175 0.140 0.148 0.123 0.178 0.140 0.140 0.165 0.154 0.144 0.141 0.147 0.125 0.164 0.135 0.140 0.145 0.138 0.171 0.139 0.146 0.130 0.190 0.141 0.131 0.152 0.143 0.164 0.134 0.171 0.159 0.150 0.169 0.139 0.142 0.145 0.166 0.136 0.145 0.134 0.182 0.140 0.145 0.148 0.147 0.170 0.123 0.168 0.143 0.140 0.138 0.133 0.152 0.140 0.167 0.150 0.152 0.137 0.133 0.145 0.132 0.169 0.131 0.149 0.129 0.178 0.165 0.134 0.160 0.151 0.146 0.126 0.150 0.160 0.151 0.156 0.153 0.150 0.149 0.161 0.144 0.152 0.138 0.168 0.174 0.132 0.152 0.126 0.158 0.128 0.165 0.142 0.141 0.136 0.147 0.169 0.140 0.162 0.142 0.171 0.145 0.139 0.151 0.140 0.165 0.132 0.152 0.133 0.175 0.166 0.140 0.149 0.126 0.157 0.144 0.183 0.160 0.150 0.143 0.131 0.171 0.136 0.143 0.132 0.150 0.165 0.163 0.137 0.130 0.162 0.135 0.165 0.130 0.175 0.165 0.142 0.174 0.132 0.151 0.132 0.169 0.155 0.149 0.142 0.148 0.165 0.152 0.148 0.123 0.154 0.158 0.173 0.157 0.150 0.149 0.131 0.151 0.122 0.188 0.155 0.132 0.149 0.132 0.155 0.140 0.168 0.144 0.144 0.142 0.136 0.143 0.131 0.162 0.135
MOVE_DONE,CLOSE,STALL,current,0.146 0.146 0.137 0.177 0.147 0.174 0.136 0.159 0.167 0.135 0.157 0.135 0.154 0.134 0.181 0.168 0.137 0.154 0.129 0.156 0.125 0.179 0.156 0.152 0.163 0.138 0.177 0.145 0.167 0.138 0.146 0.147 0.154 0.173 0.148 0.145 0.136 0.154 0.138 0.165 0.171 0.139 0.138 0.131 0.166 0.142 0.168 0.155 0.151 0.133 0.148 0.173 0.155 0.160 0.135 0.154 0.136 0.179 0.173 0.137 0.162 0.146 0.145 0.131 0.153 0.169 0.161 0.138 0.131 0.161 0.147 0.142 0.136 0.150 0.139 0.158 0.167 0.154 0.145 0.123 0.154 0.132 0.181 0.166 0.146 0.171 0.137 0.151 0.131 0.184 0.146 0.143 0.143 0.131 0.151 0.136 0.158 0.122 0.152 0.139 0.180 0.168 0.144 0.169 0.141 0.162 0.126 0.189 0.169 0.136 0.142 0.147 0.172 0.139 0.146 0.136 0.147 0.145 0.134 0.145 0.143 0.175 0.133 0.147 0.129 0.177 0.167 0.134 0.162 0.154 0.144 0.128 0.163 0.158 0.148 0.137 0.149 0.172 0.148 0.170 0.137 0.147 0.135 0.173 0.142 0.131 0.160 0.133 0.159 0.141 0.189 0.164 0.129 0.148 0.133 0.160 0.134 0.181 0.154 0.148 0.139 0.138 0.153 0.149 0.168 0.132 0.160 0.165 0.167 0.143 0.129 0.147 0.149 0.147 0.123 0.148 0.166 0.140 0.140 0.151 0.172 0.146 0.140 0.126 0.188 0.141 0.165 0.178 0.135 0.155 0.133 0.170 0.156 0.170 0.139 0.153 0.162 0.129 0.161 0.126 0.175 0.153 0.152 0.139 0.142 0.181 0.133 0.143 0.117 0.177 0.140 0.169 0.164 0.136 0.152 0.139 0.171 0.132 0.148 0.145 0.141 0.150 0.146 0.182 0.135 0.150 0.151 0.174 0.152 0.128 0.154 0.134 0.161 0.129 0.173 0.168 0.171 0.136 0.139 0.156 0.137 0.172 0.142 0.150 0.137 0.152 0.172 0.153 0.148 0.132 0.154 0.145 0.172 0.143 0.138 0.143 0.136 0.163 0.136 0.169 0.147 0.152 0.135 0.139 0.145 0.146 0.174 0.136 0.160 0.152 0.149 0.138 0.150 0.173 0.132 0.157 0.132 0.141 0.141 0.183 0.159 0.130 0.150 0.149 0.164 0.140 0.154 0.136 0.137 0.142 0.150 0.174 0.132 0.149 0.128 0.174 0.167 0.142 0.145 0.140 0.169 0.138 0.166 0.157 0.181 0.171 0.131 0.141 0.149 0.177 0.132 0.152 0.135 0.170 0.164 0.155 0.171 0.137 0.157 0.145 0.153 0.137 0.177 0.167 0.126 0.152 0.147 0.160 0.125 0.183 0.171 0.163 0.140 0.141 0.166 0.130 0.148 0.149 0.175 0.136 0.157 0.148 0.131 0.153 0.127 0.182 0.153 0.147 0.167 0.131 0.148 0.149 0.175 0.137 0.146 0.134 0.179 0.141 0.147 0.150 0.134 0.152 0.138 0.175 0.144 0.148 0.155 0.141 0.153 0.130 0.175 0.144 0.155 0.163 0.147 0.154 0.153 0.171 0.140 0.152 0.129 0.179 0.176 0.145 0.154 0.163 0.175 0.143 0.161 0.152 0.178 0.165 0.144 0.163 0.149 0.164 0.141 0.186 0.150 0.161 0.161 0.146 0.168 0.143 0.181 0.168 0.185 0.187 0.162
MOVE_DONE,OPEN,STEPS_FINISHED,current,0.154 0.160 0.148 0.167 0.159 0.155 0.138 0.172 0.172 0.152 0.160 0.141 0.162 0.143 0.178 0.168 0.156 0.149 0.153 0.170 0.145 0.153 0.145 0.168 0.153 0.155 0.148 0.136 0.161 0.134 0.169 0.135 0.148 0.149 0.166 0.158 0.139 0.154 0.132 0.146 0.147 0.147 0.148 0.141 0.151 0.138 0.157 0.145 0.158 0.141 0.150 0.162 0.141 0.139 0.132 0.167 0.135 0.150 0.138 0.155 0.152 0.139 0.143 0.131 0.147 0.140 0.172 0.155 0.147 0.145 0.135 0.171 0.148 0.157 0.141 0.166 0.158 0.148 0.141 0.124 0.182 0.155 0.154 0.137 0.170 0.166 0.139 0.143 0.133 0.171 0.155 0.156 0.142 0.165 0.162 0.141 0.142 0.129 0.187 0.152 0.141 0.147 0.157 0.138 0.128 0.151 0.138 0.147 0.144 0.142 0.157 0.149 0.158 0.127 0.163 0.142 0.152 0.163 0.156 0.165 0.141 0.152 0.127 0.159 0.147 0.155 0.141 0.149 0.152 0.134 0.139 0.129 0.153 0.147 0.149 0.153 0.155 0.149 0.139 0.142 0.148 0.184 0.138 0.145 0.142 0.141 0.153 0.122 0.147 0.154 0.151 0.145 0.158 0.156 0.155 0.142 0.138 0.149 0.137 0.171 0.154 0.151 0.149 0.149 0.165 0.139 0.159 0.139 0.171 0.161 0.151 0.148 0.139 0.157 0.138 0.157 0.145 0.165 0.156 0.148 0.138 0.126 0.171 0.147 0.161 0.137 0.170 0.162 0.146 0.145 0.131 0.174 0.145 0.171 0.145 0.149 0.149 0.140 0.146 0.133 0.161 0.145 0.152 0.145 0.147 0.152 0.136 0.147 0.141 0.164 0.138 0.147 0.152 0.151 0.148 0.135 0.156 0.142 0.160 0.145 0.147 0.149 0.147 0.148 0.131 0.153 0.146 0.156 0.137 0.142 0.146 0.145 0.145 0.124 0.159 0.141 0.149 0.147 0.156 0.163 0.133 0.152 0.136 0.156 0.143 0.150 0.145 0.147 0.149 0.131 0.150 0.129 0.163 0.144 0.156 0.168 0.159 0.143 0.140 0.149 0.142 0.152 0.145 0.149 0.152 0.147 0.160 0.137 0.155 0.144 0.156 0.140 0.144 0.150 0.141 0.145 0.134 0.160 0.146 0.147 0.145 0.152 0.151 0.132 0.152 0.145 0.158 0.142 0.149 0.148 0.143 0.145 0.137 0.158 0.139 0.157 0.143 0.143 0.147 0.147 0.149 0.130 0.158 0.147 0.154 0.141 0.147 0.153 0.143 0.146 0.141 0.164 0.140 0.150 0.147
MOVE_DONE,OPEN_RESET,STALL,current,0.142 0.149 0.137 0.161 0.148 0.150 0.147 0.150 0.145 0.135 0.154 0.141 0.162 0.139 0.150 0.150 0.145 0.146 0.137 0.150 0.143 0.182 0.164 0.147 0.148 0.151 0.147 0.128 0.152 0.137 0.145 0.143 0.150 0.152 0.142 0.145 0.139 0.162 0.145 0.156 0.147 0.156 0.142 0.140 0.148 0.136 0.161 0.142 0.146 0.150 0.169 0.162 0.130 0.149 0.152 0.145 0.145 0.150 0.152 0.155 0.163 0.125 0.154 0.149 0.156 0.146 0.147 0.146 0.146 0.145 0.140 0.157 0.158 0.153 0.159 0.149 0.165 0.142 0.144 0.149 0.179 0.144 0.153 0.150 0.151 0.150 0.139 0.150 0.135 0.164 0.147 0.145 0.150 0.151 0.150 0.132 0.152 0.146 0.157 0.138 0.143 0.153 0.139 0.141 0.133 0.162 0.142 0.156 0.146 0.143 0.144 0.142 0.150 0.135 0.163 0.146 0.152 0.141 0.150 0.150 0.139 0.145 0.142 0.165 0.151 0.145 0.152 0.151 0.150 0.137 0.158 0.134 0.156 0.157 0.151 0.154 0.162 0.157 0.128 0.153 0.135 0.174 0.156 0.153 0.155 0.157 0.159 0.137 0.158 0.140 0.165 0.156 0.155 0.143 0.142 0.163 0.144 0.159 0.157 0.147 0.143 0.151 0.134 0.136 0.150 0.138 0.162 0.145 0.148 0.152 0.148 0.150 0.132 0.160 0.145 0.153 0.139 0.147 0.151 0.139 0.144 0.139 0.160 0.140 0.153 0.144 0.145 0.145 0.142 0.152 0.136 0.164 0.147 0.153 0.144 0.150 0.151 0.132 0.152 0.144 0.163 0.134 0.146 0.152 0.157 0.146 0.125 0.183 0.143 0.151 0.161 0.152 0.136 0.147 0.143 0.145 0.146 0.133 0.156 0.157 0.147 0.152 0.139 0.151 0.136 0.153 0.139 0.148 0.145 0.157 0.139 0.137 0.168 0.137 0.167 0.152 0.150 0.146 0.157 0.153 0.139 0.153 0.136 0.176 0.154 0.147 0.139 0.162 0.158 0.132 0.154 0.141 0.178 0.153 0.140 0.156 0.154 0.154 0.142 0.160 0.138 0.143 0.143 0.152 0.146 0.136 0.151 0.141 0.159 0.145 0.149 0.145 0.147 0.147 0.138 0.148 0.137 0.161 0.142 0.145 0.147 0.149 0.147 0.140 0.161 0.152 0.185 0.169 0.179 0.185 0.188
MOVE_DONE,OPEN_RESET_FORWARD,STEPS_FINISHED,current,0.162 0.138 0.170 0.132 0.153 0.161 0.171 0.168 0.138 0.146 0.136 0.155 0.131 0.150 0.153 0.144 0.141 0.144 0.175 0.139 0.152 0.127 0.155 0.143 0.177 0.160 0.130 0.152 0.123 0.151 0.127 0.187 0.161 0.138 0.142 0.124 0.153 0.136 0.158 0.157 0.172 0.140 0.159 0.166 0.136 0.167 0.136 0.148 0.132 0.179 0.166 0.125 0.157 0.136 0.162 0.144 0.187 0.159 0.144 0.138 0.151 0.172 0.136 0.149 0.129 0.151 0.174 0.165 0.171 0.132 0.160 0.142 0.170 0.127 0.167 0.143 0.134 0.139 0.147 0.182 0.139 0.171 0.135 0.174 0.135 0.150 0.147 0.129 0.159 0.139 0.156 0.169 0.172 0.140 0.134 0.154 0.126 0.159 0.124 0.178 0.157 0.141 0.142 0.136 0.156 0.142 0.172 0.143 0.153 0.137 0.155 0.162 0.153 0.146 0.125 0.151 0.134 0.179 0.168 0.132 0.153 0.128 0.160 0.141 0.174 0.159 0.149 0.139 0.151 0.146 0.132 0.156 0.134 0.144 0.141 0.168 0.156 0.152 0.153 0.144 0.142 0.127 0.180 0.156 0.158 0.166 0.134 0.162 0.133 0.154 0.154 0.167 0.142 0.139 0.145 0.146 0.146 0.140 0.167 0.132 0.178 0.170 0.133 0.147 0.138 0.154 0.121 0.179 0.141 0.144 0.141 0.137 0.164 0.141 0.158 0.125 0.147 0.141 0.137 0.150 0.151 0.171 0.134 0.150 0.132 0.150 0.141 0.157 0.161 0.132 0.162 0.139 0.166 0.158
MOVE_DONE,CLOSE,STALL,current,0.137 0.149 0.124 0.139 0.137 0.177 0.161 0.127 0.158 0.142 0.166 0.145 0.149 0.141 0.138 0.150 0.143 0.174 0.133 0.147 0.128 0.146 0.149 0.139 0.156 0.150 0.150 0.135 0.147 0.127 0.180 0.170 0.137 0.145 0.150 0.165 0.135 0.153 0.137 0.170 0.165 0.150 0.172 0.134 0.155 0.145 0.173 0.136 0.151 0.154 0.130 0.146 0.142 0.173 0.128 0.146 0.150 0.135 0.137 0.145 0.178 0.142 0.166 0.130 0.150 0.151 0.136 0.147 0.150 0.168 0.133 0.152 0.135 0.170 0.168 0.154 0.146 0.132 0.150 0.123 0.185 0.154 0.139 0.144 0.125 0.157 0.147 0.176 0.148 0.148 0.143 0.158 0.163 0.148 0.168 0.134 0.143 0.132 0.180 0.170 0.139 0.146 0.140 0.159 0.129 0.180 0.155 0.141 0.146 0.132 0.156 0.132 0.152 0.127 0.186 0.154 0.144 0.140 0.147 0.173 0.135 0.156 0.120 0.186 0.179 0.134 0.147 0.128 0.159 0.121 0.145 0.128 0.177 0.162 0.137 0.149 0.145 0.171 0.132 0.152 0.137 0.152 0.172 0.156 0.146 0.130 0.155 0.129 0.178 0.162 0.177 0.168 0.127 0.152 0.129 0.141 0.126 0.155 0.165 0.158 0.142 0.136 0.163 0.132 0.144 0.128 0.173 0.138 0.161 0.172 0.133 0.152 0.135 0.172 0.128 0.146 0.160 0.148 0.139 0.130 0.149 0.129 0.167 0.153 0.148 0.138 0.148 0.166 0.148 0.140 0.127 0.155 0.140 0.164 0.171 0.139 0.148 0.140 0.146 0.129 0.182 0.159 0.137 0.139 0.145 0.150 0.131 0.160 0.145 0.152 0.143 0.150 0.167 0.142 0.169 0.136 0.152 0.158 0.150 0.146 0.138 0.164 0.133 0.147 0.126 0.153 0.151 0.142 0.137 0.150 0.172 0.141 0.163 0.122 0.147 0.141 0.169 0.176 0.137 0.166 0.137 0.148 0.126 0.187 0.167 0.137 0.145 0.141 0.171 0.130 0.144 0.148 0.146 0.133 0.151 0.169 0.140 0.165 0.127 0.184 0.134 0.176 0.176 0.133 0.161 0.135 0.152 0.120 0.177 0.168 0.145 0.137 0.132 0.155 0.141 0.166 0.148 0.155 0.137 0.159 0.176 0.147 0.171 0.128 0.153 0.131 0.179 0.139 0.140 0.149 0.130 0.153 0.126 0.159 0.168 0.150 0.144 0.150 0.146 0.149 0.170 0.142 0.151 0.139 0.145 0.139 0.147 0.178 0.131 0.151 0.141 0.156 0.167 0.156 0.142 0.132 0.151 0.137 0.173 0.162 0.172 0.168 0.131 0.147 0.144 0.173 0.132 0.146 0.140 0.154 0.157 0.131 0.154 0.136 0.158 0.143 0.155 0.138 0.168 0.165 0.130 0.154 0.142 0.174 0.147 0.155 0.168 0.162 0.143 0.147 0.173 0.147 0.173 0.147 0.151 0.145 0.148 0.177 0.153 0.149 0.132 0.147 0.135 0.151 0.137 0.136 0.156 0.143 0.170 0.143 0.151 0.141 0.143 0.149 0.154 0.156 0.142 0.147 0.136 0.153 0.145 0.149 0.152 0.143 0.175 0.149 0.151 0.134 0.159 0.168 0.139 0.151 0.167 0.172 0.145 0.162 0.149 0.192 0.176 0.154 0.173 0.142 0.168 0.143 0.155 0.169 0.163 0.154 0.146 0.195 0.147 0.179 0.144 0.169 0.175 0.164 0.168 0.154 0.222 0.156 0.157 0.166 0.193 0.193 0.190 0.196
MOVE_DONE,OPEN,STEPS_FINISHED,current,0.149 0.200 0.178 0.156 0.159 0.179 0.182 0.153 0.158 0.141 0.190 0.164 0.154 0.141 0.173 0.165 0.147 0.145 0.142 0.194 0.169 0.150 0.148 0.163 0.163 0.146 0.151 0.135 0.182 0.163 0.154 0.152 0.159 0.162 0.150 0.157 0.137 0.179 0.163 0.150 0.149 0.150 0.156 0.143 0.156 0.139 0.168 0.159 0.152 0.154 0.141 0.167 0.151 0.155 0.130 0.169 0.161 0.154 0.144 0.135 0.171 0.146 0.157 0.140 0.157 0.155 0.144 0.144 0.128 0.168 0.149 0.153 0.142 0.164 0.161 0.145 0.141 0.130 0.187 0.147 0.148 0.149 0.171 0.153 0.136 0.147 0.130 0.181 0.150 0.148 0.144 0.162 0.162 0.137 0.165 0.151 0.161 0.150 0.143 0.149 0.152 0.159 0.128 0.161 0.143 0.144 0.145 0.154 0.151 0.145 0.131 0.140 0.157 0.131 0.148 0.147 0.139 0.145 0.143 0.164 0.140 0.177 0.147 0.151 0.157 0.161 0.167 0.141 0.150 0.144 0.168 0.141 0.150 0.146 0.167 0.156 0.137 0.153 0.155 0.153 0.151 0.151 0.163 0.150 0.152 0.127 0.161 0.140 0.161 0.141 0.152 0.157 0.144 0.148 0.130 0.180 0.157 0.141 0.140 0.170 0.163 0.137 0.147 0.152 0.152 0.134 0.165 0.161 0.143 0.146 0.134 0.178 0.142 0.151 0.143 0.171 0.159 0.145 0.139 0.129 0.140 0.144 0.174 0.140 0.163 0.162 0.144 0.163 0.126 0.160 0.155 0.170 0.160 0.151 0.148 0.138 0.169 0.142 0.160 0.138 0.148 0.150 0.146 0.163 0.138 0.142 0.145 0.179 0.146 0.157 0.149 0.143 0.146 0.134 0.146 0.147 0.150 0.141 0.152 0.154 0.148 0.146 0.132 0.178 0.136 0.156 0.139 0.147 0.145 0.136 0.150 0.145 0.162 0.159 0.167 0.150 0.149 0.151 0.136 0.151 0.152 0.154 0.142 0.159 0.150 0.153 0.152 0.135 0.150 0.142 0.165 0.138 0.141 0.153 0.138 0.145 0.141 0.160 0.138 0.165 0.158 0.149 0.142 0.149 0.168 0.138 0.156 0.138 0.168 0.154 0.155 0.148 0.140 0.158 0.141 0.154 0.143 0.166 0.161 0.150 0.140 0.130 0.158 0.139 0.156 0.145 0.147 0.145 0.146 0.143 0.125 0.161 0.142 0.161 0.138 0.154 0.154 0.143 0.156 0.137 0.165 0.140 0.148 0.147 0.150 0.151 0.136 0.153 0.140 0.156 0.139 0.149 0.150 0.144
MOVE_DONE,OPEN_RESET,STALL,current,0.132 0.138 0.172 0.131 0.158 0.155 0.151 0.144 0.149 0.149 0.135 0.174 0.151 0.174 0.152 0.154 0.169 0.137 0.137 0.131 0.159 0.142 0.150 0.147 0.151 0.145 0.135 0.151 0.136 0.174 0.159 0.159 0.159 0.163 0.155 0.137 0.154 0.137 0.159 0.138 0.165 0.164 0.150 0.143 0.145 0.155 0.157 0.147 0.144 0.171 0.157 0.144 0.145 0.146 0.151 0.147 0.174 0.147 0.153 0.157 0.141 0.150 0.141 0.160 0.157 0.146 0.151 0.151 0.147 0.134 0.150 0.144 0.164 0.143 0.148 0.150 0.149 0.147 0.139 0.153 0.143 0.162 0.140 0.148 0.160 0.150 0.139 0.119 0.180 0.140 0.166 0.152 0.165 0.148 0.142 0.143 0.126 0.180 0.153 0.150 0.145 0.166 0.155 0.137 0.150 0.130 0.178 0.158 0.144 0.147 0.168 0.157 0.139 0.150 0.153 0.163 0.140 0.145 0.150 0.146 0.142 0.133 0.159 0.139 0.155 0.145 0.146 0.147 0.144 0.148 0.131 0.156 0.146 0.154 0.142 0.145 0.148 0.134 0.144 0.137 0.165 0.145 0.149 0.149 0.150 0.146 0.136 0.158 0.138 0.159 0.145 0.151 0.151 0.142 0.146 0.136 0.158 0.140 0.160 0.144 0.143 0.146 0.153 0.163 0.138 0.154 0.137 0.167 0.143 0.151 0.143 0.138 0.173 0.143 0.177 0.144 0.146 0.152 0.149 0.155 0.141 0.151 0.146 0.162 0.147 0.143 0.141 0.146 0.147 0.121 0.182 0.130 0.159 0.138 0.146 0.152 0.140 0.142 0.134 0.162 0.142 0.151 0.146 0.144 0.150 0.142 0.150 0.136 0.159 0.144 0.154 0.141 0.147 0.151 0.139 0.152 0.144 0.166 0.162 0.146 0.152 0.154 0.159 0.135 0.174 0.141 0.156 0.144 0.148 0.151 0.142 0.149 0.132 0.153 0.145 0.158 0.138 0.150 0.154 0.144 0.143 0.133 0.164 0.149 0.150 0.148 0.151 0.151 0.134 0.150 0.142 0.159 0.143 0.151 0.150 0.148 0.151 0.137 0.149 0.140 0.164 0.159 0.140 0.147 0.152 0.146 0.133 0.163 0.136 0.156 0.160 0.146 0.157 0.136 0.154 0.145 0.158 0.137 0.169 0.161 0.152 0.142 0.145 0.162 0.142 0.160 0.140 0.165 0.154 0.153 0.145 0.133 0.172 0.146 0.154 0.134 0.169 0.163 0.153 0.152 0.137 0.196 0.152 0.190 0.190 0.213 0.225 0.296
MOVE_DONE,OPEN_RESET_FORWARD,STEPS_FINISHED,current,0.169 0.147 0.160 0.135 0.154 0.135 0.179 0.173 0.136 0.153 0.136 0.152 0.122 0.181 0.161 0.147 0.141 0.145 0.152 0.146 0.158 0.123 0.148 0.148 0.145 0.155 0.149 0.146 0.135 0.148 0.131 0.175 0.166 0.142 0.143 0.146 0.180 0.142 0.160 0.130 0.148 0.145 0.135 0.170 0.153 0.143 0.131 0.152 0.140 0.177 0.169 0.137 0.147 0.141 0.146 0.130 0.162 0.164 0.142 0.142 0.153 0.142 0.128 0.150 0.152 0.167 0.140 0.156 0.171 0.131 0.158 0.129 0.161 0.132 0.181 0.162 0.151 0.148 0.124 0.150 0.131 0.156 0.154 0.164 0.139 0.151 0.178 0.134 0.165 0.141 0.146 0.141 0.175 0.166 0.133 0.155 0.142 0.138 0.128 0.157 0.168 0.130 0.143 0.149 0.182 0.136 0.170 0.153 0.145 0.140 0.152 0.173 0.133 0.152 0.140 0.152 0.135 0.175 0.166 0.132 0.149 0.130 0.152 0.124 0.164 0.165 0.143 0.134 0.151 0.174 0.137 0.148 0.132 0.160 0.166 0.166 0.175 0.137 0.153 0.139 0.170 0.131 0.178 0.171 0.139 0.142 0.152 0.148 0.126 0.173 0.149 0.152 0.134 0.148 0.174 0.143 0.162 0.124 0.146 0.153 0.153 0.167 0.130 0.156 0.126 0.161 0.148 0.168 0.140 0.143 0.143 0.146 0.176 0.143 0.163 0.127 0.148 0.148 0.144 0.167 0.133 0.168 0.124 0.146 0.162 0.184 0.163 0.137 0.145 0.144 0.143 0.128 0.157 0.158
MOVE_DONE,CLOSE,STALL,current,0.158 0.156 0.157 0.139 0.151 0.177 0.135 0.148 0.137 0.143 0.140 0.147 0.170 0.128 0.159 0.135 0.173 0.161 0.151 0.138 0.127 0.147 0.138 0.155 0.134 0.154 0.136 0.140 0.143 0.148 0.166 0.133 0.154 0.124 0.180 0.164 0.155 0.137 0.129 0.157 0.140 0.176 0.137 0.152 0.143 0.131 0.147 0.147 0.163 0.129 0.153 0.132 0.180 0.167 0.136 0.164 0.151 0.143 0.128 0.174 0.165 0.166 0.144 0.132 0.148 0.144 0.166 0.119 0.145 0.139 0.175 0.169 0.150 0.174 0.136 0.141 0.126 0.183 0.166 0.145 0.170 0.132 0.152 0.137 0.179 0.153 0.145 0.139 0.159 0.134 0.129 0.164 0.134 0.150 0.150 0.181 0.139 0.133 0.166 0.153 0.163 0.142 0.150 0.140 0.170 0.167 0.136 0.169 0.132 0.160 0.156 0.180 0.137 0.139 0.143 0.142 0.158 0.140 0.176 0.141 0.146 0.167 0.156 0.163 0.127 0.160 0.135 0.176 0.136 0.161 0.157 0.149 0.148 0.132 0.162 0.135 0.156 0.155 0.165 0.142 0.132 0.154 0.132 0.147 0.125 0.141 0.137 0.168 0.169 0.125 0.151 0.143 0.177 0.145 0.154 0.167 0.141 0.140 0.151 0.174 0.131 0.155 0.152 0.168 0.137 0.132 0.152 0.126 0.143 0.132 0.152 0.138 0.181 0.168 0.137 0.146 0.145 0.145 0.129 0.150 0.143 0.147 0.159 0.145 0.181 0.143 0.162 0.137 0.155 0.141 0.159 0.176 0.154 0.150 0.136 0.171 0.129 0.176 0.160 0.139 0.173 0.140 0.177 0.137 0.158 0.156 0.147 0.140 0.147 0.173 0.128 0.152 0.133 0.146 0.140 0.170 0.161 0.128 0.166 0.131 0.148 0.148 0.179 0.160 0.131 0.150 0.150 0.168 0.142 0.149 0.143 0.168 0.138 0.157 0.172 0.139 0.163 0.131 0.137 0.138 0.156 0.168 0.138 0.165 0.152 0.145 0.119 0.181 0.158 0.141 0.141 0.130 0.156 0.140 0.172 0.147 0.155 0.136 0.164 0.170 0.145 0.167 0.129 0.153 0.129 0.172 0.168 0.149 0.169 0.132 0.167 0.135 0.144 0.132 0.178 0.166 0.127 0.160 0.142 0.158 0.125 0.145 0.138 0.148 0.163 0.137 0.148 0.128 0.151 0.124 0.181 0.162 0.143 0.165 0.135 0.175 0.144 0.171 0.146 0.160 0.146 0.140 0.142 0.151 0.175 0.128 0.152 0.133 0.182 0.168 0.138 0.149 0.133 0.160 0.133 0.153 0.133 0.176 0.170 0.126 0.155 0.145 0.173 0.142 0.148 0.147 0.144 0.136 0.129 0.153 0.135 0.146 0.126 0.145 0.147 0.141 0.168 0.139 0.145 0.127 0.156 0.160 0.173 0.139 0.141 0.145 0.143 0.167 0.137 0.152 0.139 0.161 0.138 0.128 0.153 0.131 0.148 0.116 0.175 0.174 0.169 0.155 0.151 0.175 0.134 0.151 0.126 0.186 0.167 0.135 0.147 0.151 0.177 0.132 0.154 0.132 0.145 0.147 0.142 0.150 0.137 0.169 0.148 0.178 0.140 0.166 0.151 0.138 0.160 0.158 0.151 0.139 0.168 0.168 0.160 0.174 0.157 0.190 0.145 0.159 0.152 0.168 0.183 0.154 0.157 0.157 0.176 0.150 0.165 0.138 0.159 0.156 0.168 0.178 0.154 0.186 0.170 0.165 0.180 0.200
MOVE_DONE,OPEN,STEPS_FINISHED,current,0.168 0.151 0.166 0.172 0.150 0.147 0.130 0.184 0.158 0.148 0.140 0.173 0.159 0.147 0.151 0.134 0.176 0.161 0.160 0.148 0.165 0.164 0.142 0.147 0.137 0.179 0.158 0.150 0.144 0.170 0.166 0.132 0.151 0.138 0.177 0.154 0.155 0.141 0.161 0.158 0.136 0.150 0.137 0.185 0.154 0.145 0.154 0.155 0.131 0.139 0.183 0.148 0.149 0.142 0.150 0.146 0.136 0.150 0.140 0.156 0.145 0.149 0.146 0.144 0.152 0.141 0.148 0.141 0.163 0.145 0.144 0.152 0.146 0.139 0.124 0.143 0.150 0.159 0.144 0.153 0.155 0.142 0.145 0.147 0.150 0.142 0.155 0.156 0.145 0.147 0.143 0.137 0.132 0.166 0.142 0.155 0.140 0.152 0.140 0.136 0.167 0.149 0.160 0.137 0.170 0.163 0.143 0.146 0.142 0.147 0.129 0.149 0.146 0.144 0.149 0.144 0.143 0.123 0.162 0.137 0.152 0.136 0.170 0.162 0.142 0.133 0.132 0.161 0.146 0.152 0.147 0.146 0.146 0.139 0.153 0.134 0.161 0.142 0.152 0.148 0.144 0.150 0.132 0.151 0.147 0.163 0.142 0.142 0.147 0.149 0.148 0.131 0.159 0.140 0.152 0.144 0.150 0.153 0.138 0.145 0.139 0.162 0.145 0.156 0.145 0.145 0.147 0.142 0.146 0.138 0.165 0.145 0.151 0.146 0.150 0.152 0.134 0.145 0.133 0.179 0.156 0.149 0.155 0.154 0.140 0.132 0.171 0.141 0.156 0.163 0.151 0.161 0.144 0.152 0.120 0.151 0.156 0.157 0.148 0.148 0.154 0.141 0.144 0.136 0.165 0.140 0.147 0.148 0.150 0.150 0.133 0.150 0.128 0.152 0.139 0.172 0.154 0.145 0.151 0.135 0.169 0.147 0.154 0.137 0.163 0.155 0.149 0.139 0.125 0.174 0.158 0.152 0.138 0.146 0.152 0.149 0.133 0.141 0.150 0.143 0.153 0.165 0.153 0.139 0.132 0.155 0.129 0.164 0.148 0.150 0.145 0.164 0.166 0.132 0.145 0.130 0.155 0.140 0.147 0.154 0.153 0.143 0.140 0.179 0.144 0.172 0.145 0.151 0.163 0.140 0.144 0.128 0.174 0.136 0.158 0.140 0.146 0.148 0.144 0.163 0.134 0.185 0.141 0.149 0.157 0.156 0.144 0.134 0.168 0.153 0.156 0.137 0.170 0.159 0.145 0.144 0.142 0.146 0.145 0.153 0.145 0.148 0.149 0.143 0.143 0.126 0.156 0.158 0.150 0.143 0.148 0.154 0.143 0.132
MOVE_DONE,OPEN_RESET,STALL,current,0.133 0.153 0.145 0.145 0.144 0.152 0.148 0.136 0.150 0.141 0.152 0.137 0.166 0.140 0.144 0.155 0.137 0.139 0.133 0.153 0.142 0.158 0.150 0.154 0.135 0.133 0.172 0.149 0.151 0.145 0.172 0.154 0.144 0.165 0.138 0.152 0.138 0.180 0.159 0.148 0.148 0.147 0.160 0.140 0.159 0.160 0.165 0.156 0.155 0.143 0.136 0.165 0.144 0.159 0.138 0.170 0.161 0.148 0.144 0.130 0.171 0.151 0.159 0.140 0.167 0.159 0.146 0.145 0.124 0.168 0.150 0.152 0.137 0.173 0.160 0.145 0.168 0.142 0.168 0.145 0.152 0.150 0.154 0.159 0.130 0.153 0.134 0.156 0.146 0.143 0.145 0.145 0.151 0.134 0.148 0.160 0.154 0.143 0.164 0.154 0.146 0.154 0.133 0.153 0.142 0.167 0.157 0.155 0.166 0.142 0.161 0.140 0.155 0.148 0.154 0.142 0.146 0.154 0.137 0.146 0.141 0.166 0.141 0.145 0.149 0.145 0.147 0.137 0.152 0.142 0.160 0.144 0.146 0.153 0.148 0.147 0.136 0.147 0.133 0.151 0.144 0.143 0.154 0.146 0.148 0.137 0.149 0.151 0.173 0.148 0.152 0.152 0.140 0.144 0.128 0.163 0.138 0.172 0.137 0.150 0.166 0.134 0.175 0.134 0.163 0.138 0.143 0.147 0.153 0.147 0.134 0.155 0.135 0.151 0.160 0.155 0.152 0.142 0.142 0.150 0.166 0.144 0.170 0.158 0.154 0.164 0.143 0.166 0.131 0.164 0.146 0.163 0.143 0.170 0.163 0.141 0.144 0.138 0.182 0.155 0.155 0.147 0.166 0.156 0.137 0.152 0.134 0.169 0.152 0.154 0.143 0.157 0.157 0.129 0.150 0.138 0.174 0.153 0.145 0.144 0.149 0.161 0.144 0.156 0.137 0.164 0.156 0.154 0.147 0.142 0.169 0.143 0.153 0.142 0.169 0.163 0.152 0.161 0.130 0.150 0.140 0.161 0.145 0.142 0.152 0.148 0.144 0.131 0.161 0.143 0.152 0.142 0.151 0.152 0.140 0.148 0.141 0.158 0.146 0.155 0.145 0.146 0.150 0.142 0.152 0.135 0.163 0.141 0.144 0.147 0.150 0.149 0.133 0.153 0.145 0.163 0.139 0.148 0.151 0.143 0.143 0.137 0.147 0.135 0.151 0.138 0.150 0.143 0.157 0.162 0.149 0.162 0.154 0.168 0.171 0.162 0.175 0.198
MOVE_DONE,OPEN_RESET_FORWARD,STEPS_FINISHED,current,0.163 0.158 0.172 0.132 0.149 0.135 0.171 0.157 0.172 0.141 0.139 0.147 0.147 0.174 0.135 0.146 0.138 0.182 0.139 0.150 0.175 0.140 0.149 0.120 0.177 0.170 0.164 0.166 0.130 0.160 0.141 0.162 0.139 0.146 0.153 0.136 0.144 0.147 0.169 0.137 0.140 0.136 0.157 0.166 0.152 0.156 0.141 0.147 0.121 0.151 0.151 0.161 0.135 0.150 0.150 0.144 0.167 0.124 0.146 0.139 0.144 0.138 0.143 0.172 0.133 0.152 0.125 0.180 0.176 0.160 0.142 0.138 0.153 0.122 0.157 0.162 0.167 0.135 0.156 0.173 0.125 0.154 0.126 0.156 0.132 0.185 0.170 0.139 0.145 0.134 0.152 0.126 0.183 0.159 0.139 0.133 0.131 0.152 0.138 0.168 0.140 0.153 0.137 0.165 0.170 0.132 0.148 0.135 0.153 0.126 0.180 0.164 0.137 0.168 0.139 0.153 0.134 0.165 0.154 0.155 0.133 0.146 0.178 0.140 0.151 0.141 0.154 0.136 0.175 0.165 0.138 0.149 0.137 0.151 0.125 0.146 0.149 0.144 0.140 0.144 0.180 0.146 0.144 0.138 0.153 0.140 0.160 0.172 0.139 0.167 0.135 0.144 0.147 0.159 0.162 0.135 0.147 0.124 0.143 0.132 0.154 0.152 0.172 0.139 0.145 0.168 0.140 0.158 0.143 0.152 0.139 0.167 0.162 0.128 0.168 0.134 0.153 0.152 0.178 0.161 0.131 0.150 0.147 0.165 0.142 0.140 0.129 0.150 0.140 0.152 0.176 0.139 0.159 0.137
MOVE_DONE,CLOSE,STALL,current,0.171 0.139 0.148 0.166 0.142 0.168 0.141 0.158 0.159 0.166 0.142 0.130 0.157 0.144 0.170 0.126 0.146 0.146 0.141 0.151 0.138 0.156 0.135 0.174 0.158 0.151 0.148 0.128 0.150 0.138 0.162 0.140 0.152 0.143 0.141 0.141 0.149 0.176 0.128 0.151 0.121 0.173 0.136 0.170 0.142 0.128 0.159 0.139 0.169 0.145 0.161 0.164 0.132 0.138 0.150 0.176 0.133 0.153 0.130 0.146 0.142 0.148 0.164 0.130 0.148 0.129 0.174 0.162 0.176 0.142 0.145 0.138 0.137 0.164 0.143 0.178 0.140 0.149 0.139 0.153 0.154 0.140 0.165 0.146 0.155 0.133 0.163 0.171 0.133 0.153 0.137 0.179 0.157 0.171 0.169 0.141 0.155 0.145 0.179 0.133 0.157 0.139 0.152 0.144 0.143 0.174 0.133 0.145 0.122 0.151 0.139 0.172 0.161 0.132 0.152 0.124 0.161 0.127 0.142 0.149 0.140 0.150 0.141 0.169 0.140 0.177 0.149 0.148 0.156 0.136 0.142 0.140 0.164 0.130 0.180 0.137 0.153 0.138 0.130 0.157 0.138 0.166 0.126 0.154 0.130 0.139 0.149 0.144 0.161 0.148 0.143 0.130 0.150 0.176 0.173 0.162 0.126 0.155 0.144 0.167 0.153 0.181 0.147 0.134 0.151 0.150 0.181 0.134 0.152 0.137 0.150 0.166 0.157 0.155 0.138 0.171 0.131 0.139 0.132 0.177 0.170 0.135 0.147 0.146 0.175 0.138 0.157 0.167 0.140 0.145 0.148 0.178 0.133 0.150 0.127 0.149 0.143 0.149 0.168 0.137 0.173 0.124 0.165 0.161 0.154 0.145 0.152 0.141 0.129 0.165 0.137 0.149 0.137 0.157 0.167 0.149 0.146 0.133 0.148 0.119 0.146 0.138 0.168 0.166 0.135 0.147 0.140 0.162 0.123 0.147 0.140 0.146 0.139 0.148 0.175 0.138 0.145 0.128 0.148 0.147 0.144 0.159 0.156 0.144 0.123 0.150 0.165 0.178 0.148 0.144 0.166 0.134 0.156 0.145 0.154 0.133 0.141 0.147 0.137 0.165 0.135 0.158 0.136 0.149 0.141 0.143 0.139 0.146 0.171 0.143 0.138 0.142 0.155 0.139 0.135 0.158 0.139 0.160 0.138 0.165 0.133 0.149 0.141 0.152 0.173 0.137 0.156 0.141 0.151 0.151 0.158 0.168 0.134 0.150 0.129 0.142 0.124 0.153 0.171 0.137 0.142 0.148 0.179 0.125 0.144 0.156 0.174 0.137 0.135 0.153 0.136 0.156 0.123 0.156 0.131 0.154 0.169 0.132 0.140 0.150 0.172 0.141 0.172 0.156 0.154 0.135 0.148 0.174 0.136 0.160 0.129 0.185 0.141 0.141 0.148 0.136 0.151 0.142 0.174 0.129 0.148 0.140 0.149 0.143 0.134 0.165 0.145 0.171 0.144 0.150 0.143 0.150 0.171 0.154 0.150 0.126 0.148 0.135 0.182 0.163 0.138 0.149 0.130 0.145 0.124 0.187 0.159 0.149 0.143 0.150 0.167 0.140 0.156 0.126 0.175 0.145 0.154 0.169 0.136 0.173 0.151 0.150 0.162 0.165 0.144 0.167 0.168 0.162 0.173 0.141 0.160 0.140 0.172 0.180 0.145 0.159 0.161 0.167 0.140 0.189 0.182 0.155 0.145 0.160 0.177 0.151 0.165 0.135 0.201 0.164 0.178 0.180 0.158 0.171 0.162 0.198 0.177 0.196
MOVE_DONE,OPEN,STEPS_FINISHED,current,0.188 0.176 0.158 0.159 0.159 0.166 0.141 0.162 0.142 0.171 0.163 0.157 0.148 0.149 0.152 0.133 0.182 0.161 0.153 0.142 0.164 0.169 0.133 0.148 0.140 0.180 0.157 0.150 0.148 0.160 0.155 0.141 0.159 0.136 0.152 0.148 0.155 0.145 0.155 0.163 0.134 0.152 0.145 0.173 0.155 0.155 0.148 0.147 0.155 0.144 0.164 0.137 0.166 0.159 0.142 0.142 0.137 0.168 0.142 0.157 0.145 0.156 0.136 0.149 0.164 0.125 0.157 0.151 0.153 0.144 0.142 0.152 0.145 0.146 0.138 0.158 0.144 0.150 0.146 0.154 0.147 0.140 0.149 0.141 0.162 0.145 0.149 0.145 0.167 0.159 0.141 0.151 0.134 0.179 0.154 0.143 0.151 0.166 0.162 0.128 0.150 0.141 0.173 0.151 0.154 0.148 0.154 0.152 0.126 0.153 0.141 0.156 0.146 0.146 0.149 0.141 0.151 0.134 0.162 0.145 0.150 0.142 0.150 0.152 0.139 0.152 0.142 0.161 0.143 0.145 0.154 0.158 0.147 0.148 0.154 0.155 0.145 0.146 0.162 0.146 0.149 0.147 0.137 0.160 0.141 0.161 0.135 0.153 0.168 0.141 0.147 0.125 0.161 0.154 0.152 0.164 0.152 0.168 0.134 0.153 0.129 0.149 0.143 0.150 0.146 0.156 0.147 0.135 0.151 0.139 0.163 0.144 0.154 0.161 0.148 0.149 0.127 0.175 0.149 0.171 0.153 0.147 0.151 0.150 0.159 0.138 0.151 0.137 0.167 0.158 0.156 0.153 0.144 0.149 0.141 0.161 0.145 0.153 0.142 0.145 0.151 0.139 0.146 0.144 0.164 0.138 0.147 0.150 0.150 0.142 0.134 0.159 0.139 0.152 0.145 0.151 0.152 0.141 0.152 0.137 0.157 0.148 0.158 0.144 0.146 0.150 0.141 0.146 0.136 0.164 0.144 0.145 0.142 0.162 0.162 0.135 0.143 0.148 0.164 0.139 0.155 0.141 0.146 0.132 0.137 0.175 0.138 0.157 0.160 0.147 0.144 0.162 0.159 0.137 0.156 0.156 0.150 0.143 0.160 0.153 0.139 0.139 0.144 0.161 0.135 0.168 0.160 0.156 0.145 0.139 0.169 0.145 0.153 0.139 0.172 0.168 0.147 0.146 0.137 0.163 0.143 0.160 0.140 0.160 0.161 0.147 0.142 0.122 0.182 0.152 0.150 0.134 0.170 0.162 0.145 0.146 0.138 0.164 0.141 0.153 0.145 0.145 0.148 0.139 0.145 0.135 0.163 0.145 0.147 0.147 0.150 0.148 0.132 0.153 0.145
MOVE_DONE,OPEN_RESET,STALL,current,0.168 0.140 0.144 0.150 0.159 0.154 0.139 0.172 0.147 0.154 0.145 0.149 0.147 0.141 0.144 0.149 0.178 0.136 0.161 0.134 0.139 0.154 0.148 0.141 0.140 0.179 0.140 0.151 0.138 0.153 0.164 0.132 0.146 0.150 0.166 0.141 0.146 0.150 0.150 0.146 0.138 0.151 0.138 0.158 0.141 0.145 0.147 0.146 0.145 0.131 0.158 0.147 0.152 0.139 0.151 0.151 0.140 0.147 0.139 0.164 0.141 0.152 0.147 0.145 0.149 0.141 0.152 0.138 0.162 0.145 0.150 0.146 0.150 0.149 0.134 0.149 0.158 0.184 0.144 0.158 0.152 0.141 0.142 0.135 0.156 0.153 0.174 0.144 0.148 0.151 0.139 0.144 0.131 0.153 0.155 0.150 0.148 0.156 0.168 0.142 0.162 0.128 0.178 0.147 0.163 0.146 0.151 0.145 0.133 0.154 0.146 0.159 0.143 0.147 0.151 0.143 0.148 0.138 0.158 0.126 0.152 0.148 0.159 0.149 0.146 0.150 0.132 0.160 0.147 0.155 0.142 0.149 0.152 0.141 0.144 0.140 0.157 0.142 0.151 0.147 0.145 0.145 0.139 0.153 0.141 0.155 0.145 0.150 0.145 0.149 0.149 0.134 0.150 0.146 0.161 0.142 0.143 0.151 0.147 0.142 0.136 0.163 0.141 0.154 0.145 0.150 0.144 0.140 0.145 0.149 0.178 0.139 0.153 0.148 0.143 0.149 0.143 0.148 0.145 0.149 0.148 0.162 0.146 0.161 0.145 0.132 0.154 0.151 0.149 0.141 0.153 0.142 0.144 0.156 0.139 0.171 0.138 0.168 0.157 0.151 0.145 0.154 0.164 0.134 0.156 0.142 0.176 0.152 0.144 0.148 0.147 0.161 0.140 0.158 0.140 0.166 0.139 0.171 0.158 0.140 0.151 0.147 0.146 0.149 0.164 0.147 0.150 0.155 0.147 0.171 0.134 0.158 0.160 0.149 0.166 0.140 0.141 0.136 0.166 0.138 0.174 0.160 0.156 0.144 0.143 0.161 0.149 0.158 0.133 0.147 0.149 0.146 0.149 0.138 0.150 0.136 0.162 0.145 0.145 0.144 0.150 0.150 0.131 0.152 0.143 0.154 0.143 0.149 0.145 0.142 0.147 0.135 0.159 0.142 0.155 0.144 0.145 0.145 0.142 0.150 0.134 0.160 0.148 0.150 0.158 0.165 0.154 0.138 0.157 0.155 0.160 0.145 0.173 0.180 0.156 0.161 0.173 0.216 0.235 0.205
MOVE_DONE,OPEN_RESET_FORWARD,STEPS_FINISHED,current,0.172 0.156 0.148 0.137 0.159 0.181 0.135 0.160 0.137 0.142 0.142 0.157 0.167 0.134 0.165 0.140 0.157 0.121 0.161 0.139 0.152 0.142 0.139 0.176 0.147 0.143 0.154 0.166 0.139 0.138 0.150 0.132 0.151 0.126 0.150 0.130 0.155 0.165 0.152 0.142 0.148 0.181 0.123 0.165 0.134 0.150 0.144 0.143 0.172 0.155 0.142 0.123 0.151 0.132 0.174 0.165 0.137 0.144 0.147 0.141 0.128 0.152 0.161 0.163 0.138 0.131 0.163 0.149 0.141 0.136 0.154 0.139 0.159 0.168 0.142 0.168 0.132 0.148 0.131 0.177 0.163 0.131 0.141 0.144 0.165 0.131 0.174 0.150 0.148 0.152 0.132 0.158 0.140 0.154 0.138 0.152 0.140 0.137 0.140 0.137 0.156 0.137 0.147 0.126 0.188 0.166 0.143 0.144 0.142 0.167 0.137 0.148 0.141 0.157 0.144 0.156 0.169 0.139 0.169 0.141 0.174 0.166 0.148 0.165 0.154 0.148 0.144 0.172 0.138 0.155 0.138 0.138 0.151 0.137 0.151 0.141 0.165 0.120 0.181 0.160 0.144 0.156 0.132 0.160 0.143 0.169 0.150 0.156 0.137 0.158 0.145 0.137 0.157 0.134 0.167 0.132 0.144 0.140 0.134 0.153 0.129 0.154 0.129 0.167 0.161 0.150 0.139 0.149 0.140 0.132 0.152 0.138 0.172 0.135 0.133 0.146 0.137 0.152 0.121 0.157 0.151 0.177 0.164 0.143 0.155 0.137 0.171 0.137 0.144 0.131 0.180 0.167 0.137 0.143
MOVE_DONE,CLOSE,STALL,current,0.128 0.156 0.124 0.184 0.169 0.143 0.162 0.137 0.150 0.136 0.170 0.140 0.157 0.138 0.155 0.140 0.129 0.152 0.127 0.155 0.148 0.184 0.162 0.132 0.145 0.152 0.151 0.130 0.177 0.149 0.142 0.138 0.151 0.174 0.133 0.156 0.140 0.168 0.134 0.181 0.167 0.129 0.149 0.144 0.175 0.122 0.187 0.166 0.150 0.165 0.139 0.166 0.133 0.147 0.127 0.147 0.137 0.155 0.163 0.146 0.154 0.133 0.169 0.147 0.152 0.139 0.147 0.140 0.149 0.172 0.136 0.147 0.138 0.175 0.137 0.130 0.150 0.131 0.148 0.124 0.166 0.137 0.139 0.139 0.147 0.171 0.146 0.174 0.144 0.150 0.141 0.163 0.172 0.140 0.155 0.144 0.139 0.137 0.163 0.158 0.130 0.150 0.152 0.144 0.128 0.175 0.153 0.149 0.139 0.144 0.171 0.134 0.157 0.123 0.154 0.168 0.164 0.161 0.129 0.160 0.125 0.147 0.127 0.188 0.161 0.137 0.151 0.150 0.174 0.135 0.152 0.135 0.152 0.171 0.147 0.168 0.130 0.155 0.134 0.167 0.165 0.172 0.133 0.129 0.159 0.146 0.166 0.137 0.152 0.138 0.144 0.147 0.150 0.147 0.138 0.145 0.133 0.171 0.147 0.144 0.150 0.126 0.152 0.130 0.138 0.141 0.155 0.141 0.156 0.143 0.147 0.171 0.130 0.153 0.135 0.172 0.168 0.148 0.147 0.146 0.168 0.127 0.143 0.149 0.152 0.161 0.145 0.147 0.146 0.170 0.138 0.152 0.138 0.161 0.165 0.139 0.151 0.146 0.141 0.142 0.165 0.167 0.142 0.143 0.143 0.150 0.131 0.144 0.132 0.156 0.165 0.149 0.176 0.140 0.165 0.129 0.168 0.139 0.148 0.142 0.135 0.156 0.138 0.150 0.121 0.187 0.160 0.144 0.141 0.143 0.168 0.145 0.170 0.137 0.150 0.137 0.169 0.169 0.130 0.161 0.124 0.161 0.130 0.151 0.138 0.139 0.144 0.143 0.144 0.132 0.164 0.157 0.150 0.137 0.151 0.169 0.137 0.172 0.132 0.166 0.142 0.160 0.156 0.149 0.151 0.128 0.158 0.145 0.154 0.135 0.158 0.177 0.147 0.171 0.134 0.150 0.127 0.182 0.171 0.145 0.157 0.137 0.155 0.119 0.144 0.134 0.188 0.157 0.126 0.153 0.150 0.164 0.136 0.152 0.137 0.167 0.169 0.145 0.147 0.149 0.142 0.129 0.158 0.167 0.140 0.141 0.129 0.150 0.125 0.136 0.136 0.153 0.134 0.157 0.171 0.151 0.166 0.131 0.152 0.133 0.179 0.169 0.131 0.148 0.131 0.156 0.130 0.172 0.162 0.145 0.140 0.145 0.181 0.143 0.167 0.138 0.154 0.138 0.169 0.167 0.131 0.155 0.140 0.173 0.147 0.152 0.168 0.137 0.145 0.144 0.181 0.144 0.160 0.132 0.157 0.140 0.150 0.171 0.135 0.159 0.125 0.156 0.173 0.186 0.159 0.132 0.166 0.144 0.171 0.125 0.190 0.160 0.138 0.149 0.151 0.179 0.143 0.168 0.129 0.153 0.156 0.141 0.148 0.131 0.165 0.146 0.175 0.163 0.160 0.147 0.162 0.170 0.143 0.162 0.145 0.183 0.149 0.190 0.182 0.151 0.161 0.157 0.177 0.155 0.156 0.151 0.190 0.154 0.161 0.183 0.154 0.186 0.161 0.182 0.189 0.151 0.164 0.176 0.172 0.157 0.213 0.188 0.200 0.163 0.160
MOVE_DONE,OPEN,STALL,current,0.177 0.169 0.164 0.162 0.174
MOVE_DONE,OPEN_RESET_FORWARD,STEPS_FINISHED,current,0.191 0.165 0.164 0.154 0.168 0.179 0.156 0.186 0.151 0.174 0.172 0.198 0.204 0.175 0.166 0.194 0.183 0.181 0.202 0.186 0.190 0.192 0.186 0.202 0.188 0.186 0.180 0.227 0.190 0.183 0.187 0.183 0.197 0.188 0.208 0.175 0.194 0.198 0.185 0.212 0.204 0.206 0.204 0.218 0.214 0.209 0.188 0.200 0.207 0.203 0.218 0.197 0.214 0.227 0.245 0.249 0.218 0.237 0.240 0.216 0.214 0.227 0.230 0.204 0.246 0.224 0.232 0.243 0.235 0.228 0.196 0.239 0.238 0.262 0.230 0.218 0.249 0.074 0.013 0.244 0.191 0.142 0.182 0.229 0.159 0.170 0.029 0.179 0.197 0.170 0.071 0.070 0.179 0.074 0.174 0.263 0.195 0.114 0.155 0.103 0.033 0.201 0.078 0.175 0.270 0.192 0.086 0.156 0.129 0.024 0.202 0.112 0.153 0.264 0.196 0.070 0.142 0.151 0.020 0.191 0.143 0.172 0.247 0.197 0.051 0.136 0.169 0.019 0.192 0.195 0.167 0.234 0.197 0.044 0.090 0.199 0.023 0.177 0.222 0.195 0.181 0.177 0.089 0.054 0.191 0.068 0.187 0.234 0.174 0.103 0.176 0.102 0.042 0.181 0.101 0.179 0.269 0.193 0.077 0.136 0.154 0.008 0.204 0.139 0.174 0.230 0.214 0.037 0.116 0.160 0.014 0.167 0.216 0.186 0.223 0.186 0.070 0.070 0.209 0.047 0.187 0.258 0.188 0.163 0.180 0.115 0.035 0.203 0.080 0.173 0.277 0.190 0.095 0.171
MOVE_DONE,CLOSE,STALL,current,0.187 0.227 0.161 0.235 0.192
MOVE_DONE,OPEN,STALL,current,0.179 0.199 0.176 0.177 0.186
MOVE_DONE,OPEN_RESET_FORWARD,STEPS_FINISHED,current,0.231 0.240 0.218 0.229 0.213 0.191 0.195 0.068 0.186 0.201 0.169 0.194 0.061 0.170 0.268 0.159 0.069 0.156 0.082 0.063 0.206 0.103 0.174 0.265 0.181 0.086 0.133 0.142 0.035 0.181 0.116 0.167 0.236 0.174 0.074 0.142 0.117 0.034 0.194 0.137 0.168 0.250 0.197 0.038 0.117 0.182 0.026 0.202 0.203 0.180 0.265 0.183 0.047 0.110 0.197 0.046 0.192 0.194 0.182 0.225 0.187 0.056 0.062 0.193 0.052 0.180 0.250 0.201 0.148 0.193 0.089 0.033 0.176 0.077 0.175 0.269 0.207 0.083 0.149 0.144 0.023 0.196 0.127 0.166 0.284 0.181 0.064 0.151 0.155 0.010 0.197 0.151 0.214 0.281 0.224 0.046 0.076 0.191 0.025 0.188 0.237 0.190 0.203 0.215 0.080 0.040 0.209 0.051 0.186 0.241 0.206 0.103 0.159 0.109 0.043 0.193 0.114 0.184 0.284 0.219 0.044 0.133 0.129 0.006 0.173 0.151 0.184 0.286 0.207 0.026 0.086 0.175 0.017 0.181 0.161 0.196 0.196 0.212 0.051 0.052 0.215 0.050 0.178 0.252 0.198 0.160 0.200 0.115 0.041 0.203 0.071 0.193 0.265 0.206 0.101 0.172 0.127 0.027 0.190 0.147 0.194 0.274 0.200 0.047 0.101 0.174 0.015 0.189 0.197 0.197 0.218 0.183 0.059 0.054 0.195 0.026 0.185 0.230 0.198 0.146 0.185 0.075 0.016 0.210 0.050 0.163 0.254 0.200 0.079 0.147 0.112 0.007 0.199 0.101
MOVE_DONE,CLOSE,STALL,current,0.265 0.174 0.037 0.100 0.177 0.016 0.194 0.158 0.167 0.265 0.190 0.043 0.122 0.179 0.011 0.193 0.203 0.181 0.243 0.203
MOVE_DONE,OPEN,STOPPED,,
MOVE_DONE,CLOSE,STALL,current,0.131 0.163 0.131 0.148 0.140 0.160 0.164 0.145 0.168 0.145 0.146 0.140 0.157 0.164 0.129 0.149 0.145 0.169 0.150 0.159 0.141 0.144 0.145 0.158 0.146 0.130 0.158 0.157 0.159 0.167 0.134 0.146 0.134 0.148 0.134 0.171 0.162 0.171 0.146 0.132 0.150 0.155 0.169 0.128 0.138 0.150 0.158 0.167 0.126 0.149 0.136 0.159 0.144 0.181 0.151 0.152 0.167 0.132 0.148 0.134 0.151 0.123 0.168 0.165 0.148 0.162 0.132 0.168 0.134 0.149 0.125 0.173 0.174 0.159 0.146 0.128 0.156 0.134 0.169 0.150 0.178 0.133 0.150 0.169 0.134 0.154 0.130 0.171 0.137 0.150 0.161 0.152 0.150 0.139 0.165 0.138 0.154 0.140 0.165 0.140 0.138 0.163 0.141 0.144 0.134 0.178 0.145 0.137 0.148 0.144 0.175 0.143 0.179 0.149 0.148 0.166 0.153 0.161 0.151 0.163 0.146 0.151 0.163 0.155 0.137 0.157 0.167 0.145 0.149 0.127 0.147 0.147 0.138 0.146 0.136 0.156 0.130 0.157 0.146 0.154 0.136 0.159 0.167 0.134 0.155 0.134 0.160 0.146 0.190 0.149 0.140 0.163 0.134 0.157 0.122 0.159 0.168 0.183 0.177 0.148 0.169 0.133 0.157 0.125 0.174 0.159 0.152 0.170 0.145 0.143 0.138 0.171 0.149 0.152 0.133 0.166 0.160 0.149 0.147 0.135 0.173 0.156 0.145 0.136 0.131 0.149 0.151 0.146 0.127 0.152 0.164 0.144 0.143 0.137 0.171 0.151 0.148 0.122 0.157 0.140 0.149 0.146 0.135 0.165 0.147 0.169 0.145 0.158 0.166 0.145 0.142 0.131 0.155 0.136 0.170 0.131 0.156 0.165 0.141 0.163 0.150 0.168 0.135 0.154 0.132 0.185 0.144 0.140 0.156 0.153 0.173 0.136 0.147 0.142 0.163 0.167 0.135 0.163 0.160 0.166 0.139 0.156 0.152 0.173 0.147 0.163 0.178 0.155 0.160 0.140 0.157 0.155 0.176 0.177 0.142 0.161 0.152 0.184 0.169 0.154 0.149 0.166 0.178 0.153 0.167 0.147 0.195 0.203 0.161 0.154 0.174 0.170 0.162 0.184 0.173
MOVE_DONE,OPEN,STEPS_FINISHED,current,0.170 0.162 0.166 0.154 0.171 0.140 0.191 0.164 0.152 0.139 0.169 0.168 0.145 0.145 0.140 0.190 0.167 0.150 0.149 0.160 0.166 0.139 0.146 0.138 0.183 0.163 0.158 0.140 0.159 0.166 0.146 0.150 0.139 0.183 0.164 0.156 0.140 0.143 0.163 0.137 0.156 0.134 0.169 0.156 0.157 0.142 0.138 0.159 0.149 0.160 0.136 0.160 0.166 0.148 0.148 0.144 0.156 0.145 0.151 0.147 0.150 0.146 0.163 0.159 0.131 0.149 0.138 0.182 0.156 0.148 0.144 0.157 0.161 0.135 0.152 0.136 0.176 0.155 0.148 0.145 0.147 0.167 0.142 0.151 0.140 0.171 0.159 0.154 0.142 0.136 0.169 0.143 0.151 0.137 0.164 0.159 0.153 0.143 0.125 0.166 0.151 0.157 0.133 0.164 0.162 0.152 0.139 0.128 0.167 0.155 0.156 0.146 0.165 0.163 0.147 0.140 0.130 0.168 0.153 0.169 0.161 0.150 0.145 0.136 0.164 0.149 0.154 0.136 0.166 0.162 0.154 0.143 0.129 0.168 0.132 0.157 0.154 0.151 0.167 0.145 0.145 0.137 0.158 0.149 0.161 0.140 0.152 0.153 0.145 0.146 0.135 0.153 0.140 0.174 0.154 0.142 0.148 0.145 0.172 0.139 0.159 0.140 0.167 0.167 0.150 0.141 0.137 0.174 0.141 0.155 0.139 0.169 0.160 0.140 0.139 0.127 0.174 0.148 0.152 0.137 0.170 0.160 0.137 0.141 0.126 0.186 0.149 0.144 0.143 0.169 0.161 0.140 0.145 0.132 0.175 0.160 0.148 0.137 0.169 0.161 0.137 0.149 0.134 0.175 0.156 0.147 0.141 0.162 0.162 0.133 0.155 0.134 0.174 0.153 0.148 0.148 0.152 0.156 0.136 0.157 0.136 0.166 0.156 0.155 0.147 0.142 0.155 0.145 0.160 0.136 0.168 0.154 0.156 0.148 0.141 0.166 0.144 0.156 0.141 0.162 0.158 0.148 0.148 0.126 0.175 0.146 0.151 0.143 0.172 0.157 0.147 0.143 0.129 0.172 0.149 0.155 0.140 0.164 0.159 0.142 0.145 0.132 0.175 0.151 0.153 0.141 0.169 0.159 0.135 0.144 0.137 0.188 0.152 0.140 0.145 0.148 0.156 0.134 0.149 0.137 0.185 0.154 0.142 0.151 0.160 0.160 0.135 0.148 0.137 0.172 0.163 0.141 0.144 0.152 0.161 0.143 0.154 0.135 0.174 0.159 0.154 0.142 0.139 0.169 0.142 0.158 0.137 0.165 0.167 0.154 0.146 0.131 0.163 0.152 0.161
MOVE_DONE,OPEN_RESET,STALL,current,0.137 0.150 0.136 0.144 0.150 0.138 0.158 0.142 0.146 0.142 0.171 0.161 0.143 0.139 0.129 0.187 0.149 0.145 0.149 0.172 0.154 0.137 0.146 0.132 0.179 0.158 0.148 0.143 0.168 0.160 0.138 0.145 0.134 0.180 0.156 0.139 0.148 0.164 0.159 0.128 0.147 0.138 0.178 0.157 0.151 0.142 0.154 0.160 0.143 0.153 0.135 0.174 0.157 0.148 0.145 0.147 0.166 0.141 0.179 0.135 0.169 0.160 0.141 0.147 0.137 0.171 0.143 0.158 0.136 0.167 0.141 0.151 0.146 0.135 0.150 0.138 0.175 0.152 0.144 0.153 0.161 0.158 0.137 0.149 0.134 0.174 0.165 0.154 0.148 0.150 0.162 0.132 0.152 0.142 0.169 0.166 0.147 0.143 0.143 0.162 0.148 0.154 0.156 0.147 0.152 0.147 0.146 0.135 0.157 0.148 0.162 0.140 0.148 0.151 0.149 0.161 0.126 0.173 0.155 0.153 0.133 0.162 0.159 0.150 0.145 0.135 0.179 0.149 0.171 0.136 0.164 0.158 0.141 0.146 0.131 0.173 0.155 0.154 0.139 0.162 0.152 0.144 0.150 0.135 0.181 0.147 0.145 0.154 0.157 0.154 0.127 0.151 0.139 0.174 0.159 0.149 0.146 0.157 0.159 0.138 0.159 0.142 0.174 0.158 0.145 0.148 0.148 0.167 0.141 0.155 0.135 0.170 0.152 0.146 0.145 0.136 0.173 0.150 0.149 0.136 0.171 0.162 0.146 0.142 0.131 0.173 0.154 0.161 0.132 0.167 0.158 0.146 0.141 0.125 0.182 0.149 0.148 0.142 0.165 0.161 0.146 0.144 0.129 0.179 0.156 0.154 0.139 0.160 0.161 0.140 0.151 0.133 0.180 0.151 0.155 0.145 0.164 0.154 0.133 0.152 0.134 0.174 0.150 0.152 0.145 0.155 0.153 0.136 0.153 0.141 0.177 0.151 0.142 0.154 0.152 0.158 0.141 0.156 0.142 0.167 0.155 0.147 0.150 0.146 0.159 0.141 0.160 0.136 0.169 0.156 0.141 0.142 0.135 0.169 0.142 0.152 0.143 0.169 0.158 0.146 0.140 0.124 0.171 0.154 0.152 0.135 0.168 0.161 0.144 0.141 0.124 0.184 0.150 0.149 0.137 0.170 0.162 0.141 0.142 0.132 0.173 0.158 0.149 0.138 0.160 0.157 0.142 0.147 0.132 0.177 0.163 0.157 0.148 0.160 0.159 0.149 0.159 0.146 0.171 0.157 0.166 0.194 0.205 0.223 0.310
MOVE_DONE,OPEN_RESET_FORWARD,STEPS_FINISHED,current,0.162 0.144 0.163 0.136 0.159 0.137 0.155 0.143 0.146 0.147 0.140 0.143 0.146 0.149 0.127 0.161 0.153 0.146 0.145 0.151 0.172 0.145 0.170 0.139 0.153 0.141 0.137 0.137 0.150 0.182 0.142 0.167 0.145 0.161 0.161 0.159 0.139 0.147 0.152 0.127 0.153 0.154 0.151 0.141 0.156 0.139 0.135 0.157 0.130 0.164 0.159 0.150 0.143 0.140 0.158 0.129 0.164 0.128 0.141 0.146 0.154 0.171 0.136 0.152 0.136 0.146 0.124 0.177 0.142 0.146 0.173 0.148 0.166 0.131 0.150 0.129 0.190 0.137 0.136 0.162 0.145 0.160 0.136 0.150 0.131 0.147 0.152 0.131 0.166 0.138 0.166 0.145 0.158 0.158 0.147 0.135 0.145 0.166 0.137 0.159 0.134 0.171 0.161 0.141 0.140 0.143 0.168 0.139 0.158 0.147 0.182 0.152 0.143 0.170 0.152 0.145 0.123 0.145 0.145 0.151 0.168 0.154 0.172 0.135 0.157 0.123 0.175 0.167 0.143 0.139 0.132 0.153 0.148 0.142 0.122 0.154 0.171 0.151 0.163 0.133 0.163 0.138 0.141 0.132 0.189 0.152 0.148 0.172 0.134 0.163 0.137 0.149 0.129 0.169 0.159 0.162 0.152 0.146 0.163 0.134 0.145 0.141 0.154 0.171 0.150 0.174 0.137 0.160 0.135 0.151 0.140 0.170 0.136 0.134 0.157 0.146 0.166 0.137 0.156 0.163 0.163 0.136 0.153 0.170 0.136 0.155 0.130 0.170 0.163 0.134 0.144 0.149 0.166 0.137
MOVE_DONE,CLOSE,STALL,current,0.160 0.134 0.151 0.140 0.161 0.136 0.136 0.174 0.140 0.172 0.147 0.147 0.143 0.129 0.147 0.153 0.153 0.134 0.174 0.153 0.142 0.140 0.159 0.164 0.136 0.167 0.127 0.173 0.131 0.180 0.166 0.136 0.143 0.141 0.165 0.132 0.149 0.147 0.145 0.151 0.155 0.153 0.137 0.167 0.156 0.158 0.163 0.133 0.164 0.139 0.170 0.132 0.140 0.129 0.171 0.142 0.148 0.170 0.135 0.158 0.124 0.159 0.162 0.176 0.171 0.135 0.154 0.134 0.152 0.147 0.152 0.134 0.169 0.169 0.143 0.164 0.129 0.161 0.147 0.150 0.134 0.156 0.168 0.152 0.175 0.138 0.171 0.150 0.175 0.134 0.144 0.149 0.157 0.146 0.123 0.161 0.136 0.154 0.143 0.125 0.147 0.148 0.175 0.144 0.145 0.139 0.170 0.140 0.133 0.158 0.140 0.156 0.125 0.185 0.160 0.142 0.142 0.131 0.149 0.131 0.151 0.129 0.183 0.166 0.139 0.163 0.135 0.163 0.135 0.153 0.130 0.172 0.169 0.142 0.150 0.134 0.147 0.128 0.150 0.137 0.168 0.138 0.133 0.167 0.138 0.144 0.125 0.176 0.142 0.144 0.139 0.143 0.177 0.135 0.148 0.148 0.183 0.141 0.137 0.148 0.150 0.174 0.136 0.156 0.136 0.153 0.157 0.153 0.147 0.132 0.162 0.145 0.178 0.150 0.147 0.139 0.160 0.168 0.145 0.163 0.136 0.147 0.155 0.162 0.138 0.149 0.170 0.140 0.138 0.141 0.168 0.169 0.143 0.141 0.137 0.155 0.138 0.172 0.131 0.156 0.137 0.149 0.168 0.132 0.159 0.128 0.165 0.159 0.152 0.146 0.139 0.167 0.136 0.153 0.121 0.147 0.146 0.174 0.150 0.137 0.142 0.128 0.152 0.146 0.180 0.156 0.142 0.146 0.137 0.162 0.129 0.150 0.136 0.163 0.160 0.133 0.169 0.145 0.158 0.135 0.183 0.159 0.145 0.133 0.147 0.145 0.148 0.167 0.123 0.151 0.144 0.156 0.168 0.127 0.154 0.143 0.171 0.139 0.152 0.164 0.165 0.136 0.144 0.170 0.143 0.150 0.125 0.181 0.165 0.140 0.142 0.147 0.153 0.134 0.181 0.160 0.179 0.159 0.128 0.150 0.154 0.142 0.130 0.145 0.133 0.174 0.163 0.134 0.153 0.144 0.140 0.132 0.168 0.155 0.134 0.142 0.143 0.166 0.138 0.161 0.145 0.168 0.174 0.141 0.158 0.132 0.160 0.121 0.150 0.154 0.179 0.174 0.145 0.145 0.158 0.167 0.130 0.143 0.141 0.177 0.167 0.147 0.154 0.132 0.156 0.145 0.170 0.134 0.174 0.174 0.139 0.169 0.128 0.157 0.142 0.181 0.132 0.157 0.169 0.155 0.153 0.133 0.149 0.131 0.174 0.134 0.141 0.154 0.152 0.166 0.132 0.145 0.143 0.153 0.145 0.141 0.174 0.151 0.172 0.141 0.157 0.143 0.147 0.136 0.144 0.149 0.142 0.169 0.143 0.155 0.144 0.140 0.138 0.131 0.163 0.132 0.171 0.149 0.153 0.148 0.132 0.154 0.151 0.146 0.141 0.166 0.160 0.146 0.160 0.143 0.146 0.145 0.153 0.150 0.171 0.170 0.151 0.143 0.156 0.171 0.145 0.161 0.137 0.188 0.174 0.147 0.149 0.169 0.179 0.142 0.162 0.145 0.201 0.190 0.163 0.162 0.166
MOVE_DONE,OPEN,STEPS_FINISHED,current,0.166 0.154 0.156 0.144 0.152 0.147 0.169 0.150 0.149 0.151 0.154 0.155 0.140 0.154 0.150 0.168 0.151 0.148 0.150 0.152 0.151 0.136 0.155 0.145 0.184 0.156 0.145 0.151 0.158 0.165 0.137 0.155 0.137 0.172 0.161 0.144 0.148 0.150 0.168 0.138 0.155 0.141 0.171 0.156 0.158 0.148 0.136 0.149 0.135 0.185 0.151 0.146 0.147 0.162 0.157 0.141 0.150 0.132 0.178 0.152 0.148 0.152 0.157 0.159 0.134 0.155 0.136 0.170 0.156 0.153 0.148 0.144 0.158 0.140 0.160 0.142 0.150 0.145 0.149 0.148 0.137 0.150 0.133 0.160 0.159 0.145 0.160 0.147 0.151 0.129 0.142 0.131 0.186 0.152 0.141 0.141 0.162 0.160 0.136 0.152 0.137 0.180 0.154 0.147 0.144 0.156 0.159 0.144 0.156 0.135 0.176 0.152 0.143 0.143 0.142 0.162 0.125 0.164 0.146 0.153 0.146 0.149 0.148 0.141 0.158 0.128 0.160 0.146 0.153 0.154 0.152 0.146 0.138 0.160 0.134 0.156 0.136 0.152 0.142 0.152 0.159 0.144 0.155 0.135 0.168 0.159 0.152 0.147 0.143 0.162 0.148 0.161 0.132 0.167 0.157 0.155 0.139 0.136 0.164 0.151 0.154 0.135 0.163 0.161 0.154 0.139 0.127 0.168 0.155 0.161 0.133 0.147 0.155 0.139 0.150 0.124 0.164 0.138 0.153 0.142 0.150 0.154 0.153 0.152 0.144 0.157 0.141 0.171 0.155 0.151 0.144 0.142 0.162 0.150 0.159 0.135 0.162 0.153 0.148 0.146 0.132 0.172 0.145 0.153 0.145 0.165 0.161 0.149 0.162 0.137 0.162 0.153 0.157 0.140 0.163 0.161 0.143 0.142 0.127 0.186 0.152 0.153 0.144 0.165 0.154 0.141 0.144 0.132 0.154 0.147 0.151 0.161 0.147 0.152 0.139 0.149 0.149 0.163 0.136 0.158 0.147 0.153 0.152 0.141 0.148 0.132 0.178 0.159 0.156 0.143 0.151 0.163 0.137 0.157 0.139 0.169 0.158 0.165 0.152 0.138 0.151 0.145 0.154 0.144 0.151 0.150 0.154 0.161 0.137 0.166 0.133 0.152 0.134 0.148 0.151 0.151 0.145 0.137 0.162 0.133 0.157 0.140 0.169 0.161 0.146 0.142 0.128 0.184 0.150 0.152 0.138 0.168 0.163 0.142 0.139 0.130 0.185 0.148 0.147 0.146 0.167 0.161 0.133 0.145 0.132 0.176 0.153 0.148 0.149 0.165 0.154 0.129 0.146 0.141
MOVE_DONE,OPEN_RESET,STALL,current,0.146 0.142 0.145 0.154 0.150 0.145 0.130 0.163 0.147 0.153 0.136 0.164 0.161 0.144 0.143 0.132 0.180 0.160 0.147 0.137 0.170 0.158 0.137 0.144 0.133 0.185 0.155 0.141 0.147 0.167 0.159 0.133 0.147 0.135 0.185 0.156 0.150 0.144 0.140 0.155 0.129 0.150 0.137 0.171 0.156 0.149 0.148 0.149 0.157 0.141 0.160 0.136 0.150 0.145 0.150 0.136 0.140 0.157 0.140 0.159 0.136 0.153 0.165 0.161 0.159 0.141 0.153 0.134 0.177 0.157 0.154 0.150 0.160 0.157 0.141 0.158 0.136 0.178 0.160 0.149 0.151 0.151 0.164 0.145 0.153 0.133 0.169 0.159 0.145 0.147 0.143 0.168 0.139 0.151 0.138 0.171 0.161 0.153 0.141 0.134 0.168 0.146 0.153 0.132 0.165 0.162 0.143 0.145 0.127 0.181 0.147 0.147 0.135 0.170 0.161 0.145 0.142 0.131 0.150 0.143 0.148 0.163 0.154 0.160 0.140 0.130 0.140 0.166 0.133 0.147 0.163 0.153 0.154 0.129 0.152 0.137 0.177 0.155 0.147 0.143 0.165 0.129 0.131 0.151 0.139 0.183 0.149 0.142 0.153 0.159 0.158 0.138 0.159 0.142 0.167 0.154 0.148 0.148 0.148 0.165 0.144 0.159 0.157 0.149 0.141 0.151 0.159 0.139 0.146 0.131 0.183 0.156 0.151 0.149 0.167 0.156 0.137 0.140 0.133 0.177 0.150 0.149 0.146 0.158 0.158 0.120 0.156 0.140 0.173 0.152 0.152 0.144 0.152 0.165 0.136 0.176 0.141 0.169 0.157 0.147 0.149 0.143 0.162 0.137 0.156 0.143 0.170 0.156 0.143 0.148 0.135 0.178 0.142 0.176 0.135 0.155 0.147 0.160 0.161 0.132 0.150 0.135 0.174 0.158 0.154 0.143 0.148 0.161 0.144 0.150 0.142 0.169 0.160 0.150 0.151 0.147 0.160 0.143 0.155 0.141 0.171 0.161 0.153 0.145 0.135 0.175 0.142 0.150 0.140 0.170 0.154 0.147 0.146 0.129 0.182 0.148 0.150 0.147 0.171 0.161 0.142 0.145 0.130 0.168 0.150 0.153 0.140 0.149 0.147 0.136 0.168 0.136 0.187 0.147 0.142 0.153 0.145 0.147 0.132 0.147 0.137 0.173 0.159 0.154 0.154 0.159 0.163 0.154 0.163 0.154 0.187 0.171 0.177 0.211 0.209
MOVE_DONE,OPEN_RESET_FORWARD,STEPS_FINISHED,current,0.163 0.140 0.172 0.138 0.164 0.150 0.182 0.146 0.136 0.145 0.136 0.148 0.128 0.185 0.170 0.173 0.158 0.126 0.148 0.145 0.141 0.120 0.187 0.163 0.141 0.160 0.145 0.175 0.146 0.142 0.126 0.188 0.162 0.139 0.168 0.139 0.160 0.136 0.168 0.140 0.156 0.141 0.142 0.159 0.149 0.173 0.135 0.152 0.165 0.151 0.163 0.126 0.147 0.150 0.167 0.122 0.146 0.152 0.137 0.140 0.128 0.159 0.146 0.165 0.143 0.160 0.169 0.139 0.137 0.151 0.152 0.134 0.172 0.146 0.154 0.146 0.132 0.143 0.144 0.174 0.137 0.167 0.133 0.187 0.161 0.125 0.149 0.150 0.173 0.137 0.149 0.169 0.142 0.139 0.149 0.175 0.142 0.144 0.134 0.145 0.140 0.136 0.145 0.139 0.160 0.136 0.167 0.149 0.153 0.142 0.162 0.162 0.154 0.177 0.136 0.153 0.144 0.172 0.141 0.140 0.145 0.155 0.176 0.138 0.145 0.140 0.156 0.144 0.132 0.159 0.146 0.172 0.144 0.171 0.140 0.146 0.138 0.147 0.147 0.141 0.167 0.142 0.145 0.140 0.163 0.164 0.147 0.159 0.136 0.178 0.145 0.147 0.140 0.156 0.163 0.152 0.170 0.136 0.146 0.132 0.170 0.138 0.150 0.172 0.130 0.155 0.127 0.170 0.155 0.171 0.139 0.149 0.169 0.132 0.152 0.130 0.149 0.133 0.169 0.168 0.139 0.152 0.138 0.157 0.129 0.175 0.142 0.156 0.168 0.133 0.158 0.135 0.144 0.142
MOVE_DONE,CLOSE,STALL,current,0.153 0.142 0.163 0.148 0.162 0.135 0.176 0.132 0.167 0.166 0.129 0.154 0.137 0.176 0.127 0.179 0.159 0.146 0.142 0.144 0.170 0.142 0.143 0.131 0.153 0.159 0.134 0.150 0.124 0.151 0.137 0.181 0.153 0.146 0.139 0.147 0.163 0.132 0.151 0.126 0.184 0.154 0.149 0.138 0.141 0.145 0.140 0.173 0.145 0.163 0.161 0.138 0.140 0.152 0.174 0.143 0.171 0.145 0.147 0.139 0.144 0.140 0.141 0.178 0.139 0.163 0.128 0.149 0.139 0.159 0.172 0.142 0.155 0.127 0.163 0.159 0.147 0.136 0.148 0.171 0.135 0.151 0.137 0.180 0.131 0.168 0.171 0.143 0.157 0.147 0.147 0.126 0.170 0.139 0.143 0.159 0.147 0.152 0.138 0.174 0.144 0.182 0.175 0.146 0.177 0.132 0.148 0.130 0.151 0.136 0.176 0.167 0.144 0.175 0.131 0.146 0.126 0.155 0.167 0.143 0.142 0.146 0.162 0.139 0.148 0.123 0.178 0.166 0.163 0.170 0.132 0.148 0.141 0.144 0.141 0.168 0.151 0.139 0.152 0.128 0.153 0.134 0.164 0.130 0.156 0.140 0.135 0.155 0.143 0.153 0.128 0.184 0.156 0.145 0.141 0.131 0.159 0.143 0.147 0.128 0.158 0.159 0.145 0.142 0.131 0.147 0.136 0.169 0.156 0.178 0.153 0.160 0.140 0.138 0.157 0.142 0.174 0.144 0.151 0.141 0.139 0.152 0.145 0.166 0.145 0.149 0.138 0.168 0.160 0.143 0.145 0.148 0.163 0.137 0.148 0.164 0.137 0.149 0.143 0.172 0.142 0.169 0.147 0.146 0.137 0.145 0.142 0.150 0.175 0.139 0.169 0.150 0.145 0.137 0.159 0.171 0.143 0.150 0.136 0.145 0.149 0.146 0.141 0.152 0.180 0.138 0.150 0.125 0.143 0.147 0.146 0.139 0.148 0.173 0.132 0.148 0.132 0.146 0.135 0.158 0.169 0.155 0.167 0.141 0.163 0.133 0.150 0.151 0.138 0.163 0.152 0.169 0.133 0.153 0.127 0.173 0.170 0.143 0.148 0.156 0.140 0.132 0.167 0.135 0.153 0.167 0.153 0.173 0.132 0.144 0.123 0.172 0.166 0.163 0.141 0.127 0.160 0.141 0.152 0.142 0.141 0.144 0.137 0.145 0.137 0.144 0.128 0.165 0.136 0.147 0.145 0.145 0.172 0.128 0.160 0.129 0.181 0.153 0.147 0.141 0.161 0.136 0.129 0.163 0.143 0.155 0.162 0.175 0.142 0.153 0.168 0.141 0.154 0.131 0.172 0.158 0.147 0.143 0.158 0.162 0.141 0.156 0.159 0.143 0.145 0.140 0.142 0.136 0.147 0.127 0.150 0.157 0.173 0.143 0.147 0.172 0.136 0.151 0.128 0.146 0.139 0.141 0.151 0.132 0.165 0.145 0.148 0.151 0.174 0.143 0.146 0.149 0.144 0.170 0.136 0.153 0.124 0.152 0.142 0.159 0.169 0.130 0.146 0.127 0.153 0.129 0.185 0.168 0.137 0.142 0.156 0.145 0.130 0.170 0.169 0.171 0.171 0.132 0.148 0.149 0.152 0.124 0.186 0.169 0.143 0.156 0.146 0.159 0.139 0.163 0.140 0.164 0.157 0.148 0.151 0.142 0.199 0.145 0.157 0.166 0.193 0.177 0.141 0.157 0.166 0.167 0.135 0.177 0.177 0.154 0.147 0.161 0.165 0.163 0.155 0.142 0.201 0.183 0.193 0.181 0.156 0.194 0.174 0.158 0.173 0.174 0.167 0.176 0.164
MOVE_DONE,OPEN,STEPS_FINISHED,current,0.178 0.163 0.165 0.146 0.183 0.170 0.159 0.155 0.174 0.172 0.159 0.152 0.128 0.183 0.169 0.152 0.139 0.164 0.172 0.154 0.142 0.128 0.160 0.141 0.170 0.158 0.149 0.155 0.145 0.167 0.144 0.162 0.137 0.168 0.156 0.156 0.143 0.136 0.159 0.148 0.163 0.132 0.166 0.161 0.151 0.138 0.127 0.172 0.157 0.160 0.135 0.168 0.162 0.146 0.137 0.127 0.149 0.148 0.167 0.145 0.152 0.155 0.140 0.134 0.141 0.160 0.143 0.152 0.140 0.150 0.167 0.128 0.154 0.148 0.158 0.139 0.170 0.162 0.148 0.142 0.126 0.170 0.152 0.152 0.136 0.171 0.162 0.143 0.139 0.130 0.164 0.149 0.145 0.140 0.171 0.156 0.142 0.142 0.130 0.188 0.146 0.145 0.148 0.156 0.154 0.141 0.166 0.136 0.162 0.136 0.153 0.161 0.150 0.138 0.133 0.176 0.139 0.148 0.144 0.170 0.163 0.145 0.140 0.127 0.182 0.146 0.145 0.142 0.149 0.148 0.149 0.141 0.131 0.145 0.147 0.149 0.151 0.162 0.165 0.135 0.148 0.129 0.161 0.137 0.151 0.166 0.140 0.151 0.134 0.150 0.156 0.146 0.146 0.165 0.156 0.146 0.144 0.128 0.172 0.145 0.154 0.146 0.172 0.159 0.148 0.147 0.125 0.171 0.137 0.159 0.146 0.149 0.151 0.147 0.156 0.136 0.162 0.146 0.148 0.150 0.147 0.153 0.138 0.165 0.138 0.179 0.140 0.168 0.154 0.151 0.148 0.125 0.175 0.148 0.155 0.145 0.166 0.160 0.150 0.143 0.125 0.170 0.133 0.162 0.132 0.145 0.150 0.150 0.154 0.123 0.154 0.156 0.157 0.136 0.148 0.160 0.140 0.143 0.132 0.187 0.154 0.141 0.146 0.163 0.161 0.135 0.145 0.140 0.178 0.135 0.145 0.151 0.151 0.163 0.133 0.161 0.150 0.153 0.142 0.150 0.152 0.143 0.146 0.132 0.163 0.145 0.170 0.139 0.148 0.154 0.133 0.144 0.141 0.162 0.145 0.155 0.162 0.154 0.139 0.136 0.169 0.138 0.163 0.138 0.149 0.143 0.150 0.161 0.138 0.157 0.141 0.172 0.149 0.155 0.149 0.152 0.152 0.142 0.157 0.138 0.170 0.157 0.151 0.153 0.144 0.146 0.126 0.167 0.144 0.150 0.148 0.150 0.154 0.134 0.144 0.134 0.177 0.151 0.149 0.146 0.166 0.157 0.135 0.152 0.156 0.175 0.150 0.148 0.156 0.160 0.157 0.142 0.158 0.138
MOVE_DONE,OPEN_RESET,STALL,current,0.158 0.150 0.151 0.155 0.144 0.162 0.128 0.158 0.145 0.152 0.148 0.156 0.146 0.142 0.163 0.134 0.155 0.139 0.170 0.155 0.149 0.144 0.136 0.167 0.141 0.153 0.137 0.170 0.161 0.147 0.145 0.129 0.164 0.147 0.155 0.139 0.172 0.155 0.144 0.145 0.129 0.170 0.155 0.157 0.139 0.149 0.150 0.151 0.169 0.142 0.157 0.131 0.153 0.150 0.142 0.153 0.141 0.156 0.139 0.164 0.158 0.150 0.140 0.158 0.156 0.131 0.154 0.143 0.166 0.158 0.141 0.140 0.159 0.159 0.136 0.156 0.135 0.180 0.152 0.142 0.147 0.155 0.161 0.141 0.153 0.138 0.167 0.153 0.143 0.153 0.144 0.141 0.146 0.158 0.136 0.165 0.152 0.150 0.150 0.134 0.172 0.145 0.150 0.140 0.166 0.158 0.147 0.147 0.126 0.172 0.146 0.148 0.146 0.161 0.159 0.146 0.160 0.134 0.153 0.138 0.166 0.153 0.153 0.149 0.148 0.161 0.141 0.163 0.141 0.172 0.156 0.152 0.147 0.130 0.166 0.145 0.157 0.145 0.164 0.158 0.154 0.147 0.125 0.172 0.155 0.152 0.134 0.162 0.168 0.145 0.137 0.124 0.180 0.151 0.149 0.145 0.171 0.163 0.140 0.139 0.129 0.180 0.157 0.148 0.138 0.169 0.160 0.135 0.142 0.135 0.190 0.153 0.142 0.151 0.166 0.136 0.126 0.144 0.150 0.172 0.140 0.152 0.153 0.150 0.130 0.137 0.166 0.149 0.155 0.145 0.156 0.155 0.142 0.158 0.139 0.161 0.134 0.171 0.157 0.149 0.150 0.140 0.162 0.150 0.155 0.137 0.169 0.161 0.155 0.143 0.129 0.177 0.148 0.175 0.143 0.151 0.156 0.139 0.143 0.135 0.159 0.141 0.154 0.140 0.151 0.150 0.138 0.146 0.140 0.163 0.140 0.148 0.146 0.141 0.144 0.138 0.148 0.142 0.156 0.144 0.147 0.144 0.144 0.146 0.134 0.152 0.139 0.161 0.141 0.150 0.153 0.141 0.142 0.136 0.153 0.141 0.150 0.151 0.151 0.159 0.145 0.146 0.130 0.179 0.148 0.149 0.143 0.162 0.159 0.148 0.148 0.127 0.179 0.150 0.152 0.141 0.164 0.155 0.137 0.150 0.135 0.177 0.154 0.155 0.141 0.158 0.155 0.142 0.156 0.134 0.177 0.158 0.157 0.146 0.158 0.166 0.147 0.151 0.138 0.178 0.163 0.184 0.177 0.160 0.159 0.147 0.211 0.197 0.232 0.005 0.204 0.277 0.186 0.059 0.068 0.176 0.201 0.185 0.081 0.157 0.136 0.009 0.206 0.271 0.191 0.027 0.071 0.193 0.125 0.170 0.229 0.205 0.097 0.041 0.189 0.064 0.162 0.245 0.176 0.030 0.107 0.184 0.007 0.202 0.240 0.192 0.172 0.169
MOVE_DONE,OPEN_RESET_FORWARD,STEPS_FINISHED,current,0.156 0.146 0.135 0.162 0.127 0.148 0.127 0.149 0.157 0.141 0.139 0.158 0.151 0.134 0.172 0.128 0.180 0.164 0.128 0.152 0.156 0.143 0.125 0.163 0.158 0.146 0.138 0.144 0.163 0.147 0.170 0.147 0.183 0.155 0.148 0.138 0.150 0.150 0.139 0.173 0.142 0.153 0.135 0.136 0.143 0.149 0.175 0.137 0.156 0.130 0.156 0.159 0.136 0.152 0.143 0.168 0.133 0.154 0.130 0.152 0.135 0.152 0.165 0.134 0.151 0.134 0.167 0.151 0.156 0.173 0.151 0.169 0.136 0.155 0.139 0.148 0.140 0.172 0.156 0.140 0.157 0.142 0.176 0.141 0.181 0.149 0.152 0.166 0.137 0.151 0.146 0.167 0.153 0.152 0.147 0.147 0.158 0.149 0.174 0.133 0.167 0.151 0.147 0.143 0.160 0.144 0.138 0.169 0.137 0.154 0.143 0.157 0.169 0.132 0.146 0.146 0.176 0.146 0.150 0.143 0.143 0.137 0.147 0.180 0.141 0.171 0.128 0.149 0.148 0.137 0.151 0.132 0.154 0.132 0.179 0.152 0.146 0.139 0.154 0.172 0.142 0.152 0.142 0.141 0.138 0.161 0.177 0.143 0.168 0.138 0.160 0.140 0.184 0.143 0.145 0.152 0.151 0.152 0.132 0.147 0.141 0.179 0.174 0.157 0.136 0.136 0.151 0.127 0.147 0.156 0.181 0.171 0.134 0.143 0.131 0.157 0.117 0.137 0.155 0.147 0.134 0.136 0.151 0.131 0.161 0.152 0.185 0.165 0.146 0.134 0.140 0.155 0.136 0.167
MOVE_DONE,CLOSE,STALL,current,0.148 0.167 0.137 0.155 0.127 0.139 0.135 0.163 0.169 0.134 0.158 0.154 0.150 0.125 0.163 0.151 0.145 0.151 0.127 0.151 0.131 0.149 0.117 0.177 0.173 0.172 0.155 0.142 0.169 0.141 0.170 0.121 0.181 0.169 0.134 0.144 0.154 0.150 0.140 0.172 0.150 0.161 0.171 0.132 0.144 0.150 0.171 0.135 0.174 0.155 0.154 0.137 0.132 0.154 0.138 0.172 0.135 0.150 0.146 0.147 0.136 0.145 0.180 0.137 0.160 0.135 0.163 0.168 0.135 0.144 0.149 0.175 0.136 0.149 0.136 0.153 0.136 0.141 0.149 0.152 0.176 0.133 0.147 0.132 0.186 0.166 0.141 0.150 0.152 0.166 0.128 0.152 0.137 0.174 0.162 0.137 0.150 0.133 0.161 0.126 0.186 0.166 0.139 0.141 0.161 0.153 0.138 0.171 0.159 0.167 0.138 0.139 0.149 0.130 0.149 0.143 0.166 0.135 0.183 0.169 0.133 0.147 0.142 0.170 0.142 0.150 0.144 0.147 0.137 0.131 0.147 0.146 0.167 0.138 0.153 0.135 0.176 0.172 0.143 0.170 0.139 0.152 0.127 0.152 0.144 0.150 0.169 0.145 0.165 0.142 0.143 0.124 0.188 0.172 0.145 0.143 0.131 0.163 0.142 0.166 0.162 0.175 0.174 0.149 0.165 0.140 0.174 0.125 0.176 0.174 0.175 0.165 0.152 0.152 0.148 0.172 0.145 0.161 0.169 0.145 0.136 0.145 0.176 0.141 0.154 0.151 0.183 0.140 0.141 0.138 0.138 0.164 0.143 0.168 0.154 0.156 0.142 0.131 0.152 0.143 0.158 0.137 0.179 0.164 0.142 0.142 0.149 0.180 0.137 0.155 0.123 0.176 0.144 0.169 0.171 0.131 0.159 0.128 0.154 0.151 0.161 0.174 0.155 0.137 0.150 0.173 0.129 0.151 0.134 0.184 0.150 0.137 0.156 0.132 0.150 0.128 0.181 0.171 0.179 0.165 0.138 0.149 0.150 0.141 0.123 0.155 0.137 0.170 0.170 0.132 0.154 0.140 0.167 0.159 0.185 0.156 0.142 0.150 0.143 0.168 0.142 0.164 0.148 0.148 0.139 0.162 0.172 0.140 0.152 0.135 0.169 0.152 0.144 0.144 0.160 0.168 0.150 0.159 0.145 0.167 0.139 0.144 0.148 0.150 0.147 0.144 0.155 0.124 0.152 0.137 0.170 0.171 0.139 0.154 0.143 0.169 0.145 0.190 0.154 0.143 0.171 0.132 0.165 0.138 0.137 0.147 0.150 0.149 0.128 0.148 0.155 0.145 0.132 0.159 0.157 0.146 0.137 0.153 0.168 0.152 0.164 0.126 0.185 0.168 0.146 0.137 0.147 0.172 0.143 0.149 0.134 0.147 0.147 0.147 0.168 0.146 0.158 0.139 0.162 0.131 0.164 0.136 0.137 0.167 0.148 0.170 0.127 0.145 0.143 0.160 0.146 0.143 0.174 0.137 0.147 0.123 0.172 0.163 0.144 0.148 0.143 0.174 0.142 0.141 0.133 0.177 0.168 0.142 0.143 0.136 0.150 0.135 0.178 0.168 0.181 0.149 0.141 0.153 0.152 0.169 0.149 0.156 0.140 0.182 0.167 0.141 0.161 0.152 0.176 0.157 0.158 0.140 0.182 0.179 0.141 0.167 0.155 0.175 0.162 0.152 0.148 0.157 0.175 0.150 0.167 0.148 0.187 0.168 0.187 0.184 0.157 0.188 0.146 0.190 0.161 0.190 0.182 0.165
MOVE_DONE,OPEN,STEPS_FINISHED,current,0.164 0.160 0.154 0.138 0.163 0.152 0.159 0.147 0.152 0.157 0.149 0.152 0.140 0.167 0.152 0.157 0.147 0.156 0.150 0.143 0.151 0.132 0.184 0.162 0.152 0.142 0.166 0.161 0.147 0.148 0.137 0.179 0.159 0.147 0.150 0.159 0.155 0.138 0.149 0.138 0.171 0.165 0.153 0.154 0.156 0.159 0.135 0.155 0.139 0.174 0.167 0.154 0.147 0.157 0.163 0.132 0.154 0.139 0.171 0.161 0.148 0.145 0.147 0.167 0.145 0.160 0.134 0.165 0.155 0.150 0.149 0.136 0.164 0.150 0.156 0.145 0.165 0.155 0.146 0.147 0.124 0.165 0.153 0.155 0.145 0.166 0.170 0.145 0.144 0.124 0.182 0.152 0.145 0.144 0.166 0.162 0.140 0.142 0.133 0.186 0.159 0.149 0.150 0.169 0.159 0.136 0.150 0.139 0.190 0.150 0.146 0.151 0.167 0.158 0.132 0.154 0.138 0.171 0.158 0.154 0.150 0.160 0.158 0.140 0.161 0.140 0.174 0.158 0.151 0.149 0.145 0.164 0.147 0.154 0.134 0.174 0.160 0.158 0.148 0.139 0.174 0.139 0.151 0.142 0.168 0.172 0.147 0.150 0.135 0.169 0.149 0.157 0.163 0.154 0.148 0.152 0.152 0.140 0.174 0.157 0.176 0.148 0.150 0.153 0.144 0.147 0.125 0.155 0.139 0.175 0.157 0.146 0.153 0.142 0.166 0.142 0.161 0.141 0.166 0.157 0.150 0.147 0.131 0.174 0.148 0.155 0.138 0.167 0.160 0.149 0.137 0.127 0.178 0.150 0.150 0.141 0.166 0.164 0.136 0.141 0.129 0.179 0.150 0.152 0.142 0.170 0.163 0.136 0.148 0.132 0.188 0.154 0.154 0.145 0.169 0.157 0.132 0.151 0.139 0.173 0.157 0.153 0.141 0.156 0.152 0.140 0.157 0.137 0.174 0.158 0.154 0.147 0.155 0.161 0.144 0.157 0.137 0.177 0.156 0.148 0.151 0.149 0.166 0.134 0.158 0.137 0.173 0.153 0.147 0.147 0.142 0.171 0.140 0.155 0.142 0.164 0.163 0.145 0.147 0.128 0.163 0.155 0.155 0.138 0.161 0.158 0.150 0.147 0.128 0.180 0.151 0.152 0.142 0.166 0.163 0.139 0.141 0.128 0.179 0.159 0.152 0.141 0.169 0.156 0.135 0.143 0.136 0.187 0.151 0.141 0.151 0.168 0.137 0.138 0.158 0.149 0.171 0.142 0.154 0.153 0.143 0.142 0.141 0.184 0.144 0.147 0.147 0.171 0.163 0.141 0.142 0.133 0.178 0.147
MOVE_DONE,OPEN_RESET,STALL,current,0.148 0.147 0.144 0.150 0.136 0.153 0.145 0.159 0.146 0.145 0.152 0.143 0.149 0.134 0.159 0.145 0.150 0.145 0.145 0.151 0.135 0.147 0.143 0.163 0.143 0.146 0.145 0.152 0.150 0.133 0.149 0.146 0.164 0.139 0.148 0.150 0.143 0.142 0.136 0.160 0.141 0.151 0.141 0.148 0.153 0.137 0.146 0.135 0.162 0.140 0.152 0.148 0.151 0.142 0.138 0.169 0.142 0.185 0.134 0.165 0.168 0.156 0.145 0.139 0.170 0.146 0.156 0.141 0.168 0.157 0.148 0.141 0.129 0.173 0.142 0.152 0.139 0.173 0.155 0.144 0.145 0.131 0.176 0.145 0.171 0.144 0.146 0.150 0.143 0.152 0.137 0.163 0.147 0.154 0.146 0.145 0.151 0.137 0.147 0.142 0.159 0.144 0.148 0.146 0.147 0.149 0.124 0.177 0.144 0.164 0.140 0.147 0.166 0.162 0.153 0.140 0.153 0.139 0.171 0.155 0.146 0.156 0.148 0.161 0.134 0.160 0.139 0.168 0.156 0.149 0.154 0.138 0.162 0.146 0.158 0.140 0.168 0.162 0.149 0.151 0.130 0.173 0.146 0.151 0.133 0.170 0.162 0.147 0.144 0.130 0.183 0.149 0.147 0.146 0.172 0.165 0.140 0.143 0.130 0.182 0.147 0.145 0.150 0.172 0.167 0.139 0.150 0.134 0.180 0.159 0.147 0.145 0.162 0.165 0.147 0.149 0.135 0.179 0.159 0.151 0.143 0.161 0.162 0.132 0.149 0.140 0.176 0.159 0.147 0.148 0.160 0.161 0.144 0.156 0.146 0.174 0.157 0.157 0.149 0.150 0.158 0.143 0.159 0.157 0.145 0.142 0.149 0.146 0.132 0.150 0.144 0.166 0.141 0.143 0.152 0.145 0.143 0.137 0.156 0.147 0.155 0.139 0.147 0.152 0.140 0.147 0.137 0.162 0.143 0.155 0.144 0.147 0.148 0.141 0.149 0.141 0.158 0.143 0.169 0.165 0.148 0.158 0.144 0.157 0.139 0.149 0.144 0.155 0.146 0.148 0.146 0.142 0.137 0.141 0.161 0.140 0.162 0.158 0.146 0.141 0.117 0.170 0.154 0.158 0.147 0.163 0.161 0.145 0.142 0.126 0.173 0.156 0.153 0.157 0.155 0.164 0.137 0.160 0.142 0.167 0.158 0.146 0.148 0.171 0.167 0.148 0.148 0.137 0.195 0.164 0.160 0.163 0.173
MOVE_DONE,OPEN_RESET_FORWARD,STEPS_FINISHED,current,0.167 0.150 0.171 0.132 0.155 0.126 0.180 0.166 0.147 0.151 0.125 0.157 0.142 0.171 0.146 0.148 0.151 0.141 0.147 0.147 0.176 0.133 0.145 0.133 0.149 0.149 0.140 0.171 0.136 0.167 0.131 0.152 0.138 0.180 0.162 0.129 0.157 0.130 0.143 0.121 0.179 0.173 0.161 0.167 0.132 0.156 0.139 0.163 0.128 0.161 0.159 0.161 0.142 0.149 0.171 0.134 0.155 0.159 0.143 0.146 0.131 0.150 0.145 0.172 0.139 0.151 0.138 0.153 0.173 0.145 0.167 0.139 0.158 0.142 0.148 0.135 0.176 0.170 0.142 0.152 0.138 0.151 0.120 0.177 0.175 0.140 0.154 0.135 0.154 0.140 0.172 0.158 0.190 0.169 0.154 0.139 0.152 0.173 0.129 0.173 0.158 0.142 0.134 0.146 0.180 0.142 0.157 0.128 0.187 0.158 0.139 0.135 0.151 0.169 0.129 0.151 0.129 0.155 0.136 0.161 0.171 0.131 0.154 0.136 0.143 0.136 0.150 0.138 0.145 0.155 0.149 0.155 0.134 0.166 0.157 0.177 0.165 0.155 0.143 0.147 0.171 0.132 0.139 0.152 0.146 0.139 0.147 0.173 0.140 0.168 0.122 0.152 0.139 0.176 0.137 0.135 0.164 0.135 0.143 0.135 0.189 0.142 0.160 0.174 0.133 0.170 0.134 0.149 0.133 0.182 0.163 0.138 0.147 0.144 0.166 0.125 0.182 0.162 0.145 0.162 0.129 0.150 0.144 0.169 0.152 0.171 0.157 0.146 0.141 0.151 0.173 0.143 0.175 0.141
MOVE_DONE,CLOSE,STALL,current,0.129 0.175 0.146 0.146 0.135 0.152 0.142 0.157 0.163 0.138 0.176 0.134 0.146 0.147 0.155 0.133 0.154 0.172 0.127 0.150 0.128 0.152 0.136 0.175 0.165 0.136 0.151 0.143 0.168 0.127 0.148 0.147 0.138 0.142 0.127 0.154 0.137 0.174 0.146 0.145 0.139 0.139 0.146 0.151 0.146 0.135 0.154 0.142 0.159 0.173 0.153 0.149 0.137 0.167 0.127 0.147 0.130 0.185 0.172 0.131 0.147 0.136 0.155 0.137 0.170 0.171 0.166 0.161 0.135 0.151 0.148 0.141 0.136 0.156 0.163 0.135 0.148 0.131 0.163 0.137 0.171 0.149 0.155 0.141 0.166 0.168 0.138 0.151 0.139 0.144 0.132 0.142 0.139 0.154 0.175 0.132 0.156 0.126 0.151 0.130 0.182 0.173 0.136 0.149 0.138 0.167 0.124 0.144 0.150 0.171 0.149 0.128 0.158 0.142 0.172 0.128 0.171 0.145 0.139 0.137 0.135 0.159 0.135 0.163 0.153 0.154 0.140 0.154 0.144 0.150 0.166 0.131 0.149 0.135 0.177 0.167 0.147 0.172 0.134 0.165 0.139 0.178 0.137 0.165 0.162 0.139 0.160 0.138 0.151 0.130 0.177 0.165 0.141 0.161 0.129 0.153 0.137 0.173 0.131 0.185 0.163 0.134 0.145 0.151 0.146 0.130 0.179 0.145 0.148 0.147 0.130 0.152 0.146 0.172 0.136 0.151 0.162 0.150 0.136 0.144 0.176 0.141 0.149 0.125 0.148 0.139 0.164 0.163 0.133 0.157 0.143 0.140 0.140 0.154 0.141 0.156 0.166 0.134 0.160 0.132 0.174 0.162 0.151 0.139 0.134 0.153 0.160 0.164 0.139 0.154 0.157 0.174 0.162 0.134 0.159 0.139 0.166 0.142 0.157 0.138 0.140 0.145 0.149 0.168 0.135 0.146 0.131 0.172 0.163 0.161 0.142 0.130 0.155 0.139 0.151 0.131 0.181 0.138 0.140 0.152 0.132 0.146 0.126 0.162 0.136 0.187 0.168 0.130 0.152 0.152 0.164 0.134 0.154 0.168 0.141 0.141 0.145 0.169 0.147 0.174 0.144 0.153 0.170 0.142 0.138 0.145 0.173 0.136 0.141 0.125 0.156 0.141 0.134 0.139 0.137 0.168 0.136 0.148 0.133 0.183 0.136 0.147 0.172 0.137 0.150 0.125 0.154 0.135 0.171 0.172 0.132 0.163 0.130 0.148 0.125 0.182 0.171 0.137 0.160 0.127 0.160 0.133 0.179 0.153 0.147 0.139 0.163 0.161 0.136 0.149 0.137 0.171 0.152 0.147 0.142 0.137 0.164 0.134 0.166 0.134 0.152 0.137 0.149 0.140 0.148 0.166 0.148 0.173 0.140 0.146 0.139 0.165 0.169 0.134 0.152 0.141 0.139 0.136 0.164 0.179 0.134 0.166 0.151 0.148 0.128 0.159 0.158 0.181 0.142 0.134 0.146 0.149 0.146 0.122 0.157 0.160 0.151 0.139 0.139 0.167 0.148 0.166 0.145 0.154 0.143 0.163 0.162 0.151 0.156 0.132 0.152 0.154 0.162 0.164 0.159 0.163 0.144 0.162 0.135 0.153 0.134 0.152 0.141 0.161 0.176 0.131 0.163 0.139 0.166 0.144 0.176 0.157 0.147 0.177 0.164 0.167 0.147 0.159 0.156 0.179 0.176 0.140 0.188 0.157 0.167 0.150 0.159 0.161 0.176 0.177 0.150 0.195 0.155 0.165 0.154 0.229 0.186 0.154 0.194 0.163 0.194 0.161 0.152 0.172 0.212 0.162 0.161 0.205
MOVE_DONE,OPEN,STEPS_FINISHED,current,0.147 0.190 0.163 0.159 0.158 0.173 0.171 0.158 0.156 0.133 0.193 0.174 0.157 0.144 0.161 0.168 0.153 0.147 0.135 0.186 0.164 0.153 0.141 0.161 0.164 0.149 0.147 0.137 0.187 0.161 0.155 0.146 0.167 0.160 0.140 0.156 0.136 0.176 0.161 0.154 0.139 0.147 0.157 0.146 0.161 0.137 0.175 0.157 0.151 0.147 0.142 0.159 0.145 0.154 0.138 0.164 0.159 0.144 0.150 0.137 0.175 0.140 0.157 0.142 0.163 0.141 0.147 0.165 0.135 0.171 0.139 0.177 0.152 0.154 0.158 0.148 0.156 0.144 0.183 0.141 0.153 0.139 0.154 0.168 0.141 0.165 0.145 0.176 0.154 0.148 0.145 0.170 0.156 0.136 0.153 0.136 0.178 0.154 0.147 0.153 0.159 0.157 0.143 0.154 0.132 0.176 0.156 0.152 0.145 0.140 0.151 0.140 0.158 0.151 0.158 0.148 0.147 0.169 0.142 0.145 0.130 0.180 0.155 0.152 0.142 0.163 0.158 0.134 0.145 0.135 0.188 0.153 0.150 0.149 0.165 0.160 0.131 0.154 0.141 0.177 0.149 0.143 0.145 0.161 0.154 0.139 0.157 0.140 0.172 0.157 0.154 0.154 0.146 0.167 0.138 0.155 0.138 0.170 0.161 0.143 0.143 0.142 0.165 0.139 0.154 0.143 0.170 0.155 0.148 0.148 0.135 0.163 0.150 0.162 0.138 0.162 0.159 0.150 0.145 0.123 0.169 0.156 0.155 0.136 0.146 0.157 0.144 0.147 0.148 0.157 0.143 0.166 0.156 0.156 0.147 0.141 0.161 0.149 0.152 0.134 0.169 0.161 0.149 0.146 0.133 0.141 0.147 0.148 0.134 0.159 0.149 0.139 0.152 0.133 0.156 0.137 0.178 0.154 0.153 0.145 0.155 0.159 0.139 0.154 0.137 0.169 0.159 0.149 0.149 0.145 0.162 0.134 0.161 0.141 0.168 0.135 0.149 0.150 0.138 0.150 0.139 0.163 0.139 0.143 0.147 0.147 0.146 0.130 0.155 0.145 0.153 0.140 0.147 0.150 0.138 0.144 0.138 0.161 0.141 0.154 0.147 0.150 0.147 0.136 0.151 0.139 0.155 0.145 0.154 0.142 0.145 0.150 0.139 0.148 0.135 0.164 0.143 0.141 0.146 0.149 0.150 0.136 0.151 0.142 0.161 0.140 0.158 0.165 0.149 0.145 0.121 0.164 0.139 0.154 0.133 0.150 0.138 0.140 0.143 0.143 0.151 0.147 0.145 0.152 0.166 0.148 0.144 0.165 0.150 0.158 0.136 0.172 0.154 0.142
MOVE_DONE,OPEN_RESET,STALL,current,0.143 0.138 0.181 0.158 0.152 0.137 0.167 0.161 0.139 0.143 0.137 0.180 0.154 0.150 0.144 0.164 0.151 0.123 0.161 0.135 0.155 0.154 0.151 0.146 0.154 0.152 0.142 0.157 0.140 0.170 0.159 0.157 0.145 0.152 0.159 0.124 0.150 0.146 0.166 0.167 0.144 0.149 0.138 0.141 0.125 0.164 0.148 0.158 0.150 0.146 0.152 0.126 0.145 0.138 0.184 0.149 0.138 0.147 0.163 0.154 0.129 0.152 0.143 0.180 0.154 0.154 0.148 0.149 0.157 0.145 0.161 0.133 0.165 0.168 0.151 0.144 0.142 0.160 0.143 0.160 0.134 0.171 0.158 0.145 0.144 0.137 0.165 0.146 0.152 0.140 0.164 0.156 0.150 0.149 0.122 0.177 0.148 0.153 0.142 0.149 0.147 0.156 0.157 0.132 0.153 0.141 0.171 0.151 0.156 0.164 0.141 0.144 0.147 0.161 0.163 0.142 0.148 0.150 0.145 0.130 0.147 0.159 0.154 0.154 0.149 0.149 0.156 0.145 0.152 0.145 0.143 0.159 0.147 0.166 0.151 0.147 0.147 0.145 0.144 0.151 0.172 0.145 0.158 0.152 0.145 0.153 0.127 0.163 0.143 0.150 0.154 0.148 0.149 0.139 0.165 0.144 0.159 0.135 0.167 0.160 0.155 0.143 0.130 0.178 0.143 0.147 0.135 0.168 0.164 0.142 0.142 0.130 0.182 0.148 0.156 0.140 0.170 0.155 0.137 0.146 0.132 0.185 0.147 0.150 0.143 0.162 0.160 0.140 0.146 0.135 0.174 0.156 0.156 0.143 0.163 0.160 0.135 0.147 0.135 0.179 0.151 0.151 0.142 0.163 0.154 0.137 0.153 0.139 0.172 0.154 0.154 0.150 0.155 0.152 0.142 0.160 0.137 0.171 0.159 0.149 0.150 0.140 0.166 0.142 0.159 0.140 0.169 0.160 0.154 0.143 0.138 0.161 0.148 0.155 0.144 0.172 0.156 0.144 0.145 0.127 0.166 0.155 0.158 0.135 0.161 0.156 0.146 0.143 0.126 0.179 0.151 0.150 0.139 0.171 0.162 0.139 0.144 0.132 0.189 0.148 0.142 0.148 0.170 0.136 0.133 0.139 0.141 0.162 0.141 0.148 0.150 0.142 0.144 0.135 0.158 0.140 0.155 0.144 0.148 0.149 0.143 0.147 0.134 0.156 0.147 0.157 0.145 0.145 0.145 0.154 0.153 0.134 0.161 0.139 0.171 0.157 0.154 0.152 0.140 0.167 0.153 0.158 0.142 0.166 0.174 0.164 0.161 0.144 0.191 0.177 0.209 0.228 0.288
MOVE_DONE,OPEN_RESET_FORWARD,STEPS_FINISHED,current,0.164 0.137 0.178 0.147 0.145 0.147 0.137 0.154 0.135 0.153 0.125 0.177 0.156 0.140 0.147 0.146 0.170 0.137 0.144 0.122 0.176 0.168 0.136 0.139 0.147 0.176 0.137 0.148 0.128 0.171 0.141 0.153 0.166 0.136 0.154 0.125 0.141 0.140 0.161 0.162 0.134 0.155 0.130 0.141 0.125 0.166 0.168 0.143 0.152 0.131 0.143 0.126 0.162 0.148 0.147 0.135 0.160 0.143 0.151 0.169 0.135 0.156 0.157 0.147 0.139 0.157 0.169 0.139 0.165 0.139 0.146 0.132 0.171 0.165 0.155 0.144 0.132 0.161 0.131 0.168 0.140 0.172 0.155 0.127 0.149 0.147 0.172 0.149 0.186 0.167 0.136 0.137 0.135 0.160 0.122 0.144 0.136 0.149 0.144 0.142 0.176 0.139 0.165 0.137 0.147 0.130 0.188 0.135 0.154 0.156 0.132 0.153 0.141 0.187 0.135 0.170 0.171 0.136 0.147 0.129 0.156 0.139 0.150 0.157 0.172 0.138 0.125 0.160 0.141 0.171 0.147 0.150 0.144 0.135 0.145 0.128 0.166 0.135 0.151 0.151 0.170 0.138 0.133 0.154 0.145 0.168 0.127 0.152 0.159 0.171 0.138 0.134 0.160 0.137 0.146 0.123 0.186 0.161 0.138 0.147 0.131 0.158 0.137 0.168 0.129 0.156 0.152 0.132 0.142 0.150 0.176 0.141 0.172 0.155 0.149 0.137 0.155 0.146 0.125 0.166 0.135 0.145 0.129 0.183 0.142 0.138 0.141 0.133 0.155 0.118 0.176 0.143 0.170 0.167
MOVE_DONE,CLOSE,STALL,current,0.173 0.122 0.181 0.140 0.144 0.144 0.139 0.174 0.144 0.141 0.139 0.164 0.170 0.144 0.166 0.137 0.154 0.137 0.164 0.132 0.180 0.158 0.126 0.152 0.152 0.173 0.125 0.148 0.152 0.145 0.137 0.148 0.175 0.145 0.150 0.128 0.159 0.164 0.159 0.141 0.151 0.171 0.127 0.151 0.132 0.157 0.165 0.163 0.163 0.132 0.168 0.132 0.150 0.127 0.178 0.172 0.131 0.151 0.128 0.155 0.130 0.166 0.158 0.158 0.143 0.125 0.153 0.145 0.171 0.142 0.153 0.169 0.154 0.163 0.145 0.177 0.147 0.168 0.137 0.148 0.142 0.161 0.167 0.153 0.159 0.123 0.137 0.130 0.177 0.140 0.151 0.169 0.131 0.154 0.132 0.183 0.137 0.179 0.136 0.132 0.146 0.142 0.172 0.143 0.145 0.139 0.152 0.166 0.131 0.157 0.141 0.171 0.152 0.177 0.138 0.167 0.141 0.132 0.163 0.143 0.165 0.125 0.186 0.143 0.157 0.174 0.133 0.166 0.136 0.147 0.126 0.184 0.166 0.134 0.163 0.155 0.150 0.125 0.154 0.166 0.149 0.161 0.137 0.149 0.142 0.167 0.152 0.169 0.167 0.163 0.140 0.137 0.156 0.139 0.167 0.151 0.152 0.138 0.137 0.150 0.133 0.154 0.130 0.154 0.154 0.184 0.169 0.146 0.149 0.152 0.161 0.131 0.142 0.142 0.155 0.166 0.132 0.145 0.139 0.168 0.125 0.141 0.150 0.149 0.138 0.140 0.167 0.145 0.173 0.142 0.152 0.150 0.138 0.137 0.147 0.177 0.137 0.148 0.154 0.152 0.143 0.152 0.171 0.154 0.164 0.132 0.153 0.136 0.176 0.141 0.150 0.172 0.133 0.151 0.124 0.184 0.170 0.165 0.170 0.136 0.147 0.139 0.145 0.126 0.190 0.155 0.136 0.150 0.131 0.155 0.140 0.177 0.147 0.150 0.142 0.163 0.139 0.142 0.176 0.139 0.147 0.135 0.162 0.171 0.147 0.141 0.147 0.173 0.134 0.152 0.134 0.181 0.170 0.130 0.152 0.150 0.138 0.120 0.175 0.163 0.147 0.136 0.139 0.148 0.138 0.171 0.151 0.152 0.140 0.144 0.162 0.151 0.179 0.140 0.153 0.155 0.146 0.137 0.153 0.172 0.150 0.165 0.136 0.151 0.137 0.173 0.168 0.139 0.147 0.151 0.169 0.123 0.149 0.136 0.157 0.169 0.135 0.150 0.143 0.139 0.127 0.154 0.161 0.150 0.137 0.147 0.152 0.130 0.156 0.151 0.151 0.148 0.136 0.145 0.132 0.167 0.130 0.151 0.142 0.156 0.158 0.150 0.181 0.135 0.150 0.126 0.159 0.164 0.166 0.165 0.147 0.174 0.133 0.148 0.124 0.189 0.164 0.140 0.162 0.130 0.147 0.121 0.143 0.138 0.157 0.169 0.138 0.144 0.147 0.178 0.136 0.150 0.133 0.186 0.169 0.136 0.142 0.134 0.146 0.132 0.146 0.134 0.173 0.137 0.148 0.177 0.135 0.146 0.121 0.173 0.178 0.160 0.167 0.133 0.155 0.136 0.161 0.146 0.155 0.142 0.162 0.155 0.145 0.170 0.137 0.152 0.139 0.154 0.153 0.143 0.155 0.140 0.174 0.146 0.172 0.163 0.157 0.160 0.144 0.170 0.145 0.162 0.156 0.154 0.181 0.156 0.143 0.154 0.181 0.153 0.176 0.164 0.160 0.159 0.168 0.157 0.165 0.184 0.154 0.170 0.152 0.203 0.157 0.158 0.194 0.162 0.187 0.154 0.199 0.160 0.170 0.191 0.149 0.191 0.177 0.198 0.157 0.201 0.201 0.178 0.200 0.172
MOVE_DONE,OPEN,STEPS_FINISHED,current,0.183 0.172 0.172 0.163 0.147 0.178 0.165 0.160 0.143 0.172 0.172 0.154 0.158 0.147 0.184 0.163 0.156 0.152 0.180 0.169 0.159 0.154 0.130 0.182 0.169 0.158 0.142 0.160 0.171 0.153 0.148 0.130 0.188 0.166 0.147 0.137 0.163 0.170 0.135 0.158 0.151 0.159 0.141 0.166 0.171 0.159 0.145 0.135 0.164 0.147 0.158 0.134 0.171 0.161 0.147 0.145 0.130 0.170 0.142 0.155 0.146 0.168 0.158 0.149 0.145 0.128 0.167 0.156 0.155 0.137 0.163 0.161 0.140 0.141 0.132 0.177 0.154 0.154 0.141 0.169 0.160 0.137 0.145 0.132 0.188 0.149 0.143 0.153 0.163 0.154 0.134 0.176 0.148 0.153 0.139 0.167 0.164 0.142 0.147 0.130 0.149 0.139 0.159 0.147 0.145 0.147 0.144 0.144 0.133 0.157 0.147 0.155 0.144 0.150 0.151 0.132 0.147 0.139 0.164 0.139 0.145 0.147 0.146 0.145 0.134 0.154 0.145 0.155 0.143 0.148 0.152 0.142 0.146 0.135 0.160 0.130 0.157 0.160 0.170 0.158 0.141 0.144 0.130 0.169 0.157 0.157 0.141 0.167 0.158 0.148 0.141 0.128 0.152 0.145 0.145 0.143 0.149 0.150 0.131 0.150 0.144 0.161 0.140 0.147 0.150 0.150 0.144 0.134 0.160 0.144 0.154 0.145 0.149 0.143 0.139 0.146 0.139 0.159 0.141 0.157 0.146 0.145 0.151 0.142 0.147 0.136 0.156 0.144 0.146 0.140 0.152 0.149 0.136 0.149 0.141 0.164 0.137 0.146 0.148 0.149 0.143 0.130 0.158 0.147 0.158 0.137 0.149 0.151 0.143 0.147 0.136 0.161 0.145 0.152 0.142 0.144 0.149 0.140 0.150 0.140 0.157 0.146 0.152 0.147 0.143 0.147 0.135 0.146 0.135 0.165 0.147 0.148 0.145 0.151 0.145 0.132 0.152 0.145 0.157 0.143 0.147 0.149 0.147 0.144 0.134 0.159 0.146 0.152 0.142 0.150 0.146 0.138 0.145 0.137 0.164 0.144 0.154 0.145 0.145 0.148 0.140 0.145 0.137 0.164 0.145 0.152 0.144 0.151 0.150 0.133 0.152 0.141 0.164 0.141 0.142 0.150 0.159 0.158 0.136 0.149 0.132 0.149 0.141 0.163 0.158 0.140 0.161 0.140 0.182 0.147 0.166 0.149 0.150 0.134 0.139 0.134 0.128 0.160 0.158 0.154 0.145 0.159 0.157 0.135 0.149 0.135 0.186 0.158 0.145 0.141 0.165 0.160 0.130 0.149
MOVE_DONE,OPEN_RESET,STALL,current,0.141 0.146 0.152 0.149 0.145 0.137 0.149 0.139 0.161 0.145 0.146 0.144 0.147 0.147 0.130 0.152 0.146 0.163 0.142 0.144 0.151 0.145 0.143 0.137 0.164 0.144 0.148 0.145 0.151 0.145 0.135 0.147 0.139 0.164 0.142 0.150 0.150 0.150 0.146 0.138 0.154 0.137 0.156 0.139 0.149 0.145 0.146 0.147 0.136 0.157 0.141 0.160 0.146 0.142 0.152 0.147 0.147 0.134 0.150 0.147 0.158 0.134 0.151 0.142 0.142 0.168 0.139 0.183 0.142 0.151 0.156 0.155 0.151 0.134 0.163 0.152 0.155 0.132 0.170 0.161 0.152 0.140 0.129 0.172 0.142 0.152 0.137 0.171 0.155 0.141 0.143 0.130 0.181 0.146 0.154 0.142 0.163 0.161 0.146 0.142 0.126 0.184 0.154 0.150 0.145 0.166 0.163 0.140 0.147 0.134 0.181 0.149 0.141 0.153 0.168 0.156 0.134 0.148 0.136 0.162 0.155 0.154 0.151 0.138 0.142 0.131 0.159 0.139 0.158 0.146 0.151 0.138 0.144 0.170 0.131 0.168 0.151 0.154 0.138 0.142 0.154 0.143 0.168 0.131 0.173 0.152 0.155 0.138 0.167 0.159 0.134 0.145 0.135 0.186 0.150 0.147 0.150 0.167 0.157 0.131 0.154 0.138 0.176 0.150 0.145 0.155 0.152 0.130 0.140 0.182 0.137 0.152 0.147 0.146 0.147 0.139 0.150 0.143 0.160 0.139 0.151 0.144 0.145 0.150 0.137 0.148 0.137 0.159 0.145 0.147 0.146 0.149 0.151 0.131 0.151 0.144 0.162 0.140 0.148 0.153 0.149 0.143 0.136 0.160 0.147 0.150 0.140 0.152 0.148 0.135 0.149 0.140 0.160 0.139 0.153 0.149 0.145 0.145 0.138 0.152 0.138 0.158 0.144 0.149 0.147 0.146 0.150 0.136 0.153 0.139 0.157 0.143 0.149 0.145 0.149 0.147 0.132 0.154 0.147 0.156 0.138 0.146 0.149 0.144 0.145 0.133 0.161 0.147 0.147 0.147 0.148 0.152 0.132 0.144 0.142 0.166 0.145 0.144 0.150 0.144 0.145 0.136 0.156 0.146 0.155 0.142 0.149 0.149 0.142 0.142 0.135 0.158 0.144 0.156 0.145 0.151 0.148 0.141 0.148 0.140 0.155 0.143 0.155 0.139 0.144 0.153 0.140 0.160 0.149 0.163 0.138 0.150 0.144 0.167 0.158 0.135 0.143 0.134 0.188 0.149 0.151 0.147 0.161 0.155 0.137 0.156 0.141 0.180 0.151 0.154 0.156 0.154 0.164 0.150 0.165 0.153 0.151 0.161 0.173 0.205 0.236 0.249
MOVE_DONE,OPEN_RESET_FORWARD,STEPS_FINISHED,current,0.149 0.155 0.129 0.147 0.141 0.156 0.133 0.177 0.136 0.162 0.159 0.126 0.146 0.149 0.172 0.149 0.180 0.153 0.145 0.162 0.151 0.152 0.123 0.140 0.131 0.159 0.158 0.134 0.143 0.150 0.171 0.135 0.157 0.143 0.176 0.144 0.132 0.168 0.147 0.155 0.130 0.173 0.136 0.149 0.136 0.145 0.146 0.152 0.148 0.129 0.151 0.169 0.141 0.137 0.127 0.160 0.147 0.168 0.139 0.151 0.138 0.135 0.139 0.152 0.172 0.128 0.148 0.126 0.159 0.133 0.157 0.144 0.132 0.155 0.137 0.172 0.165 0.176 0.163 0.137 0.147 0.134 0.147 0.128 0.158 0.136 0.160 0.142 0.141 0.148 0.129 0.161 0.150 0.147 0.145 0.143 0.141 0.140 0.183 0.133 0.142 0.125 0.150 0.148 0.149 0.166 0.143 0.154 0.135 0.157 0.134 0.167 0.172 0.135 0.164 0.156 0.146 0.127 0.180 0.139 0.182 0.161 0.153 0.150 0.143 0.166 0.124 0.188 0.162 0.140 0.141 0.151 0.162 0.129 0.172 0.148 0.147 0.137 0.163 0.171 0.148 0.148 0.134 0.145 0.124 0.145 0.144 0.156 0.165 0.129 0.159 0.134 0.143 0.133 0.188 0.165 0.132 0.152 0.145 0.168 0.123 0.175 0.165 0.147 0.136 0.135 0.182 0.147 0.165 0.122 0.188 0.164 0.137 0.148 0.152 0.168 0.133 0.149 0.135 0.154 0.167 0.154 0.142 0.131 0.157 0.137 0.148 0.146 0.159 0.168 0.137 0.145 0.128 0.162
MOVE_DONE,CLOSE,STALL,current,0.150 0.151 0.170 0.138 0.162 0.127 0.148 0.144 0.159 0.171 0.147 0.152 0.129 0.156 0.148 0.182 0.172 0.150 0.166 0.132 0.154 0.125 0.175 0.156 0.149 0.157 0.124 0.152 0.150 0.145 0.119 0.187 0.158 0.136 0.144 0.147 0.177 0.141 0.143 0.123 0.182 0.168 0.133 0.143 0.146 0.167 0.133 0.150 0.124 0.171 0.137 0.155 0.169 0.133 0.149 0.133 0.173 0.136 0.149 0.144 0.126 0.150 0.150 0.174 0.121 0.176 0.158 0.142 0.140 0.145 0.180 0.148 0.170 0.143 0.156 0.138 0.146 0.135 0.150 0.168 0.137 0.149 0.131 0.158 0.163 0.139 0.160 0.154 0.140 0.126 0.160 0.141 0.141 0.146 0.131 0.149 0.125 0.146 0.129 0.164 0.159 0.150 0.139 0.144 0.178 0.139 0.161 0.145 0.152 0.136 0.173 0.164 0.150 0.171 0.135 0.150 0.128 0.191 0.144 0.144 0.139 0.131 0.154 0.131 0.138 0.138 0.150 0.162 0.152 0.145 0.148 0.171 0.128 0.184 0.163 0.144 0.138 0.133 0.164 0.141 0.167 0.126 0.152 0.151 0.140 0.142 0.143 0.171 0.134 0.150 0.128 0.152 0.171 0.163 0.145 0.141 0.166 0.139 0.158 0.129 0.187 0.169 0.127 0.156 0.132 0.155 0.125 0.168 0.161 0.148 0.143 0.129 0.156 0.150 0.166 0.141 0.153 0.141 0.141 0.148 0.136 0.168 0.130 0.151 0.129 0.145 0.136 0.160 0.170 0.134 0.152 0.138 0.173 0.132 0.150 0.144 0.157 0.163 0.138 0.177 0.135 0.142 0.153 0.178 0.141 0.147 0.179 0.151 0.174 0.140 0.150 0.144 0.148 0.134 0.145 0.173 0.138 0.155 0.130 0.158 0.172 0.160 0.166 0.139 0.149 0.139 0.139 0.129 0.171 0.166 0.131 0.158 0.128 0.149 0.132 0.182 0.149 0.145 0.143 0.133 0.152 0.140 0.169 0.138 0.145 0.141 0.142 0.148 0.135 0.166 0.139 0.148 0.126 0.151 0.140 0.174 0.166 0.133 0.153 0.144 0.166 0.154 0.185 0.165 0.131 0.145 0.151 0.175 0.135 0.169 0.153 0.155 0.134 0.133 0.147 0.131 0.163 0.140 0.153 0.130 0.146 0.144 0.130 0.145 0.125 0.152 0.128 0.177 0.167 0.148 0.159 0.129 0.152 0.126 0.144 0.128 0.163 0.169 0.136 0.142 0.147 0.183 0.141 0.166 0.151 0.152 0.136 0.155 0.171 0.139 0.148 0.134 0.145 0.140 0.165 0.148 0.138 0.158 0.135 0.150 0.124 0.146 0.146 0.169 0.167 0.124 0.147 0.142 0.174 0.141 0.146 0.148 0.145 0.138 0.144 0.182 0.139 0.159 0.125 0.191 0.145 0.138 0.150 0.146 0.165 0.135 0.150 0.135 0.175 0.169 0.145 0.165 0.132 0.156 0.141 0.152 0.159 0.169 0.142 0.139 0.144 0.134 0.155 0.150 0.149 0.166 0.169 0.141 0.147 0.180 0.141 0.150 0.129 0.149 0.146 0.149 0.164 0.153 0.161 0.134 0.150 0.160 0.162 0.159 0.144 0.172 0.138 0.156 0.132 0.176 0.169 0.155 0.149 0.156 0.165 0.137 0.174 0.132 0.162 0.154 0.152 0.156 0.141 0.168 0.140 0.186 0.167 0.154 0.153 0.154 0.161 0.147 0.199 0.148 0.187 0.172 0.161 0.157 0.154 0.163 0.174 0.193 0.156 0.160 0.162 0.196 0.181 0.181
MOVE_DONE,OPEN,STEPS_FINISHED,current,0.140 0.158 0.152 0.137 0.189 0.168 0.156 0.149 0.175 0.170 0.145 0.152 0.138 0.186 0.156 0.156 0.145 0.156 0.157 0.150 0.151 0.140 0.173 0.164 0.158 0.147 0.149 0.166 0.141 0.149 0.137 0.179 0.169 0.152 0.143 0.153 0.159 0.136 0.161 0.163 0.162 0.145 0.150 0.154 0.134 0.155 0.152 0.158 0.139 0.168 0.162 0.156 0.142 0.132 0.170 0.147 0.154 0.139 0.170 0.155 0.146 0.147 0.129 0.179 0.144 0.158 0.138 0.168 0.158 0.142 0.142 0.131 0.181 0.150 0.170 0.143 0.150 0.167 0.136 0.163 0.127 0.165 0.145 0.144 0.150 0.148 0.141 0.131 0.154 0.145 0.162 0.143 0.148 0.149 0.142 0.149 0.136 0.151 0.141 0.158 0.142 0.150 0.150 0.154 0.164 0.132 0.151 0.139 0.170 0.158 0.148 0.147 0.143 0.161 0.149 0.162 0.140 0.166 0.156 0.155 0.141 0.133 0.167 0.148 0.154 0.133 0.169 0.161 0.148 0.141 0.124 0.174 0.149 0.154 0.139 0.166 0.163 0.141 0.144 0.131 0.171 0.145 0.148 0.141 0.164 0.157 0.144 0.152 0.142 0.161 0.139 0.148 0.159 0.150 0.166 0.141 0.144 0.145 0.153 0.147 0.144 0.156 0.146 0.149 0.120 0.185 0.140 0.158 0.139 0.163 0.148 0.144 0.135 0.137 0.180 0.145 0.146 0.149 0.171 0.137 0.138 0.166 0.128 0.160 0.151 0.155 0.142 0.164 0.162 0.141 0.142 0.129 0.187 0.154 0.148 0.141 0.165 0.159 0.136 0.148 0.139 0.170 0.148 0.163 0.155 0.144 0.142 0.127 0.173 0.148 0.152 0.138 0.170 0.163 0.141 0.144 0.131 0.186 0.145 0.155 0.150 0.150 0.154 0.142 0.138 0.136 0.155 0.160 0.150 0.150 0.159 0.140 0.137 0.137 0.139 0.161 0.140 0.145 0.150 0.146 0.148 0.134 0.155 0.147 0.161 0.139 0.148 0.152 0.138 0.148 0.139 0.160 0.143 0.150 0.144 0.152 0.147 0.142 0.155 0.142 0.179 0.142 0.152 0.149 0.147 0.153 0.132 0.151 0.131 0.167 0.138 0.150 0.161 0.161 0.159 0.136 0.148 0.137 0.176 0.154 0.147 0.148 0.156 0.155 0.136 0.157 0.139 0.166 0.152 0.155 0.150 0.143 0.161 0.145 0.157 0.133 0.172 0.160 0.157 0.144 0.141 0.172 0.143 0.151 0.143 0.171 0.156 0.146 0.163 0.132 0.154 0.146 0.180 0.139
MOVE_DONE,OPEN_RESET,STALL,current,0.147 0.146 0.136 0.166 0.147 0.154 0.142 0.170 0.154 0.146 0.145 0.125 0.156 0.134 0.162 0.140 0.148 0.152 0.152 0.141 0.139 0.148 0.150 0.180 0.145 0.159 0.154 0.147 0.157 0.133 0.156 0.142 0.165 0.158 0.152 0.140 0.140 0.173 0.143 0.158 0.139 0.167 0.153 0.147 0.145 0.133 0.166 0.147 0.160 0.138 0.172 0.155 0.145 0.144 0.128 0.177 0.149 0.149 0.147 0.168 0.163 0.147 0.143 0.125 0.177 0.154 0.152 0.136 0.173 0.160 0.139 0.149 0.133 0.180 0.132 0.150 0.153 0.147 0.144 0.143 0.157 0.148 0.151 0.146 0.148 0.137 0.150 0.135 0.136 0.159 0.142 0.177 0.141 0.161 0.157 0.146 0.146 0.126 0.186 0.153 0.149 0.138 0.169 0.161 0.140 0.145 0.126 0.181 0.149 0.152 0.142 0.162 0.154 0.139 0.151 0.139 0.181 0.149 0.153 0.142 0.160 0.155 0.143 0.154 0.137 0.182 0.152 0.147 0.152 0.160 0.160 0.133 0.144 0.139 0.174 0.151 0.152 0.156 0.145 0.162 0.134 0.159 0.138 0.163 0.156 0.156 0.159 0.130 0.156 0.127 0.166 0.155 0.149 0.148 0.137 0.151 0.137 0.159 0.134 0.159 0.148 0.148 0.154 0.148 0.144 0.129 0.171 0.157 0.159 0.134 0.160 0.160 0.139 0.145 0.129 0.188 0.152 0.164 0.143 0.153 0.150 0.142 0.164 0.154 0.153 0.137 0.162 0.161 0.148 0.142 0.135 0.149 0.141 0.174 0.137 0.147 0.143 0.142 0.147 0.135 0.157 0.142 0.156 0.139 0.143 0.154 0.145 0.149 0.134 0.160 0.136 0.170 0.143 0.145 0.150 0.132 0.150 0.139 0.165 0.143 0.150 0.146 0.150 0.146 0.134 0.154 0.145 0.157 0.141 0.149 0.149 0.143 0.145 0.136 0.157 0.140 0.157 0.141 0.147 0.153 0.145 0.145 0.133 0.156 0.147 0.156 0.143 0.147 0.151 0.140 0.147 0.141 0.164 0.145 0.144 0.146 0.151 0.142 0.137 0.147 0.138 0.157 0.136 0.152 0.161 0.145 0.147 0.131 0.155 0.129 0.164 0.155 0.152 0.145 0.157 0.161 0.129 0.149 0.138 0.178 0.154 0.151 0.147 0.151 0.154 0.139 0.162 0.140 0.174 0.154 0.157 0.148 0.141 0.171 0.152 0.156 0.138 0.166 0.163 0.150 0.154 0.142 0.189 0.149 0.194 0.205 0.215 0.270 0.163
MOVE_DONE,OPEN_RESET_FORWARD,STEPS_FINISHED,current,0.167 0.154 0.172 0.135 0.147 0.142 0.159 0.146 0.154 0.169 0.140 0.166 0.139 0.167 0.142 0.145 0.141 0.138 0.151 0.126 0.155 0.148 0.175 0.160 0.145 0.140 0.149 0.147 0.136 0.161 0.146 0.145 0.143 0.135 0.152 0.139 0.168 0.135 0.138 0.134 0.150 0.141 0.153 0.170 0.137 0.152 0.124 0.147 0.136 0.176 0.160 0.127 0.158 0.130 0.154 0.120 0.179 0.138 0.136 0.150 0.137 0.172 0.141 0.171 0.150 0.149 0.133 0.141 0.145 0.144 0.169 0.134 0.150 0.146 0.151 0.174 0.158 0.144 0.144 0.169 0.137 0.144 0.133 0.187 0.163 0.134 0.155 0.144 0.165 0.119 0.147 0.161 0.167 0.138 0.135 0.160 0.143 0.161 0.145 0.155 0.158 0.156 0.137 0.130 0.147 0.127 0.150 0.144 0.158 0.167 0.142 0.172 0.126 0.157 0.128 0.163 0.158 0.149 0.165 0.151 0.142 0.131 0.155 0.126 0.178 0.163 0.148 0.135 0.127 0.150 0.146 0.169 0.135 0.149 0.142 0.132 0.141 0.153 0.154 0.134 0.166 0.150 0.154 0.150 0.134 0.163 0.135 0.149 0.133 0.143 0.138 0.155 0.159 0.154 0.144 0.148 0.144 0.128 0.160 0.156 0.143 0.138 0.133 0.145 0.132 0.158 0.141 0.149 0.136 0.141 0.145 0.127 0.145 0.131 0.151 0.123 0.188 0.142 0.133 0.147 0.130 0.159 0.136 0.176 0.135 0.192 0.164 0.127 0.152 0.156 0.163 0.141 0.167 0.137
MOVE_DONE,CLOSE,STALL,current,0.145 0.134 0.152 0.134 0.176 0.162 0.131 0.143 0.144 0.171 0.127 0.159 0.155 0.167 0.137 0.145 0.184 0.143 0.164 0.122 0.144 0.152 0.161 0.143 0.137 0.157 0.134 0.137 0.141 0.182 0.161 0.134 0.150 0.156 0.139 0.129 0.152 0.141 0.143 0.137 0.160 0.145 0.133 0.160 0.133 0.151 0.131 0.149 0.140 0.143 0.169 0.135 0.156 0.119 0.182 0.145 0.141 0.143 0.127 0.161 0.137 0.141 0.127 0.191 0.170 0.137 0.141 0.152 0.174 0.138 0.149 0.155 0.149 0.138 0.150 0.147 0.138 0.159 0.141 0.152 0.135 0.178 0.141 0.151 0.168 0.132 0.153 0.123 0.171 0.135 0.167 0.170 0.132 0.145 0.143 0.170 0.123 0.174 0.165 0.133 0.139 0.149 0.180 0.143 0.159 0.128 0.160 0.160 0.153 0.154 0.147 0.162 0.132 0.149 0.135 0.180 0.170 0.146 0.175 0.129 0.151 0.123 0.174 0.169 0.142 0.142 0.159 0.150 0.145 0.173 0.127 0.185 0.159 0.137 0.143 0.145 0.172 0.142 0.143 0.131 0.152 0.140 0.133 0.148 0.145 0.153 0.129 0.148 0.135 0.177 0.166 0.147 0.146 0.133 0.148 0.123 0.186 0.168 0.162 0.136 0.134 0.153 0.137 0.162 0.145 0.157 0.140 0.162 0.162 0.144 0.153 0.138 0.172 0.141 0.155 0.138 0.165 0.141 0.132 0.156 0.136 0.161 0.132 0.192 0.141 0.154 0.166 0.136 0.154 0.128 0.170 0.166 0.163 0.136 0.130 0.147 0.147 0.167 0.148 0.174 0.138 0.145 0.143 0.150 0.150 0.125 0.142 0.141 0.153 0.137 0.156 0.142 0.141 0.149 0.131 0.166 0.132 0.176 0.142 0.147 0.169 0.149 0.148 0.131 0.146 0.131 0.176 0.165 0.125 0.149 0.145 0.149 0.120 0.181 0.158 0.142 0.136 0.145 0.149 0.136 0.156 0.123 0.149 0.147 0.143 0.137 0.136 0.151 0.129 0.140 0.131 0.177 0.156 0.154 0.147 0.134 0.145 0.132 0.151 0.134 0.173 0.166 0.136 0.172 0.146 0.141 0.124 0.164 0.160 0.142 0.139 0.151 0.148 0.144 0.174 0.133 0.153 0.161 0.170 0.140 0.125 0.148 0.132 0.148 0.124 0.189 0.142 0.153 0.166 0.137 0.154 0.124 0.148 0.135 0.185 0.161 0.133 0.149 0.133 0.153 0.126 0.186 0.162 0.144 0.144 0.134 0.168 0.144 0.141 0.129 0.155 0.138 0.147 0.142 0.148 0.170 0.132 0.152 0.125 0.182 0.172 0.147 0.146 0.133 0.150 0.135 0.164 0.149 0.145 0.144 0.148 0.169 0.135 0.155 0.124 0.178 0.155 0.147 0.134 0.127 0.147 0.148 0.169 0.134 0.156 0.165 0.165 0.168 0.150 0.173 0.131 0.148 0.129 0.191 0.168 0.145 0.169 0.131 0.152 0.138 0.174 0.159 0.151 0.168 0.146 0.163 0.131 0.160 0.130 0.182 0.149 0.146 0.145 0.127 0.153 0.137 0.149 0.131 0.150 0.142 0.174 0.166 0.143 0.157 0.136 0.157 0.144 0.168 0.178 0.166 0.173 0.136 0.162 0.142 0.177 0.170 0.177 0.174 0.165
MOVE_DONE,OPEN,STEPS_FINISHED,current,0.178 0.168 0.152 0.143 0.135 0.178 0.144 0.157 0.141 0.165 0.157 0.145 0.144 0.127 0.174 0.156 0.157 0.139 0.171 0.160 0.151 0.141 0.128 0.179 0.152 0.148 0.140 0.171 0.153 0.136 0.150 0.136 0.171 0.152 0.156 0.143 0.158 0.158 0.142 0.149 0.133 0.185 0.156 0.144 0.147 0.151 0.157 0.134 0.152 0.139 0.170 0.150 0.154 0.149 0.152 0.153 0.141 0.161 0.139 0.170 0.157 0.149 0.150 0.142 0.169 0.142 0.155 0.140 0.169 0.160 0.146 0.143 0.131 0.153 0.141 0.157 0.146 0.153 0.160 0.146 0.135 0.137 0.158 0.136 0.155 0.143 0.143 0.171 0.147 0.161 0.128 0.163 0.137 0.156 0.159 0.170 0.161 0.136 0.145 0.136 0.183 0.152 0.152 0.142 0.163 0.160 0.134 0.151 0.137 0.179 0.157 0.156 0.148 0.159 0.153 0.133 0.156 0.133 0.155 0.142 0.146 0.149 0.143 0.148 0.135 0.154 0.144 0.157 0.141 0.147 0.153 0.141 0.147 0.138 0.165 0.142 0.146 0.144 0.151 0.150 0.134 0.150 0.142 0.157 0.143 0.150 0.151 0.145 0.148 0.136 0.157 0.138 0.160 0.143 0.150 0.149 0.142 0.148 0.136 0.154 0.145 0.159 0.141 0.144 0.153 0.146 0.147 0.138 0.181 0.147 0.145 0.148 0.151 0.153 0.146 0.138 0.145 0.146 0.145 0.165 0.152 0.155 0.133 0.136 0.153 0.139 0.170 0.158 0.155 0.153 0.159 0.158 0.136 0.141 0.137 0.152 0.145 0.164 0.160 0.147 0.147 0.127 0.163 0.151 0.155 0.134 0.153 0.149 0.142 0.160 0.147 0.161 0.133 0.167 0.160 0.149 0.148 0.136 0.164 0.150 0.153 0.134 0.170 0.154 0.140 0.147 0.128 0.172 0.141 0.148 0.145 0.171 0.156 0.146 0.145 0.126 0.180 0.154 0.153 0.142 0.166 0.160 0.134 0.142 0.127 0.177 0.152 0.148 0.143 0.171 0.158 0.133 0.150 0.139 0.179 0.147 0.146 0.154 0.164 0.156 0.135 0.153 0.133 0.169 0.155 0.156 0.142 0.153 0.162 0.134 0.154 0.138 0.179 0.154 0.149 0.146 0.154 0.156 0.132 0.155 0.141 0.172 0.137 0.148 0.153 0.138 0.164 0.139 0.181 0.140 0.142 0.143 0.157 0.159 0.135 0.150 0.138 0.146 0.142 0.162 0.154 0.152 0.148 0.139 0.147 0.143 0.176 0.145 0.150 0.137 0.141 0.152 0.136 0.173 0.134
MOVE_DONE,OPEN_RESET,STALL,current,0.162 0.145 0.151 0.145 0.144 0.148 0.132 0.156 0.144 0.154 0.140 0.149 0.151 0.139 0.144 0.135 0.166 0.145 0.147 0.146 0.150 0.143 0.132 0.155 0.143 0.161 0.142 0.150 0.152 0.142 0.149 0.137 0.160 0.142 0.156 0.144 0.150 0.147 0.142 0.150 0.132 0.157 0.146 0.155 0.146 0.144 0.152 0.141 0.145 0.138 0.164 0.144 0.143 0.148 0.150 0.150 0.133 0.151 0.144 0.156 0.139 0.150 0.152 0.147 0.154 0.134 0.149 0.142 0.170 0.145 0.172 0.156 0.146 0.142 0.128 0.171 0.150 0.149 0.140 0.161 0.160 0.140 0.144 0.126 0.174 0.153 0.147 0.139 0.161 0.162 0.140 0.144 0.136 0.190 0.151 0.148 0.146 0.166 0.153 0.132 0.148 0.137 0.179 0.149 0.147 0.152 0.155 0.154 0.134 0.157 0.139 0.172 0.158 0.153 0.148 0.134 0.154 0.136 0.161 0.149 0.171 0.146 0.151 0.151 0.133 0.149 0.131 0.166 0.147 0.145 0.147 0.152 0.151 0.136 0.145 0.135 0.177 0.151 0.151 0.146 0.164 0.154 0.138 0.153 0.140 0.176 0.149 0.156 0.149 0.147 0.160 0.137 0.157 0.137 0.171 0.171 0.149 0.142 0.143 0.163 0.135 0.155 0.137 0.168 0.157 0.152 0.145 0.140 0.166 0.142 0.157 0.142 0.163 0.158 0.150 0.150 0.126 0.173 0.148 0.148 0.141 0.169 0.163 0.146 0.141 0.128 0.165 0.138 0.171 0.158 0.157 0.148 0.142 0.159 0.148 0.156 0.136 0.172 0.160 0.147 0.144 0.139 0.164 0.145 0.151 0.140 0.169 0.155 0.146 0.140 0.127 0.169 0.151 0.155 0.147 0.165 0.155 0.152 0.143 0.123 0.175 0.150 0.157 0.139 0.163 0.165 0.143 0.143 0.132 0.177 0.151 0.147 0.143 0.171 0.161 0.137 0.149 0.137 0.182 0.149 0.145 0.153 0.161 0.158 0.132 0.152 0.135 0.177 0.155 0.154 0.142 0.160 0.161 0.134 0.148 0.143 0.173 0.156 0.149 0.149 0.157 0.161 0.139 0.157 0.146 0.165 0.167 0.150 0.147 0.146 0.169 0.168 0.172 0.175 0.167
MOVE_DONE,OPEN_RESET_FORWARD,STEPS_FINISHED,current,0.146 0.124 0.180 0.161 0.154 0.171 0.138 0.146 0.127 0.142 0.141 0.147 0.142 0.138 0.144 0.140 0.173 0.140 0.140 0.150 0.182 0.141 0.136 0.164 0.139 0.153 0.129 0.139 0.142 0.157 0.163 0.129 0.157 0.151 0.171 0.122 0.147 0.141 0.146 0.163 0.132 0.150 0.143 0.173 0.145 0.145 0.138 0.149 0.143 0.132 0.162 0.130 0.154 0.124 0.181 0.168 0.143 0.139 0.150 0.150 0.128 0.154 0.168 0.176 0.166 0.135 0.149 0.150 0.159 0.133 0.152 0.138 0.143 0.137 0.145 0.175 0.133 0.151 0.146 0.175 0.138 0.143 0.141 0.142 0.173 0.134 0.150 0.134 0.159 0.141 0.141 0.140 0.135 0.158 0.133 0.180 0.152 0.151 0.150 0.126 0.147 0.151 0.172 0.135 0.147 0.143 0.149 0.137 0.147 0.181 0.135 0.167 0.143 0.155 0.137 0.158 0.167 0.139 0.150 0.129 0.150 0.126 0.186 0.162 0.135 0.152 0.143 0.172 0.140 0.137 0.149 0.170 0.144 0.156 0.135 0.132 0.167 0.135 0.147 0.136 0.154 0.165 0.149 0.169 0.140 0.145 0.120 0.177 0.138 0.140 0.148 0.138 0.147 0.128 0.162 0.128 0.148 0.143 0.150 0.170 0.135 0.152 0.133 0.180 0.145 0.147 0.139 0.155 0.140 0.136 0.168 0.134 0.144 0.132 0.186 0.141 0.132 0.154 0.136 0.164 0.118 0.178 0.141 0.174 0.157 0.151 0.152 0.140 0.166 0.153 0.181 0.167 0.134 0.137
MOVE_DONE,CLOSE,STALL,current,0.150 0.139 0.155 0.127 0.167 0.166 0.149 0.138 0.152 0.168 0.142 0.168 0.139 0.159 0.165 0.142 0.134 0.149 0.178 0.128 0.158 0.147 0.154 0.138 0.156 0.163 0.146 0.150 0.136 0.142 0.129 0.147 0.144 0.139 0.137 0.143 0.152 0.132 0.180 0.154 0.151 0.137 0.147 0.148 0.137 0.148 0.128 0.149 0.138 0.164 0.171 0.131 0.157 0.133 0.148 0.126 0.179 0.169 0.163 0.168 0.138 0.152 0.134 0.142 0.135 0.149 0.159 0.158 0.138 0.129 0.169 0.134 0.157 0.133 0.148 0.147 0.144 0.171 0.138 0.157 0.134 0.152 0.137 0.174 0.164 0.135 0.155 0.135 0.142 0.134 0.181 0.136 0.139 0.145 0.130 0.156 0.136 0.167 0.142 0.147 0.168 0.137 0.143 0.139 0.167 0.134 0.147 0.153 0.181 0.174 0.156 0.144 0.137 0.152 0.126 0.169 0.136 0.176 0.168 0.128 0.156 0.143 0.169 0.120 0.168 0.144 0.144 0.141 0.132 0.166 0.132 0.147 0.126 0.172 0.172 0.165 0.167 0.137 0.151 0.140 0.171 0.124 0.180 0.165 0.132 0.155 0.132 0.159 0.133 0.176 0.153 0.148 0.142 0.127 0.156 0.153 0.163 0.145 0.168 0.141 0.148 0.138 0.147 0.177 0.131 0.149 0.125 0.184 0.168 0.138 0.143 0.131 0.159 0.135 0.171 0.124 0.182 0.167 0.135 0.145 0.145 0.170 0.137 0.143 0.132 0.157 0.165 0.136 0.153 0.137 0.167 0.134 0.149 0.139 0.175 0.163 0.139 0.155 0.138 0.156 0.125 0.153 0.141 0.163 0.169 0.132 0.153 0.136 0.170 0.147 0.150 0.139 0.156 0.164 0.133 0.179 0.131 0.181 0.146 0.151 0.143 0.152 0.170 0.137 0.159 0.140 0.160 0.136 0.147 0.146 0.130 0.151 0.133 0.173 0.127 0.188 0.161 0.147 0.159 0.152 0.147 0.124 0.154 0.152 0.172 0.164 0.142 0.145 0.142 0.174 0.132 0.150 0.128 0.182 0.179 0.150 0.167 0.135 0.154 0.132 0.176 0.168 0.185 0.164 0.125 0.151 0.148 0.165 0.146 0.182 0.160 0.142 0.140 0.149 0.186 0.143 0.140 0.131 0.158 0.137 0.164 0.177 0.129 0.156 0.123 0.161 0.157 0.183 0.165 0.133 0.138 0.132 0.156 0.128 0.169 0.155 0.149 0.143 0.125 0.149 0.148 0.171 0.136 0.153 0.138 0.140 0.140 0.145 0.176 0.135 0.149 0.125 0.148 0.152 0.137 0.145 0.156 0.163 0.142 0.142 0.128 0.182 0.168 0.136 0.153 0.147 0.174 0.142 0.166 0.152 0.150 0.139 0.127 0.143 0.147 0.175 0.134 0.150 0.138 0.174 0.165 0.145 0.174 0.137 0.149 0.121 0.181 0.162 0.150 0.163 0.138 0.145 0.135 0.166 0.148 0.165 0.163 0.132 0.152 0.142 0.168 0.138 0.154 0.146 0.157 0.170 0.154 0.172 0.135 0.159 0.136 0.164 0.152 0.158 0.168 0.146 0.170 0.135 0.157 0.123 0.186 0.170 0.139 0.143 0.159 0.177 0.144 0.150 0.132 0.195 0.179 0.138 0.151 0.158 0.170 0.140 0.159 0.145 0.190 0.180 0.151 0.156 0.153 0.175 0.153 0.162 0.142 0.160 0.154 0.163 0.150 0.155 0.170 0.158 0.158 0.160 0.193 0.160 0.157 0.198 0.157 0.166 0.151 0.229 0.197 0.176 0.190 0.164
MOVE_DONE,OPEN,STEPS_FINISHED,current,0.158 0.160 0.172 0.165 0.162 0.156 0.176 0.167 0.169 0.149 0.175 0.173 0.157 0.142 0.140 0.178 0.155 0.150 0.138 0.169 0.166 0.159 0.150 0.121 0.180 0.162 0.160 0.139 0.175 0.165 0.156 0.137 0.133 0.186 0.171 0.147 0.146 0.176 0.164 0.142 0.142 0.125 0.183 0.155 0.147 0.139 0.159 0.154 0.139 0.149 0.132 0.175 0.157 0.156 0.141 0.161 0.157 0.142 0.152 0.133 0.178 0.131 0.147 0.167 0.149 0.146 0.137 0.164 0.143 0.154 0.134 0.153 0.167 0.145 0.131 0.141 0.158 0.138 0.155 0.137 0.149 0.149 0.140 0.176 0.132 0.156 0.158 0.150 0.151 0.142 0.148 0.141 0.151 0.135 0.188 0.156 0.153 0.141 0.163 0.160 0.132 0.149 0.139 0.176 0.150 0.144 0.156 0.148 0.130 0.137 0.189 0.137 0.163 0.154 0.157 0.160 0.136 0.171 0.131 0.162 0.131 0.165 0.141 0.152 0.149 0.141 0.157 0.140 0.147 0.150 0.149 0.145 0.163 0.160 0.140 0.149 0.152 0.161 0.145 0.149 0.142 0.149 0.136 0.136 0.166 0.140 0.159 0.155 0.156 0.145 0.140 0.155 0.145 0.160 0.138 0.167 0.161 0.154 0.141 0.136 0.167 0.144 0.155 0.155 0.149 0.146 0.151 0.145 0.129 0.169 0.150 0.155 0.139 0.163 0.161 0.145 0.148 0.125 0.178 0.152 0.151 0.143 0.169 0.168 0.145 0.159 0.125 0.192 0.158 0.145 0.140 0.166 0.157 0.136 0.150 0.133 0.179 0.151 0.155 0.147 0.161 0.157 0.136 0.150 0.150 0.154 0.159 0.144 0.145 0.142 0.148 0.121 0.156 0.148 0.161 0.145 0.152 0.153 0.136 0.146 0.128 0.168 0.136 0.151 0.141 0.149 0.149 0.141 0.169 0.142 0.180 0.141 0.160 0.141 0.145 0.160 0.138 0.173 0.146 0.173 0.138 0.148 0.147 0.144 0.160 0.134 0.153 0.132 0.183 0.166 0.151 0.143 0.157 0.160 0.131 0.159 0.139 0.176 0.154 0.150 0.156 0.142 0.158 0.144 0.160 0.143 0.153 0.158 0.154 0.148 0.136 0.163 0.153 0.153 0.133 0.147 0.154 0.149 0.142 0.127 0.182 0.143 0.150 0.146 0.170 0.137 0.146 0.140 0.120 0.157 0.144 0.156 0.148 0.149 0.148 0.141 0.149 0.132 0.164 0.147 0.147 0.145 0.152 0.150 0.133 0.152 0.141 0.156 0.139 0.149 0.151 0.166 0.153 0.140 0.153
MOVE_DONE,OPEN_RESET,STALL,current,0.146 0.154 0.145 0.163 0.159 0.140 0.146 0.135 0.177 0.151 0.152 0.145 0.161 0.154 0.135 0.154 0.139 0.173 0.136 0.152 0.171 0.146 0.161 0.132 0.146 0.145 0.177 0.138 0.160 0.157 0.143 0.147 0.128 0.147 0.147 0.143 0.145 0.153 0.154 0.141 0.149 0.137 0.168 0.136 0.146 0.150 0.155 0.149 0.139 0.153 0.152 0.159 0.138 0.151 0.146 0.145 0.142 0.142 0.179 0.143 0.174 0.147 0.148 0.159 0.146 0.141 0.131 0.164 0.141 0.153 0.143 0.163 0.154 0.144 0.134 0.133 0.167 0.143 0.161 0.146 0.158 0.133 0.135 0.166 0.151 0.161 0.135 0.170 0.164 0.144 0.147 0.126 0.171 0.149 0.154 0.138 0.167 0.159 0.140 0.145 0.131 0.176 0.149 0.151 0.144 0.164 0.163 0.141 0.145 0.129 0.179 0.153 0.149 0.150 0.169 0.156 0.134 0.149 0.135 0.179 0.148 0.147 0.154 0.158 0.154 0.133 0.154 0.134 0.149 0.147 0.154 0.138 0.142 0.150 0.140 0.159 0.148 0.174 0.146 0.151 0.157 0.142 0.140 0.125 0.179 0.140 0.150 0.138 0.169 0.158 0.136 0.146 0.134 0.172 0.148 0.154 0.147 0.138 0.145 0.128 0.172 0.142 0.159 0.145 0.170 0.160 0.148 0.146 0.124 0.170 0.147 0.156 0.148 0.168 0.157 0.145 0.139 0.129 0.179 0.157 0.154 0.139 0.170 0.161 0.135 0.144 0.136 0.189 0.153 0.153 0.150 0.170 0.154 0.136 0.153 0.131 0.171 0.157 0.155 0.147 0.154 0.160 0.140 0.155 0.133 0.172 0.160 0.148 0.150 0.154 0.162 0.133 0.153 0.140 0.166 0.151 0.153 0.148 0.147 0.158 0.127 0.167 0.132 0.144 0.149 0.150 0.157 0.136 0.138 0.146 0.176 0.145 0.150 0.155 0.158 0.151 0.124 0.156 0.133 0.174 0.156 0.154 0.144 0.156 0.157 0.143 0.152 0.137 0.177 0.159 0.149 0.150 0.152 0.161 0.138 0.160 0.139 0.169 0.154 0.147 0.147 0.140 0.158 0.151 0.158 0.135 0.166 0.159 0.154 0.140 0.131 0.171 0.148 0.155 0.136 0.168 0.163 0.140 0.144 0.143 0.163 0.135 0.155 0.142 0.167 0.154 0.140 0.145 0.140 0.157 0.160 0.158 0.146 0.154 0.153 0.138 0.145 0.136 0.187 0.159 0.150 0.150 0.174 0.175 0.153 0.174 0.170 0.197 0.206 0.216
MOVE_DONE,OPEN_RESET_FORWARD,STEPS_FINISHED,current,0.152 0.158 0.174 0.140 0.147 0.147 0.154 0.162 0.155 0.152 0.144 0.157 0.127 0.155 0.138 0.165 0.175 0.151 0.175 0.132 0.152 0.142 0.159 0.163 0.141 0.161 0.126 0.163 0.137 0.172 0.152 0.159 0.165 0.126 0.171 0.150 0.171 0.132 0.149 0.144 0.147 0.143 0.145 0.182 0.138 0.163 0.122 0.148 0.140 0.167 0.147 0.137 0.155 0.132 0.148 0.127 0.179 0.164 0.135 0.152 0.125 0.151 0.133 0.169 0.133 0.146 0.142 0.130 0.140 0.130 0.161 0.139 0.169 0.133 0.186 0.141 0.128 0.155 0.144 0.164 0.123 0.143 0.137 0.141 0.146 0.126 0.150 0.141 0.140 0.161 0.148 0.148 0.136 0.150 0.150 0.143 0.133 0.156 0.153 0.172 0.167 0.139 0.145 0.143 0.175 0.135 0.151 0.142 0.168 0.144 0.139 0.162 0.136 0.156 0.120 0.175 0.171 0.163 0.136 0.137 0.150 0.147 0.170 0.152 0.169 0.144 0.140 0.148 0.151 0.169 0.132 0.151 0.143 0.152 0.135 0.157 0.172 0.133 0.156 0.133 0.149 0.131 0.182 0.170 0.136 0.139 0.150 0.172 0.132 0.176 0.162 0.151 0.141 0.147 0.149 0.136 0.140 0.139 0.176 0.138 0.166 0.142 0.152 0.168 0.128 0.150 0.127 0.181 0.140 0.143 0.145 0.135 0.158 0.133 0.145 0.133 0.146 0.144 0.141 0.159 0.145 0.170 0.146 0.173 0.158 0.147 0.138 0.147 0.168 0.140 0.157 0.142 0.155 0.141
MOVE_DONE,CLOSE,STALL,current,0.160 0.132 0.159 0.164 0.163 0.170 0.131 0.149 0.138 0.172 0.129 0.175 0.166 0.131 0.139 0.147 0.175 0.132 0.140 0.147 0.148 0.140 0.145 0.142 0.136 0.158 0.138 0.149 0.138 0.165 0.168 0.138 0.174 0.143 0.162 0.154 0.181 0.164 0.144 0.153 0.127 0.146 0.144 0.177 0.151 0.145 0.140 0.135 0.150 0.145 0.170 0.136 0.150 0.133 0.158 0.173 0.149 0.146 0.133 0.152 0.126 0.147 0.136 0.176 0.158 0.129 0.158 0.141 0.164 0.124 0.190 0.159 0.145 0.171 0.135 0.156 0.140 0.170 0.156 0.166 0.133 0.159 0.170 0.143 0.154 0.125 0.161 0.141 0.157 0.144 0.160 0.168 0.133 0.155 0.131 0.166 0.162 0.182 0.156 0.125 0.148 0.147 0.173 0.137 0.152 0.146 0.142 0.140 0.150 0.176 0.142 0.142 0.141 0.153 0.138 0.157 0.179 0.136 0.151 0.127 0.152 0.132 0.163 0.169 0.139 0.139 0.124 0.163 0.131 0.166 0.154 0.154 0.139 0.131 0.148 0.147 0.144 0.121 0.144 0.144 0.146 0.159 0.145 0.152 0.147 0.160 0.124 0.187 0.138 0.166 0.162 0.152 0.148 0.140 0.177 0.158 0.181 0.164 0.136 0.144 0.148 0.176 0.138 0.149 0.147 0.171 0.142 0.148 0.168 0.141 0.158 0.131 0.172 0.163 0.149 0.170 0.152 0.167 0.137 0.137 0.137 0.177 0.152 0.149 0.168 0.131 0.152 0.137 0.169 0.146 0.151 0.135 0.159 0.178 0.141 0.173 0.136 0.151 0.129 0.176 0.170 0.142 0.143 0.146 0.153 0.137 0.169 0.167 0.150 0.165 0.134 0.150 0.150 0.169 0.151 0.152 0.145 0.142 0.149 0.145 0.168 0.136 0.145 0.131 0.161 0.172 0.158 0.144 0.128 0.156 0.136 0.152 0.125 0.179 0.172 0.135 0.159 0.132 0.161 0.134 0.176 0.161 0.152 0.134 0.136 0.147 0.148 0.170 0.131 0.160 0.158 0.138 0.135 0.148 0.167 0.130 0.151 0.126 0.174 0.169 0.148 0.168 0.138 0.152 0.139 0.174 0.154 0.180 0.161 0.160 0.141 0.149 0.181 0.133 0.145 0.143 0.145 0.139 0.148 0.176 0.139 0.160 0.132 0.176 0.136 0.176 0.172 0.131 0.158 0.127 0.150 0.131 0.165 0.161 0.145 0.141 0.160 0.146 0.140 0.178 0.144 0.156 0.156 0.135 0.149 0.145 0.177 0.131 0.147 0.128 0.149 0.141 0.131 0.166 0.140 0.155 0.125 0.182 0.139 0.146 0.139 0.139 0.175 0.136 0.147 0.125 0.179 0.165 0.139 0.141 0.151 0.175 0.139 0.177 0.137 0.148 0.141 0.161 0.171 0.135 0.152 0.139 0.169 0.129 0.182 0.171 0.131 0.147 0.128 0.161 0.129 0.179 0.159 0.146 0.135 0.145 0.182 0.145 0.161 0.120 0.177 0.166 0.137 0.147 0.150 0.168 0.133 0.150 0.127 0.144 0.139 0.161 0.169 0.129 0.155 0.141 0.146 0.127 0.182 0.174 0.131 0.147 0.153 0.176 0.144 0.151 0.146 0.161 0.142 0.142 0.158 0.146 0.163 0.132 0.179 0.143 0.151 0.170 0.144 0.171 0.135 0.179 0.159 0.181 0.167 0.156 0.176 0.161 0.180 0.147 0.172 0.147 0.192 0.158 0.153 0.163 0.163 0.175 0.158 0.190 0.162 0.191 0.191 0.156 0.193 0.149 0.182 0.153 0.166 0.184 0.163 0.189 0.163
MOVE_DONE,OPEN,STEPS_FINISHED,current,0.181 0.163 0.163 0.148 0.172 0.167 0.163 0.156 0.132 0.189 0.168 0.161 0.145 0.165 0.169 0.157 0.143 0.132 0.189 0.164 0.150 0.148 0.165 0.163 0.145 0.149 0.129 0.182 0.160 0.157 0.143 0.155 0.167 0.150 0.150 0.134 0.191 0.162 0.151 0.141 0.161 0.159 0.131 0.156 0.141 0.175 0.149 0.147 0.154 0.155 0.160 0.138 0.157 0.142 0.175 0.160 0.149 0.151 0.147 0.168 0.136 0.155 0.144 0.154 0.141 0.164 0.156 0.134 0.151 0.141 0.163 0.157 0.141 0.166 0.145 0.147 0.121 0.161 0.141 0.164 0.135 0.148 0.168 0.140 0.142 0.141 0.164 0.136 0.155 0.142 0.169 0.156 0.141 0.147 0.132 0.171 0.157 0.148 0.141 0.168 0.156 0.139 0.141 0.130 0.179 0.157 0.149 0.144 0.166 0.155 0.133 0.150 0.138 0.176 0.158 0.152 0.155 0.161 0.153 0.135 0.156 0.136 0.174 0.158 0.156 0.142 0.133 0.152 0.142 0.147 0.135 0.147 0.148 0.141 0.149 0.141 0.164 0.138 0.168 0.159 0.150 0.143 0.165 0.158 0.131 0.151 0.145 0.162 0.139 0.149 0.150 0.144 0.143 0.133 0.161 0.143 0.152 0.145 0.151 0.144 0.139 0.143 0.140 0.156 0.141 0.156 0.145 0.146 0.143 0.139 0.164 0.139 0.156 0.142 0.169 0.161 0.154 0.146 0.138 0.161 0.141 0.159 0.138 0.164 0.138 0.152 0.159 0.132 0.159 0.147 0.152 0.137 0.146 0.152 0.140 0.146 0.136 0.165 0.141 0.150 0.143 0.153 0.149 0.140 0.149 0.142 0.159 0.141 0.152 0.148 0.145 0.147 0.139 0.152 0.142 0.164 0.142 0.143 0.145 0.149 0.145 0.132 0.158 0.144 0.159 0.138 0.150 0.151 0.145 0.160 0.136 0.150 0.143 0.151 0.142 0.150 0.158 0.143 0.164 0.145 0.159 0.138 0.171 0.156 0.145 0.150 0.145 0.156 0.127 0.163 0.155 0.148 0.157 0.158 0.150 0.141 0.140 0.149 0.159 0.138 0.168 0.161 0.152 0.140 0.127 0.174 0.148 0.169 0.145 0.149 0.150 0.141 0.150 0.139 0.158 0.143 0.155 0.148 0.143 0.149 0.139 0.148 0.136 0.163 0.146 0.143 0.147 0.152 0.163 0.138 0.152 0.139 0.176 0.150 0.155 0.145 0.163 0.152 0.141 0.156 0.139 0.177 0.153 0.149 0.150 0.150 0.148 0.129 0.158 0.131 0.155 0.166 0.142 0.154
MOVE_DONE,OPEN_RESET,STALL,current,0.129 0.150 0.146 0.170 0.165 0.149 0.153 0.145 0.145 0.126 0.180 0.150 0.151 0.145 0.163 0.159 0.147 0.145 0.129 0.185 0.150 0.154 0.143 0.166 0.161 0.140 0.142 0.134 0.175 0.152 0.153 0.145 0.167 0.155 0.142 0.152 0.137 0.171 0.155 0.156 0.144 0.160 0.156 0.141 0.150 0.138 0.181 0.152 0.161 0.144 0.147 0.138 0.119 0.165 0.142 0.154 0.143 0.147 0.154 0.142 0.144 0.148 0.150 0.145 0.164 0.153 0.153 0.145 0.141 0.140 0.147 0.149 0.145 0.152 0.152 0.148 0.163 0.128 0.159 0.131 0.160 0.156 0.142 0.164 0.148 0.159 0.131 0.162 0.141 0.159 0.132 0.151 0.149 0.142 0.155 0.143 0.161 0.154 0.144 0.149 0.151 0.151 0.135 0.154 0.137 0.157 0.145 0.150 0.151 0.146 0.148 0.135 0.153 0.138 0.158 0.140 0.142 0.147 0.144 0.148 0.135 0.154 0.146 0.155 0.143 0.143 0.151 0.139 0.146 0.137 0.164 0.145 0.150 0.148 0.152 0.147 0.133 0.151 0.138 0.156 0.144 0.146 0.168 0.155 0.163 0.140 0.152 0.145 0.179 0.161 0.146 0.146 0.144 0.147 0.134 0.156 0.146 0.154 0.138 0.147 0.152 0.141 0.145 0.136 0.155 0.143 0.164 0.159 0.151 0.145 0.140 0.167 0.143 0.162 0.137 0.166 0.161 0.147 0.161 0.130 0.155 0.131 0.159 0.136 0.153 0.165 0.146 0.157 0.126 0.175 0.146 0.181 0.139 0.150 0.155 0.150 0.134 0.122 0.177 0.157 0.152 0.157 0.148 0.152 0.144 0.165 0.142 0.157 0.141 0.166 0.162 0.151 0.158 0.141 0.159 0.128 0.161 0.148 0.165 0.140 0.147 0.151 0.138 0.156 0.145 0.179 0.146 0.147 0.155 0.150 0.147 0.134 0.148 0.149 0.147 0.146 0.170 0.162 0.141 0.141 0.133 0.182 0.152 0.153 0.143 0.161 0.155 0.136 0.151 0.133 0.170 0.159 0.157 0.144 0.160 0.160 0.134 0.149 0.136 0.177 0.155 0.151 0.150 0.162 0.154 0.131 0.153 0.140 0.172 0.156 0.149 0.153 0.153 0.134 0.138 0.165 0.144 0.148 0.147 0.146 0.146 0.140 0.151 0.137 0.156 0.144 0.147 0.143 0.144 0.150 0.138 0.151 0.143 0.161 0.143 0.144 0.153 0.150 0.147 0.132 0.161 0.151 0.157 0.147 0.163 0.156 0.162 0.164 0.147 0.210 0.195 0.210 0.276 0.183
MOVE_DONE,OPEN_RESET_FORWARD,STEPS_FINISHED,current,0.161 0.140 0.160 0.136 0.170 0.169 0.152 0.142 0.155 0.150 0.137 0.153 0.144 0.145 0.151 0.142 0.146 0.142 0.171 0.133 0.142 0.133 0.150 0.141 0.157 0.177 0.134 0.161 0.124 0.149 0.127 0.147 0.148 0.146 0.161 0.147 0.174 0.146 0.175 0.153 0.148 0.136 0.129 0.149 0.131 0.151 0.124 0.153 0.140 0.177 0.138 0.138 0.160 0.134 0.146 0.131 0.161 0.173 0.157 0.160 0.136 0.156 0.134 0.152 0.133 0.179 0.159 0.132 0.147 0.145 0.178 0.138 0.150 0.139 0.151 0.171 0.154 0.171 0.147 0.149 0.150 0.170 0.137 0.168 0.162 0.137 0.153 0.136 0.159 0.126 0.146 0.153 0.140 0.141 0.140 0.147 0.128 0.159 0.153 0.151 0.140 0.136 0.151 0.146 0.165 0.133 0.141 0.134 0.152 0.176 0.152 0.164 0.130 0.152 0.120 0.137 0.137 0.180 0.169 0.125 0.158 0.132 0.152 0.121 0.187 0.158 0.133 0.147 0.148 0.176 0.140 0.171 0.146 0.145 0.135 0.159 0.173 0.142 0.167 0.132 0.152 0.132 0.180 0.172 0.125 0.151 0.129 0.157 0.125 0.160 0.158 0.151 0.143 0.126 0.147 0.146 0.170 0.131 0.150 0.141 0.138 0.139 0.128 0.171 0.143 0.136 0.125 0.181 0.162 0.138 0.151 0.139 0.157 0.134 0.152 0.147 0.152 0.156 0.132 0.140 0.145 0.179 0.144 0.174 0.134 0.152 0.138 0.125 0.156 0.146 0.173 0.138 0.149 0.140
MOVE_DONE,CLOSE,STALL,current,0.155 0.166 0.162 0.164 0.138 0.147 0.127 0.149 0.133 0.160 0.157 0.160 0.141 0.142 0.145 0.134 0.157 0.145 0.150 0.143 0.156 0.165 0.139 0.155 0.131 0.140 0.136 0.159 0.168 0.144 0.171 0.137 0.148 0.118 0.176 0.165 0.145 0.134 0.137 0.163 0.142 0.164 0.145 0.149 0.139 0.142 0.143 0.144 0.169 0.136 0.151 0.125 0.176 0.171 0.138 0.161 0.134 0.160 0.133 0.149 0.131 0.183 0.158 0.125 0.153 0.147 0.172 0.124 0.148 0.135 0.144 0.144 0.152 0.174 0.136 0.147 0.148 0.180 0.138 0.141 0.151 0.141 0.148 0.131 0.154 0.126 0.172 0.164 0.137 0.143 0.157 0.175 0.140 0.141 0.146 0.171 0.139 0.146 0.144 0.149 0.174 0.139 0.152 0.137 0.177 0.137 0.149 0.169 0.129 0.153 0.122 0.141 0.144 0.166 0.149 0.135 0.150 0.144 0.170 0.143 0.149 0.144 0.148 0.163 0.149 0.149 0.131 0.166 0.154 0.152 0.133 0.151 0.173 0.140 0.149 0.125 0.146 0.149 0.144 0.141 0.137 0.149 0.141 0.173 0.143 0.152 0.159 0.164 0.141 0.143 0.175 0.146 0.175 0.136 0.149 0.142 0.163 0.162 0.137 0.159 0.140 0.145 0.128 0.181 0.170 0.144 0.171 0.139 0.147 0.129 0.177 0.159 0.150 0.136 0.158 0.167 0.142 0.158 0.127 0.144 0.136 0.149 0.169 0.154 0.170 0.130 0.151 0.125 0.141 0.155 0.143 0.156 0.149 0.151 0.128 0.148 0.160 0.189 0.158 0.137 0.144 0.151 0.171 0.132 0.155 0.154 0.177 0.136 0.149 0.173 0.141 0.168 0.137 0.153 0.132 0.169 0.173 0.132 0.159 0.128 0.159 0.119 0.142 0.156 0.144 0.160 0.149 0.151 0.140 0.168 0.136 0.153 0.142 0.133 0.144 0.153 0.167 0.132 0.151 0.135 0.157 0.170 0.142 0.153 0.130 0.156 0.127 0.182 0.166 0.178 0.170 0.135 0.144 0.145 0.175 0.142 0.153 0.145 0.144 0.146 0.139 0.149 0.133 0.147 0.128 0.160 0.164 0.139 0.156 0.154 0.156 0.126 0.156 0.160 0.181 0.166 0.131 0.153 0.143 0.167 0.135 0.144 0.139 0.149 0.136 0.154 0.173 0.147 0.172 0.142 0.148 0.138 0.169 0.171 0.147 0.170 0.134 0.147 0.121 0.178 0.167 0.146 0.168 0.138 0.152 0.132 0.170 0.154 0.150 0.139 0.133 0.152 0.143 0.168 0.135 0.153 0.133 0.146 0.144 0.153 0.143 0.141 0.172 0.141 0.151 0.152 0.151 0.145 0.145 0.174 0.136 0.149 0.119 0.183 0.166 0.139 0.145 0.147 0.176 0.141 0.152 0.143 0.174 0.134 0.162 0.145 0.138 0.160 0.135 0.152 0.128 0.180 0.172 0.133 0.152 0.127 0.161 0.137 0.176 0.163 0.151 0.163 0.147 0.141 0.147 0.171 0.138 0.149 0.164 0.171 0.135 0.148 0.176 0.135 0.152 0.126 0.177 0.165 0.143 0.168 0.141 0.166 0.132 0.155 0.141 0.176 0.149 0.141 0.153 0.132 0.163 0.137 0.186 0.139 0.160 0.147 0.139 0.183 0.144 0.170 0.141 0.185 0.155 0.160 0.157 0.154 0.170 0.148 0.154 0.137 0.190 0.184 0.149 0.157 0.172 0.179 0.150 0.178 0.182 0.165 0.162 0.182
MOVE_DONE,OPEN,STEPS_FINISHED,current,0.150 0.177 0.171 0.155 0.155 0.138 0.175 0.159 0.158 0.141 0.171 0.166 0.153 0.143 0.129 0.177 0.154 0.155 0.143 0.169 0.157 0.139 0.151 0.136 0.179 0.150 0.150 0.138 0.165 0.160 0.142 0.141 0.129 0.191 0.155 0.144 0.148 0.168 0.162 0.134 0.148 0.140 0.178 0.159 0.156 0.154 0.165 0.159 0.133 0.158 0.133 0.173 0.137 0.147 0.158 0.141 0.147 0.132 0.160 0.146 0.156 0.142 0.159 0.163 0.136 0.144 0.131 0.179 0.153 0.151 0.144 0.169 0.155 0.141 0.152 0.150 0.156 0.156 0.148 0.145 0.157 0.159 0.141 0.155 0.135 0.173 0.156 0.148 0.146 0.156 0.154 0.141 0.156 0.141 0.179 0.154 0.156 0.149 0.147 0.155 0.142 0.161 0.136 0.166 0.160 0.151 0.147 0.138 0.163 0.150 0.157 0.151 0.152 0.151 0.145 0.133 0.136 0.138 0.147 0.185 0.133 0.158 0.146 0.153 0.160 0.129 0.185 0.147 0.156 0.158 0.149 0.167 0.144 0.147 0.127 0.167 0.137 0.154 0.140 0.154 0.134 0.133 0.152 0.141 0.159 0.144 0.151 0.147 0.143 0.147 0.137 0.150 0.137 0.163 0.144 0.155 0.166 0.144 0.145 0.123 0.141 0.149 0.152 0.141 0.155 0.165 0.140 0.141 0.129 0.179 0.146 0.145 0.148 0.167 0.163 0.136 0.147 0.135 0.180 0.149 0.155 0.145 0.162 0.158 0.137 0.152 0.134 0.175 0.158 0.150 0.141 0.141 0.145 0.143 0.166 0.157 0.157 0.153 0.149 0.155 0.141 0.147 0.123 0.155 0.148 0.150 0.163 0.172 0.154 0.136 0.148 0.133 0.187 0.152 0.165 0.139 0.146 0.132 0.137 0.147 0.138 0.177 0.163 0.149 0.144 0.154 0.150 0.137 0.162 0.147 0.156 0.157 0.142 0.155 0.144 0.144 0.130 0.157 0.138 0.172 0.152 0.149 0.142 0.145 0.157 0.146 0.153 0.132 0.175 0.157 0.152 0.146 0.144 0.172 0.137 0.155 0.139 0.171 0.158 0.152 0.149 0.130 0.170 0.146 0.156 0.143 0.168 0.162 0.151 0.142 0.124 0.172 0.154 0.152 0.139 0.171 0.163 0.140 0.147 0.132 0.163 0.131 0.159 0.139 0.140 0.156 0.136 0.149 0.123 0.162 0.137 0.143 0.141 0.150 0.153 0.135 0.153 0.138 0.163 0.153 0.151 0.149 0.140 0.155 0.121 0.162 0.132 0.156 0.138 0.153 0.156 0.141 0.149 0.124
MOVE_DONE,OPEN_RESET,STALL,current,0.159 0.133 0.148 0.140 0.154 0.165 0.134 0.150 0.138 0.161 0.137 0.157 0.144 0.147 0.148 0.147 0.140 0.132 0.179 0.157 0.152 0.141 0.167 0.158 0.129 0.158 0.149 0.184 0.145 0.165 0.148 0.149 0.154 0.135 0.181 0.136 0.159 0.137 0.146 0.139 0.146 0.159 0.123 0.171 0.158 0.150 0.137 0.166 0.162 0.135 0.141 0.132 0.174 0.156 0.152 0.152 0.158 0.156 0.136 0.152 0.137 0.179 0.151 0.147 0.148 0.162 0.158 0.129 0.147 0.137 0.174 0.153 0.151 0.152 0.160 0.161 0.132 0.155 0.143 0.172 0.155 0.157 0.149 0.143 0.158 0.147 0.160 0.136 0.167 0.159 0.156 0.143 0.131 0.156 0.154 0.162 0.138 0.151 0.137 0.151 0.152 0.140 0.158 0.134 0.159 0.138 0.162 0.159 0.146 0.144 0.139 0.154 0.159 0.153 0.153 0.155 0.146 0.145 0.152 0.139 0.154 0.136 0.176 0.161 0.149 0.143 0.142 0.161 0.137 0.157 0.142 0.164 0.156 0.153 0.149 0.134 0.161 0.150 0.161 0.136 0.147 0.153 0.154 0.136 0.122 0.174 0.151 0.152 0.140 0.172 0.160 0.142 0.148 0.125 0.168 0.151 0.155 0.152 0.161 0.156 0.142 0.147 0.131 0.176 0.158 0.156 0.138 0.147 0.154 0.128 0.148 0.149 0.168 0.145 0.157 0.154 0.150 0.147 0.132 0.151 0.149 0.172 0.144 0.155 0.156 0.142 0.150 0.140 0.158 0.137 0.161 0.133 0.146 0.139 0.141 0.143 0.134 0.162 0.147 0.152 0.144 0.150 0.153 0.137 0.152 0.131 0.190 0.134 0.150 0.168 0.143 0.146 0.122 0.155 0.152 0.146 0.145 0.173 0.155 0.142 0.142 0.124 0.175 0.149 0.156 0.147 0.164 0.162 0.147 0.145 0.120 0.174 0.158 0.149 0.137 0.149 0.153 0.135 0.165 0.135 0.160 0.135 0.171 0.162 0.154 0.145 0.131 0.177 0.144 0.148 0.141 0.172 0.142 0.134 0.145 0.122 0.180 0.128 0.179 0.135 0.147 0.150 0.151 0.136 0.137 0.188 0.149 0.161 0.134 0.158 0.155 0.135 0.152 0.143 0.149 0.144 0.144 0.154 0.161 0.133 0.136 0.142 0.147 0.176 0.147 0.154 0.154 0.151 0.152 0.139 0.150 0.145 0.186 0.169 0.157 0.162 0.167 0.174 0.167 0.223
MOVE_DONE,OPEN_RESET_FORWARD,STEPS_FINISHED,current,0.153 0.141 0.152 0.148 0.146 0.177 0.133 0.148 0.125 0.180 0.163 0.147 0.163 0.135 0.148 0.142 0.171 0.143 0.149 0.140 0.138 0.157 0.139 0.166 0.134 0.144 0.131 0.179 0.168 0.151 0.173 0.139 0.161 0.129 0.174 0.157 0.154 0.138 0.137 0.147 0.143 0.170 0.141 0.147 0.139 0.144 0.141 0.142 0.173 0.132 0.150 0.135 0.159 0.168 0.142 0.163 0.132 0.154 0.135 0.161 0.143 0.147 0.147 0.136 0.142 0.151 0.172 0.134 0.153 0.157 0.148 0.136 0.153 0.179 0.129 0.166 0.132 0.150 0.133 0.168 0.164 0.128 0.148 0.146 0.149 0.122 0.172 0.166 0.143 0.137 0.131 0.152 0.130 0.151 0.145 0.166 0.162 0.152 0.179 0.132 0.159 0.135 0.152 0.127 0.173 0.171 0.153 0.156 0.141 0.164 0.127 0.169 0.159 0.159 0.142 0.124 0.151 0.146 0.171 0.137 0.149 0.141 0.137 0.139 0.151 0.176 0.128 0.146 0.129 0.174 0.141 0.144 0.170 0.133 0.149 0.137 0.181 0.129 0.147 0.145 0.133 0.144 0.146 0.171 0.143 0.180 0.159 0.148 0.141 0.144 0.179 0.137 0.167 0.145 0.166 0.139 0.169 0.165 0.132 0.157 0.122 0.140 0.128 0.165 0.162 0.142 0.144 0.147 0.178 0.141 0.170 0.125 0.180 0.168 0.138 0.149 0.149 0.176 0.133 0.146 0.129 0.186 0.165 0.124 0.161 0.132 0.151 0.137 0.180 0.158 0.142 0.139 0.130 0.153
MOVE_DONE,CLOSE,STALL,current,0.130 0.163 0.145 0.144 0.137 0.151 0.144 0.155 0.164 0.150 0.150 0.128 0.152 0.154 0.182 0.160 0.151 0.147 0.135 0.157 0.131 0.175 0.161 0.154 0.139 0.150 0.143 0.132 0.162 0.121 0.142 0.132 0.141 0.143 0.145 0.169 0.140 0.150 0.123 0.152 0.141 0.162 0.165 0.129 0.159 0.132 0.173 0.131 0.165 0.141 0.137 0.146 0.139 0.145 0.128 0.182 0.153 0.142 0.144 0.150 0.166 0.135 0.154 0.128 0.139 0.136 0.170 0.172 0.145 0.152 0.147 0.174 0.151 0.180 0.162 0.137 0.142 0.150 0.177 0.133 0.145 0.134 0.166 0.162 0.135 0.142 0.152 0.167 0.133 0.154 0.135 0.172 0.170 0.138 0.149 0.131 0.153 0.123 0.180 0.156 0.154 0.163 0.148 0.146 0.146 0.168 0.142 0.153 0.137 0.170 0.165 0.156 0.175 0.132 0.150 0.130 0.191 0.137 0.140 0.152 0.145 0.164 0.136 0.181 0.151 0.158 0.170 0.138 0.141 0.149 0.177 0.140 0.150 0.137 0.181 0.138 0.128 0.152 0.143 0.161 0.120 0.152 0.141 0.168 0.167 0.131 0.159 0.140 0.174 0.129 0.189 0.159 0.134 0.152 0.144 0.177 0.137 0.150 0.127 0.149 0.148 0.153 0.173 0.147 0.174 0.129 0.149 0.135 0.185 0.166 0.125 0.164 0.133 0.142 0.127 0.165 0.168 0.143 0.137 0.149 0.150 0.129 0.175 0.148 0.146 0.140 0.145 0.170 0.149 0.167 0.134 0.150 0.131 0.151 0.172 0.128 0.155 0.131 0.173 0.129 0.156 0.154 0.172 0.134 0.134 0.149 0.144 0.167 0.140 0.152 0.137 0.168 0.144 0.148 0.145 0.133 0.152 0.123 0.145 0.147 0.156 0.142 0.130 0.163 0.139 0.172 0.155 0.180 0.161 0.154 0.139 0.147 0.176 0.130 0.149 0.134 0.156 0.137 0.148 0.171 0.130 0.153 0.124 0.163 0.164 0.173 0.159 0.147 0.145 0.144 0.171 0.153 0.177 0.158 0.145 0.141 0.142 0.184 0.141 0.143 0.130 0.160 0.176 0.159 0.138 0.132 0.153 0.134 0.171 0.139 0.149 0.158 0.156 0.149 0.143 0.143 0.127 0.157 0.154 0.165 0.143 0.159 0.142 0.136 0.161 0.121 0.140 0.149 0.165 0.139 0.147 0.173 0.136 0.147 0.126 0.187 0.163 0.133 0.155 0.132 0.153 0.125 0.153 0.152 0.153 0.137 0.155 0.168 0.138 0.149 0.134 0.177 0.132 0.180 0.139 0.132 0.154 0.139 0.171 0.141 0.149 0.137 0.177 0.162 0.131 0.153 0.142 0.169 0.141 0.152 0.143 0.134 0.151 0.145 0.183 0.131 0.156 0.152 0.149 0.137 0.159 0.171 0.128 0.156 0.124 0.161 0.161 0.152 0.144 0.140 0.150 0.132 0.159 0.129 0.155 0.155 0.170 0.138 0.133 0.159 0.138 0.150 0.137 0.172 0.139 0.170 0.174 0.141 0.176 0.130 0.151 0.129 0.182 0.166 0.143 0.147 0.152 0.169 0.140 0.184 0.142 0.156 0.175 0.142 0.142 0.140 0.170 0.143 0.149 0.141 0.163 0.143 0.138 0.166 0.142 0.177 0.158 0.167 0.187 0.152 0.156 0.165 0.170 0.147 0.181 0.153 0.166 0.182 0.149 0.161 0.163 0.164 0.156 0.172 0.158 0.199 0.189 0.156 0.162 0.165 0.190 0.157 0.201 0.182 0.165 0.163 0.168
MOVE_DONE,OPEN,STEPS_FINISHED,current,0.201 0.162 0.158 0.159 0.171 0.163 0.152 0.160 0.142 0.180 0.167 0.161 0.157 0.144 0.166 0.158 0.154 0.146 0.178 0.167 0.153 0.150 0.142 0.173 0.147 0.161 0.143 0.177 0.166 0.160 0.145 0.135 0.170 0.162 0.148 0.135 0.168 0.162 0.143 0.144 0.128 0.173 0.148 0.153 0.139 0.172 0.159 0.147 0.147 0.128 0.182 0.152 0.151 0.149 0.170 0.162 0.135 0.143 0.148 0.166 0.138 0.150 0.146 0.146 0.155 0.137 0.159 0.140 0.155 0.157 0.148 0.154 0.142 0.147 0.132 0.176 0.145 0.181 0.139 0.151 0.141 0.145 0.137 0.133 0.175 0.135 0.176 0.133 0.145 0.152 0.136 0.148 0.140 0.159 0.140 0.148 0.149 0.152 0.145 0.138 0.154 0.142 0.156 0.145 0.147 0.144 0.149 0.147 0.137 0.150 0.144 0.162 0.145 0.147 0.153 0.146 0.142 0.137 0.162 0.145 0.153 0.142 0.150 0.146 0.137 0.147 0.138 0.155 0.141 0.152 0.146 0.148 0.151 0.139 0.151 0.140 0.164 0.144 0.143 0.146 0.150 0.150 0.133 0.150 0.145 0.163 0.139 0.147 0.151 0.143 0.144 0.131 0.159 0.141 0.153 0.146 0.151 0.147 0.143 0.147 0.144 0.149 0.142 0.172 0.140 0.147 0.139 0.134 0.142 0.130 0.180 0.152 0.160 0.137 0.152 0.153 0.141 0.139 0.147 0.152 0.141 0.163 0.150 0.146 0.148 0.136 0.159 0.140 0.154 0.142 0.151 0.148 0.139 0.149 0.138 0.158 0.143 0.155 0.142 0.145 0.150 0.140 0.144 0.139 0.164 0.140 0.148 0.146 0.151 0.152 0.132 0.154 0.140 0.163 0.140 0.150 0.150 0.144 0.145 0.137 0.158 0.138 0.155 0.142 0.147 0.150 0.145 0.145 0.132 0.156 0.146 0.156 0.142 0.147 0.152 0.140 0.145 0.135 0.155 0.141 0.153 0.143 0.158 0.149 0.133 0.157 0.133 0.160 0.152 0.149 0.160 0.143 0.142 0.132 0.166 0.139 0.150 0.143 0.155 0.148 0.141 0.152 0.139 0.149 0.137 0.183 0.150 0.142 0.154 0.150 0.141 0.131 0.158 0.135 0.165 0.154 0.147 0.147 0.142 0.170 0.142 0.153 0.137 0.152 0.162 0.149 0.145 0.136 0.168 0.139 0.154 0.141 0.171 0.155 0.147 0.148 0.140 0.171 0.159 0.151 0.140 0.162 0.161 0.153 0.134 0.121 0.150 0.147 0.168 0.144 0.166 0.154 0.135 0.149
MOVE_DONE,OPEN_RESET,STALL,current,0.152 0.178 0.155 0.144 0.161 0.144 0.147 0.138 0.163 0.143 0.149 0.142 0.152 0.148 0.135 0.161 0.144 0.149 0.139 0.173 0.153 0.149 0.142 0.140 0.167 0.145 0.153 0.143 0.164 0.156 0.149 0.143 0.124 0.174 0.149 0.155 0.138 0.165 0.162 0.145 0.140 0.128 0.186 0.145 0.152 0.149 0.162 0.155 0.140 0.148 0.126 0.174 0.155 0.151 0.139 0.160 0.162 0.139 0.146 0.135 0.179 0.147 0.142 0.145 0.156 0.165 0.126 0.151 0.142 0.177 0.155 0.154 0.148 0.158 0.150 0.142 0.158 0.134 0.180 0.157 0.144 0.147 0.150 0.145 0.143 0.147 0.150 0.158 0.138 0.149 0.153 0.138 0.146 0.131 0.160 0.164 0.150 0.151 0.162 0.153 0.131 0.153 0.139 0.178 0.153 0.165 0.155 0.150 0.157 0.134 0.150 0.138 0.171 0.159 0.140 0.152 0.148 0.157 0.133 0.156 0.140 0.167 0.154 0.150 0.148 0.141 0.132 0.144 0.184 0.140 0.146 0.146 0.149 0.143 0.131 0.155 0.145 0.157 0.144 0.150 0.145 0.142 0.146 0.139 0.153 0.147 0.162 0.143 0.147 0.152 0.145 0.142 0.134 0.161 0.142 0.154 0.140 0.152 0.152 0.139 0.148 0.139 0.157 0.145 0.146 0.149 0.149 0.148 0.137 0.151 0.136 0.160 0.143 0.150 0.145 0.146 0.149 0.136 0.144 0.148 0.180 0.148 0.146 0.154 0.150 0.145 0.135 0.149 0.146 0.173 0.147 0.163 0.154 0.142 0.131 0.143 0.172 0.136 0.153 0.141 0.147 0.137 0.140 0.146 0.130 0.187 0.152 0.143 0.147 0.164 0.160 0.129 0.146 0.134 0.173 0.158 0.145 0.146 0.164 0.155 0.132 0.155 0.142 0.172 0.154 0.155 0.150 0.150 0.160 0.137 0.151 0.136 0.171 0.157 0.148 0.145 0.144 0.158 0.145 0.157 0.140 0.170 0.154 0.145 0.150 0.130 0.174 0.145 0.163 0.143 0.149 0.142 0.150 0.148 0.118 0.184 0.135 0.157 0.137 0.152 0.148 0.150 0.151 0.137 0.159 0.132 0.152 0.165 0.144 0.161 0.144 0.151 0.126 0.160 0.157 0.149 0.163 0.147 0.154 0.137 0.151 0.148 0.156 0.154 0.149 0.139 0.152 0.134 0.137 0.174 0.153 0.149 0.140 0.169 0.165 0.141 0.151 0.132 0.179 0.155 0.156 0.158 0.175 0.182 0.166 0.198 0.196
MOVE_DONE,OPEN_RESET_FORWARD,STEPS_FINISHED,current,0.153 0.144 0.142 0.146 0.180 0.143 0.147 0.121 0.147 0.141 0.165 0.141 0.132 0.154 0.137 0.147 0.131 0.189 0.159 0.128 0.150 0.153 0.168 0.130 0.142 0.150 0.143 0.144 0.152 0.169 0.148 0.148 0.127 0.139 0.145 0.143 0.158 0.132 0.145 0.134 0.153 0.121 0.186 0.170 0.147 0.141 0.143 0.174 0.138 0.139 0.143 0.151 0.143 0.138 0.166 0.153 0.147 0.128 0.150 0.131 0.142 0.145 0.153 0.174 0.127 0.150 0.128 0.177 0.161 0.161 0.140 0.141 0.150 0.142 0.167 0.141 0.181 0.157 0.133 0.136 0.149 0.182 0.142 0.166 0.129 0.150 0.138 0.156 0.173 0.141 0.149 0.128 0.151 0.133 0.181 0.162 0.131 0.147 0.150 0.169 0.132 0.152 0.151 0.169 0.140 0.146 0.181 0.150 0.166 0.139 0.154 0.140 0.167 0.171 0.136 0.152 0.122 0.156 0.151 0.180 0.165 0.143 0.143 0.138 0.151 0.135 0.146 0.138 0.153 0.165 0.143 0.166 0.150 0.150 0.131 0.158 0.130 0.147 0.148 0.141 0.161 0.152 0.150 0.118 0.186 0.142 0.145 0.140 0.139 0.166 0.142 0.160 0.127 0.168 0.138 0.142 0.146 0.147 0.176 0.138 0.170 0.140 0.154 0.164 0.158 0.169 0.130 0.168 0.135 0.141 0.129 0.187 0.163 0.126 0.152 0.134 0.165 0.120 0.184 0.156 0.137 0.140 0.148 0.149 0.145 0.169 0.145 0.155 0.135 0.159 0.145 0.145 0.161 0.142
MOVE_DONE,CLOSE,STALL,current,0.153 0.146 0.143 0.173 0.146 0.171 0.160 0.146 0.136 0.146 0.176 0.148 0.161 0.121 0.148 0.142 0.139 0.135 0.150 0.171 0.128 0.147 0.128 0.174 0.162 0.141 0.144 0.126 0.150 0.135 0.177 0.150 0.149 0.140 0.150 0.143 0.132 0.150 0.127 0.147 0.136 0.175 0.175 0.127 0.151 0.134 0.148 0.120 0.179 0.160 0.142 0.138 0.137 0.152 0.139 0.178 0.127 0.140 0.134 0.140 0.144 0.156 0.167 0.136 0.152 0.132 0.153 0.146 0.159 0.164 0.133 0.161 0.133 0.174 0.161 0.180 0.169 0.125 0.147 0.143 0.169 0.121 0.175 0.164 0.146 0.139 0.151 0.179 0.142 0.171 0.147 0.150 0.138 0.168 0.174 0.136 0.159 0.144 0.150 0.124 0.172 0.168 0.142 0.139 0.146 0.182 0.143 0.167 0.152 0.149 0.149 0.126 0.159 0.141 0.148 0.125 0.165 0.141 0.148 0.141 0.150 0.174 0.131 0.150 0.121 0.140 0.143 0.154 0.143 0.130 0.149 0.144 0.174 0.127 0.174 0.163 0.135 0.137 0.146 0.183 0.137 0.167 0.127 0.149 0.136 0.151 0.172 0.135 0.158 0.125 0.175 0.141 0.143 0.144 0.137 0.158 0.134 0.159 0.150 0.152 0.165 0.164 0.143 0.143 0.168 0.137 0.148 0.137 0.167 0.144 0.163 0.162 0.149 0.173 0.136 0.146 0.128 0.188 0.171 0.136 0.158 0.140 0.166 0.130 0.175 0.160 0.146 0.139 0.149 0.144 0.143 0.167 0.148 0.176 0.136 0.148 0.146 0.132 0.172 0.136 0.158 0.122 0.151 0.141 0.161 0.157 0.150 0.152 0.129 0.148 0.163 0.148 0.139 0.135 0.172 0.154 0.154 0.136 0.157 0.140 0.150 0.139 0.152 0.165 0.133 0.154 0.127 0.152 0.137 0.169 0.169 0.134 0.157 0.129 0.161 0.143 0.164 0.142 0.145 0.140 0.141 0.172 0.137 0.151 0.148 0.173 0.134 0.154 0.175 0.151 0.166 0.125 0.149 0.132 0.179 0.168 0.136 0.165 0.146 0.146 0.125 0.152 0.164 0.166 0.139 0.150 0.175 0.150 0.143 0.124 0.147 0.141 0.171 0.169 0.128 0.159 0.137 0.167 0.143 0.153 0.138 0.159 0.171 0.140 0.150 0.130 0.173 0.163 0.144 0.141 0.136 0.145 0.146 0.177 0.136 0.152 0.142 0.170 0.148 0.132 0.156 0.138 0.167 0.120 0.145 0.142 0.166 0.163 0.131 0.150 0.139 0.136 0.138 0.153 0.138 0.148 0.171 0.130 0.151 0.135 0.179 0.146 0.145 0.135 0.160 0.166 0.136 0.166 0.134 0.152 0.142 0.146 0.145 0.138 0.164 0.152 0.150 0.118 0.177 0.166 0.148 0.133 0.150 0.151 0.138 0.171 0.147 0.155 0.138 0.163 0.171 0.154 0.144 0.140 0.143 0.127 0.151 0.172 0.158 0.154 0.152 0.155 0.140 0.166 0.164 0.182 0.152 0.136 0.171 0.154 0.165 0.139 0.153 0.145 0.151 0.135 0.151 0.183 0.134 0.152 0.131 0.147 0.155 0.151 0.167 0.137 0.158 0.133 0.162 0.147 0.159 0.159 0.177 0.173 0.133 0.165 0.145 0.171 0.162 0.165 0.151 0.166 0.176 0.153 0.163 0.137 0.184 0.174 0.174 0.168 0.153 0.161 0.155 0.175 0.169 0.164 0.156 0.163 0.164 0.155 0.165 0.169 0.172 0.181 0.188
MOVE_DONE,OPEN,STEPS_FINISHED,current,0.149 0.190 0.169 0.156 0.151 0.174 0.178 0.156 0.149 0.135 0.196 0.164 0.147 0.143 0.175 0.155 0.139 0.153 0.135 0.184 0.160 0.144 0.143 0.165 0.164 0.137 0.150 0.140 0.184 0.155 0.144 0.157 0.163 0.154 0.132 0.155 0.137 0.171 0.154 0.154 0.145 0.146 0.157 0.142 0.152 0.139 0.176 0.159 0.144 0.148 0.145 0.162 0.141 0.156 0.141 0.164 0.161 0.153 0.145 0.130 0.166 0.155 0.151 0.141 0.167 0.162 0.146 0.147 0.129 0.181 0.143 0.150 0.146 0.166 0.157 0.144 0.162 0.140 0.142 0.146 0.172 0.141 0.152 0.156 0.143 0.148 0.142 0.167 0.140 0.149 0.137 0.153 0.134 0.133 0.167 0.139 0.159 0.132 0.152 0.161 0.139 0.158 0.134 0.153 0.133 0.181 0.153 0.147 0.146 0.156 0.159 0.136 0.153 0.141 0.163 0.152 0.146 0.154 0.142 0.161 0.139 0.157 0.137 0.153 0.137 0.145 0.135 0.133 0.156 0.136 0.155 0.142 0.171 0.158 0.149 0.149 0.133 0.141 0.140 0.163 0.138 0.145 0.150 0.146 0.140 0.136 0.159 0.147 0.150 0.142 0.151 0.154 0.139 0.147 0.137 0.156 0.139 0.156 0.147 0.148 0.147 0.138 0.147 0.136 0.161 0.147 0.142 0.147 0.149 0.151 0.131 0.154 0.146 0.157 0.134 0.142 0.151 0.141 0.149 0.124 0.186 0.130 0.153 0.153 0.151 0.147 0.141 0.147 0.121 0.185 0.158 0.156 0.136 0.163 0.162 0.143 0.144 0.148 0.153 0.147 0.145 0.146 0.163 0.143 0.127 0.177 0.134 0.157 0.137 0.170 0.164 0.150 0.142 0.127 0.176 0.142 0.150 0.146 0.162 0.156 0.145 0.148 0.129 0.176 0.133 0.152 0.143 0.147 0.153 0.141 0.147 0.137 0.164 0.141 0.149 0.147 0.147 0.149 0.140 0.148 0.152 0.155 0.162 0.149 0.148 0.142 0.150 0.137 0.153 0.143 0.159 0.142 0.148 0.146 0.147 0.148 0.132 0.161 0.145 0.156 0.145 0.152 0.151 0.140 0.152 0.143 0.159 0.142 0.153 0.147 0.156 0.136 0.138 0.138 0.144 0.155 0.138 0.166 0.155 0.151 0.149 0.127 0.173 0.146 0.158 0.144 0.164 0.165 0.150 0.143 0.125 0.172 0.146 0.151 0.137 0.170 0.163 0.141 0.142 0.133 0.175 0.154 0.149 0.150 0.169 0.166 0.142 0.146 0.129 0.178 0.153 0.155 0.146 0.167
MOVE_DONE,OPEN_RESET,STALL,current,0.142 0.131 0.163 0.133 0.159 0.140 0.147 0.160 0.145 0.164 0.131 0.157 0.140 0.167 0.154 0.154 0.155 0.146 0.169 0.141 0.158 0.137 0.170 0.163 0.153 0.140 0.130 0.171 0.145 0.152 0.139 0.164 0.157 0.142 0.150 0.130 0.177 0.149 0.178 0.141 0.144 0.154 0.151 0.146 0.140 0.155 0.155 0.163 0.158 0.154 0.146 0.141 0.162 0.148 0.154 0.135 0.172 0.162 0.151 0.138 0.136 0.170 0.140 0.155 0.140 0.163 0.158 0.145 0.144 0.128 0.166 0.154 0.159 0.134 0.163 0.162 0.138 0.144 0.131 0.179 0.155 0.146 0.148 0.158 0.137 0.136 0.134 0.145 0.144 0.144 0.148 0.151 0.157 0.150 0.140 0.166 0.139 0.156 0.145 0.167 0.158 0.148 0.139 0.125 0.177 0.156 0.160 0.143 0.165 0.163 0.141 0.164 0.121 0.186 0.132 0.153 0.158 0.153 0.145 0.144 0.160 0.146 0.154 0.156 0.171 0.149 0.144 0.143 0.135 0.140 0.135 0.175 0.150 0.152 0.148 0.155 0.152 0.138 0.148 0.155 0.163 0.142 0.153 0.153 0.144 0.145 0.143 0.148 0.144 0.148 0.149 0.165 0.148 0.151 0.162 0.138 0.154 0.141 0.147 0.151 0.165 0.160 0.138 0.143 0.134 0.177 0.157 0.148 0.142 0.166 0.161 0.131 0.169 0.139 0.162 0.149 0.148 0.148 0.154 0.160 0.132 0.154 0.141 0.171 0.156 0.155 0.153 0.150 0.163 0.130 0.150 0.140 0.175 0.158 0.152 0.167 0.142 0.142 0.132 0.189 0.154 0.151 0.152 0.171 0.162 0.133 0.169 0.128 0.183 0.132 0.149 0.152 0.153 0.149 0.140 0.160 0.133 0.158 0.137 0.144 0.147 0.148 0.151 0.132 0.163 0.138 0.155 0.144 0.149 0.156 0.141 0.137 0.124 0.191 0.133 0.146 0.162 0.170 0.161 0.136 0.150 0.137 0.159 0.140 0.153 0.145 0.148 0.132 0.138 0.154 0.134 0.175 0.154 0.140 0.141 0.159 0.157 0.136 0.150 0.136 0.178 0.152 0.149 0.146 0.153 0.161 0.136 0.162 0.135 0.166 0.156 0.154 0.141 0.137 0.161 0.150 0.155 0.132 0.168 0.163 0.143 0.142 0.135 0.177 0.142 0.154 0.139 0.164 0.155 0.147 0.150 0.129 0.166 0.162 0.158 0.138 0.167 0.167 0.166 0.168 0.165
MOVE_DONE,OPEN_RESET_FORWARD,STEPS_FINISHED,current,0.164 0.144 0.163 0.148 0.154 0.145 0.136 0.140 0.159 0.151 0.134 0.140 0.149 0.177 0.142 0.149 0.139 0.146 0.134 0.152 0.178 0.135 0.154 0.125 0.157 0.159 0.174 0.165 0.138 0.143 0.131 0.152 0.116 0.179 0.164 0.137 0.139 0.146 0.174 0.145 0.156 0.124 0.155 0.135 0.164 0.174 0.133 0.153 0.127 0.156 0.133 0.173 0.167 0.143 0.144 0.136 0.146 0.132 0.180 0.155 0.151 0.169 0.132 0.168 0.151 0.171 0.130 0.150 0.140 0.172 0.136 0.134 0.167 0.137 0.145 0.121 0.146 0.142 0.162 0.142 0.132 0.161 0.141 0.170 0.144 0.149 0.137 0.135 0.137 0.131 0.161 0.138 0.149 0.146 0.186 0.142 0.127 0.156 0.135 0.149 0.123 0.160 0.172 0.170 0.145 0.139 0.164 0.145 0.168 0.154 0.186 0.162 0.134 0.149 0.149 0.169 0.136 0.156 0.147 0.142 0.144 0.149 0.160 0.126 0.163 0.137 0.141 0.142 0.159 0.170 0.134 0.143 0.148 0.169 0.139 0.168 0.140 0.145 0.134 0.152 0.181 0.137 0.160 0.125 0.142 0.143 0.146 0.169 0.127 0.163 0.130 0.154 0.126 0.188 0.163 0.136 0.136 0.136 0.152 0.121 0.156 0.152 0.155 0.133 0.133 0.152 0.151 0.166 0.128 0.152 0.135 0.146 0.146 0.153 0.143 0.133 0.156 0.137 0.186 0.161 0.148 0.164 0.125 0.150 0.145 0.176 0.140 0.147 0.143 0.135 0.142 0.144 0.168 0.142
MOVE_DONE,CLOSE,STALL,current,0.158 0.135 0.164 0.136 0.150 0.145 0.124 0.156 0.147 0.166 0.148 0.188 0.167 0.132 0.148 0.152 0.174 0.131 0.150 0.136 0.146 0.137 0.160 0.164 0.135 0.153 0.127 0.159 0.155 0.182 0.164 0.125 0.145 0.150 0.178 0.135 0.159 0.144 0.151 0.137 0.147 0.173 0.133 0.150 0.141 0.177 0.136 0.171 0.175 0.138 0.150 0.133 0.151 0.148 0.183 0.162 0.135 0.142 0.144 0.147 0.129 0.156 0.149 0.155 0.140 0.131 0.147 0.150 0.149 0.128 0.145 0.137 0.146 0.144 0.141 0.168 0.149 0.148 0.122 0.179 0.160 0.142 0.140 0.153 0.145 0.128 0.159 0.151 0.175 0.148 0.152 0.170 0.149 0.148 0.131 0.156 0.143 0.173 0.141 0.139 0.146 0.142 0.168 0.128 0.146 0.134 0.186 0.164 0.126 0.155 0.157 0.143 0.120 0.176 0.158 0.138 0.142 0.152 0.168 0.130 0.154 0.142 0.150 0.135 0.169 0.171 0.136 0.166 0.141 0.142 0.141 0.152 0.142 0.158 0.168 0.142 0.177 0.129 0.171 0.159 0.147 0.160 0.136 0.174 0.152 0.166 0.142 0.152 0.147 0.140 0.141 0.150 0.173 0.131 0.146 0.125 0.141 0.146 0.152 0.162 0.135 0.151 0.143 0.144 0.131 0.189 0.168 0.136 0.141 0.146 0.176 0.132 0.150 0.154 0.174 0.131 0.145 0.172 0.145 0.159 0.138 0.153 0.135 0.174 0.171 0.135 0.171 0.140 0.161 0.127 0.155 0.166 0.137 0.146 0.125 0.159 0.136 0.145 0.132 0.163 0.142 0.141 0.137 0.150 0.177 0.142 0.166 0.155 0.182 0.157 0.141 0.172 0.152 0.169 0.129 0.152 0.137 0.168 0.161 0.139 0.150 0.142 0.166 0.127 0.149 0.154 0.169 0.140 0.149 0.169 0.136 0.167 0.139 0.147 0.141 0.163 0.140 0.136 0.161 0.133 0.162 0.126 0.159 0.169 0.149 0.139 0.138 0.158 0.133 0.171 0.157 0.152 0.141 0.135 0.156 0.144 0.169 0.150 0.170 0.135 0.143 0.145 0.154 0.149 0.128 0.168 0.137 0.154 0.166 0.163 0.145 0.146 0.168 0.144 0.147 0.127 0.179 0.165 0.140 0.145 0.143 0.172 0.131 0.168 0.161 0.147 0.155 0.142 0.148 0.155 0.164 0.128 0.142 0.157 0.149 0.166 0.150 0.175 0.144 0.146 0.141 0.182 0.134 0.169 0.169 0.131 0.146 0.140 0.166 0.129 0.179 0.141 0.141 0.143 0.141 0.176 0.141 0.174 0.150 0.150 0.140 0.150 0.143 0.133 0.158 0.132 0.172 0.134 0.162 0.135 0.148 0.177 0.138 0.146 0.123 0.176 0.172 0.163 0.169 0.132 0.152 0.125 0.161 0.157 0.146 0.140 0.141 0.140 0.146 0.167 0.146 0.173 0.139 0.151 0.139 0.148 0.167 0.140 0.156 0.130 0.139 0.144 0.177 0.165 0.139 0.169 0.131 0.153 0.120 0.184 0.163 0.138 0.144 0.139 0.165 0.140 0.177 0.150 0.151 0.145 0.152 0.157 0.161 0.170 0.141 0.156 0.136 0.184 0.178 0.144 0.143 0.156 0.178 0.147 0.152 0.142 0.197 0.182 0.140 0.162 0.158 0.181 0.155 0.157 0.152 0.186 0.176 0.145 0.184 0.154 0.166 0.141 0.201 0.180 0.180 0.212 0.157 0.188 0.154 0.199 0.174 0.201 0.162 0.164
MOVE_DONE,OPEN,STEPS_FINISHED,current,0.178 0.152 0.165 0.173 0.159 0.159 0.151 0.192 0.165 0.153 0.156 0.158 0.169 0.151 0.157 0.147 0.170 0.161 0.159 0.148 0.139 0.172 0.158 0.160 0.137 0.172 0.167 0.158 0.147 0.139 0.170 0.156 0.154 0.142 0.172 0.156 0.148 0.146 0.132 0.174 0.141 0.153 0.138 0.166 0.157 0.150 0.149 0.127 0.182 0.151 0.153 0.145 0.166 0.162 0.144 0.141 0.133 0.178 0.155 0.150 0.143 0.170 0.153 0.139 0.144 0.134 0.179 0.149 0.153 0.141 0.161 0.152 0.139 0.154 0.131 0.185 0.155 0.148 0.149 0.161 0.159 0.131 0.152 0.139 0.176 0.140 0.152 0.154 0.156 0.159 0.130 0.153 0.144 0.169 0.158 0.158 0.166 0.137 0.149 0.146 0.161 0.152 0.145 0.159 0.163 0.146 0.132 0.151 0.154 0.180 0.155 0.149 0.147 0.160 0.162 0.133 0.141 0.137 0.176 0.153 0.149 0.147 0.158 0.154 0.132 0.157 0.140 0.172 0.152 0.146 0.147 0.146 0.156 0.145 0.161 0.135 0.163 0.160 0.154 0.140 0.128 0.155 0.134 0.149 0.140 0.147 0.151 0.142 0.147 0.137 0.158 0.143 0.160 0.145 0.143 0.148 0.148 0.146 0.131 0.159 0.147 0.154 0.138 0.147 0.153 0.140 0.144 0.137 0.163 0.145 0.150 0.146 0.147 0.149 0.139 0.154 0.137 0.147 0.135 0.171 0.155 0.143 0.151 0.132 0.163 0.153 0.152 0.138 0.163 0.154 0.145 0.143 0.123 0.181 0.150 0.152 0.143 0.164 0.162 0.135 0.142 0.130 0.187 0.150 0.146 0.151 0.167 0.156 0.140 0.147 0.132 0.170 0.154 0.156 0.138 0.162 0.161 0.140 0.147 0.132 0.179 0.136 0.146 0.135 0.142 0.145 0.136 0.155 0.147 0.158 0.138 0.147 0.152 0.145 0.143 0.136 0.163 0.143 0.148 0.146 0.150 0.148 0.139 0.151 0.142 0.159 0.142 0.152 0.150 0.144 0.149 0.137 0.148 0.138 0.161 0.144 0.144 0.145 0.155 0.137 0.132 0.156 0.149 0.164 0.139 0.142 0.156 0.154 0.145 0.126 0.160 0.148 0.151 0.145 0.150 0.146 0.136 0.148 0.139 0.157 0.141 0.149 0.147 0.145 0.144 0.137 0.153 0.142 0.159 0.141 0.147 0.146 0.144 0.150 0.131 0.152 0.143 0.160 0.139 0.142 0.151 0.146 0.142 0.132 0.160 0.142 0.153 0.139 0.150 0.154 0.137 0.148 0.139 0.159
MOVE_DONE,OPEN_RESET,STALL,current,0.151 0.165 0.154 0.162 0.153 0.139 0.149 0.146 0.154 0.142 0.159 0.154 0.159 0.146 0.125 0.173 0.143 0.153 0.139 0.171 0.154 0.146 0.141 0.130 0.174 0.143 0.151 0.139 0.163 0.154 0.142 0.147 0.132 0.145 0.141 0.159 0.153 0.149 0.151 0.138 0.164 0.137 0.157 0.136 0.163 0.159 0.154 0.143 0.129 0.175 0.147 0.154 0.135 0.146 0.155 0.138 0.151 0.135 0.161 0.140 0.153 0.145 0.151 0.149 0.139 0.148 0.136 0.158 0.147 0.154 0.148 0.145 0.148 0.140 0.147 0.136 0.162 0.144 0.143 0.148 0.151 0.151 0.135 0.154 0.143 0.161 0.139 0.150 0.166 0.151 0.146 0.121 0.153 0.138 0.168 0.152 0.155 0.148 0.152 0.159 0.143 0.161 0.138 0.173 0.158 0.156 0.146 0.149 0.167 0.135 0.157 0.139 0.167 0.155 0.150 0.150 0.139 0.167 0.144 0.152 0.136 0.163 0.163 0.153 0.143 0.126 0.176 0.147 0.156 0.140 0.171 0.164 0.141 0.139 0.128 0.177 0.154 0.150 0.141 0.171 0.156 0.144 0.154 0.140 0.179 0.139 0.158 0.145 0.144 0.147 0.141 0.162 0.130 0.167 0.140 0.152 0.147 0.152 0.162 0.128 0.166 0.156 0.158 0.136 0.169 0.164 0.151 0.137 0.128 0.174 0.154 0.141 0.138 0.170 0.160 0.140 0.141 0.132 0.169 0.147 0.145 0.152 0.170 0.154 0.142 0.149 0.132 0.172 0.155 0.147 0.142 0.162 0.161 0.139 0.147 0.136 0.175 0.152 0.147 0.142 0.163 0.156 0.131 0.153 0.142 0.177 0.154 0.156 0.162 0.137 0.143 0.139 0.161 0.141 0.149 0.142 0.149 0.150 0.141 0.150 0.140 0.158 0.144 0.149 0.148 0.146 0.148 0.139 0.150 0.137 0.159 0.143 0.144 0.150 0.149 0.143 0.134 0.151 0.138 0.181 0.149 0.144 0.154 0.158 0.161 0.132 0.157 0.142 0.165 0.161 0.157 0.148 0.145 0.159 0.146 0.154 0.133 0.168 0.157 0.154 0.141 0.139 0.166 0.143 0.155 0.144 0.169 0.162 0.151 0.148 0.131 0.162 0.151 0.154 0.133 0.166 0.158 0.146 0.144 0.123 0.179 0.150 0.152 0.144 0.168 0.163 0.138 0.142 0.132 0.180 0.158 0.149 0.141 0.171 0.156 0.144 0.152 0.140 0.184 0.161 0.159 0.155 0.171 0.174 0.143 0.210 0.211 0.236 0.263 0.185
MOVE_DONE,OPEN_RESET_FORWARD,STEPS_FINISHED,current,0.160 0.149 0.148 0.127 0.180 0.161 0.138 0.143 0.146 0.145 0.142 0.168 0.126 0.143 0.148 0.151 0.163 0.135 0.159 0.133 0.161 0.134 0.149 0.139 0.132 0.147 0.140 0.150 0.125 0.171 0.164 0.148 0.146 0.135 0.146 0.142 0.164 0.145 0.155 0.149 0.138 0.147 0.151 0.170 0.137 0.151 0.132 0.148 0.143 0.165 0.170 0.134 0.176 0.144 0.176 0.131 0.181 0.170 0.139 0.139 0.130 0.152 0.126 0.161 0.156 0.153 0.137 0.130 0.158 0.136 0.155 0.139 0.162 0.165 0.145 0.160 0.155 0.173 0.129 0.153 0.126 0.144 0.142 0.164 0.163 0.154 0.151 0.137 0.164 0.127 0.156 0.164 0.155 0.138 0.135 0.166 0.138 0.155 0.156 0.151 0.138 0.144 0.179 0.143 0.167 0.132 0.153 0.139 0.174 0.166 0.154 0.176 0.136 0.138 0.126 0.171 0.145 0.160 0.167 0.138 0.148 0.136 0.175 0.149 0.150 0.161 0.146 0.157 0.146 0.172 0.137 0.155 0.150 0.153 0.169 0.150 0.165 0.143 0.174 0.133 0.145 0.135 0.174 0.164 0.143 0.174 0.136 0.150 0.120 0.178 0.163 0.142 0.136 0.137 0.157 0.139 0.168 0.150 0.155 0.136 0.134 0.150 0.146 0.175 0.143 0.171 0.131 0.148 0.160 0.152 0.180 0.132 0.156 0.127 0.148 0.131 0.179 0.170 0.132 0.158 0.154 0.144 0.120 0.183 0.165 0.149 0.137 0.130 0.168 0.138 0.147 0.123 0.190 0.170
MOVE_DONE,CLOSE,STALL,current,0.152 0.137 0.146 0.142 0.172 0.141 0.151 0.163 0.145 0.143 0.144 0.174 0.137 0.155 0.137 0.161 0.167 0.140 0.144 0.145 0.178 0.129 0.145 0.125 0.178 0.168 0.149 0.168 0.137 0.151 0.131 0.173 0.156 0.163 0.166 0.137 0.162 0.148 0.172 0.142 0.152 0.144 0.142 0.145 0.151 0.182 0.128 0.146 0.127 0.159 0.159 0.166 0.176 0.139 0.160 0.148 0.145 0.138 0.162 0.168 0.141 0.139 0.132 0.165 0.140 0.147 0.129 0.187 0.171 0.126 0.147 0.151 0.168 0.146 0.176 0.155 0.145 0.138 0.146 0.175 0.145 0.164 0.142 0.153 0.134 0.163 0.168 0.153 0.157 0.124 0.155 0.125 0.188 0.163 0.144 0.169 0.141 0.163 0.137 0.170 0.147 0.150 0.150 0.141 0.144 0.145 0.180 0.133 0.149 0.152 0.176 0.138 0.144 0.146 0.135 0.154 0.122 0.143 0.146 0.158 0.168 0.139 0.155 0.133 0.151 0.121 0.178 0.163 0.165 0.170 0.132 0.152 0.135 0.173 0.150 0.154 0.170 0.159 0.145 0.145 0.174 0.136 0.154 0.134 0.147 0.140 0.149 0.169 0.140 0.156 0.141 0.145 0.137 0.181 0.172 0.135 0.165 0.133 0.153 0.120 0.181 0.167 0.147 0.148 0.150 0.178 0.140 0.171 0.151 0.156 0.138 0.137 0.145 0.132 0.153 0.135 0.178 0.156 0.151 0.138 0.154 0.173 0.139 0.152 0.130 0.182 0.133 0.146 0.142 0.150 0.163 0.132 0.155 0.121 0.177 0.165 0.146 0.154 0.149 0.151 0.141 0.165 0.143 0.152 0.150 0.135 0.147 0.144 0.176 0.133 0.150 0.158 0.151 0.135 0.149 0.173 0.140 0.153 0.135 0.143 0.143 0.158 0.164 0.139 0.149 0.136 0.149 0.132 0.171 0.161 0.146 0.141 0.131 0.157 0.139 0.174 0.141 0.147 0.150 0.138 0.135 0.144 0.173 0.136 0.146 0.134 0.155 0.141 0.153 0.169 0.140 0.149 0.128 0.140 0.146 0.177 0.162 0.147 0.176 0.132 0.154 0.126 0.175 0.156 0.147 0.137 0.150 0.144 0.146 0.163 0.146 0.151 0.160 0.173 0.143 0.129 0.146 0.130 0.151 0.125 0.175 0.147 0.142 0.153 0.129 0.168 0.132 0.150 0.132 0.189 0.165 0.128 0.145 0.150 0.165 0.143 0.148 0.167 0.143 0.134 0.151 0.183 0.127 0.162 0.145 0.146 0.137 0.174 0.175 0.130 0.162 0.135 0.155 0.122 0.187 0.168 0.142 0.140 0.134 0.153 0.132 0.168 0.153 0.153 0.140 0.136 0.141 0.138 0.173 0.129 0.162 0.135 0.170 0.138 0.150 0.174 0.137 0.149 0.128 0.155 0.146 0.143 0.149 0.134 0.144 0.126 0.151 0.133 0.157 0.166 0.144 0.149 0.126 0.163 0.134 0.164 0.127 0.147 0.154 0.126 0.151 0.152 0.171 0.131 0.147 0.132 0.169 0.137 0.127 0.158 0.135 0.152 0.125 0.155 0.138 0.172 0.169 0.138 0.148 0.142 0.163 0.144 0.151 0.143 0.150 0.151 0.156 0.154 0.153 0.176 0.145 0.148 0.146 0.167 0.171 0.142 0.159 0.147 0.181 0.161 0.183 0.187 0.146 0.152 0.160 0.177 0.149 0.157 0.149 0.189 0.173 0.146 0.192 0.151 0.182 0.160 0.169 0.153 0.184 0.189 0.158 0.193 0.153 0.162 0.155 0.184 0.191 0.173 0.194 0.155 0.191 0.166 0.170 0.169 0.169
MOVE_DONE,OPEN,STEPS_FINISHED,current,0.156 0.148 0.185 0.168 0.154 0.144 0.170 0.176 0.162 0.152 0.131 0.196 0.166 0.158 0.154 0.165 0.166 0.153 0.146 0.134 0.186 0.166 0.154 0.136 0.176 0.169 0.150 0.148 0.129 0.196 0.159 0.155 0.136 0.176 0.169 0.137 0.144 0.143 0.185 0.156 0.149 0.144 0.164 0.155 0.133 0.151 0.141 0.170 0.155 0.154 0.149 0.152 0.159 0.136 0.151 0.138 0.176 0.157 0.142 0.149 0.148 0.162 0.139 0.159 0.157 0.149 0.150 0.160 0.153 0.142 0.134 0.134 0.184 0.154 0.148 0.143 0.165 0.152 0.130 0.151 0.140 0.175 0.153 0.146 0.148 0.160 0.153 0.134 0.153 0.135 0.177 0.156 0.150 0.148 0.149 0.164 0.136 0.152 0.137 0.175 0.157 0.151 0.142 0.144 0.167 0.139 0.154 0.143 0.165 0.154 0.148 0.144 0.128 0.167 0.150 0.159 0.136 0.161 0.167 0.153 0.140 0.127 0.176 0.157 0.152 0.137 0.170 0.165 0.138 0.160 0.142 0.149 0.147 0.172 0.148 0.152 0.146 0.141 0.159 0.134 0.154 0.144 0.171 0.154 0.154 0.148 0.139 0.163 0.152 0.160 0.140 0.163 0.163 0.148 0.140 0.125 0.172 0.153 0.156 0.138 0.165 0.163 0.145 0.139 0.146 0.153 0.150 0.166 0.139 0.169 0.159 0.138 0.147 0.132 0.174 0.152 0.156 0.143 0.163 0.157 0.138 0.143 0.130 0.178 0.158 0.152 0.144 0.163 0.158 0.135 0.150 0.138 0.185 0.153 0.145 0.154 0.148 0.131 0.134 0.148 0.144 0.152 0.140 0.169 0.162 0.140 0.143 0.132 0.165 0.134 0.156 0.139 0.156 0.167 0.140 0.170 0.132 0.173 0.153 0.153 0.150 0.163 0.159 0.131 0.148 0.137 0.184 0.154 0.141 0.142 0.160 0.161 0.128 0.155 0.139 0.170 0.154 0.148 0.149 0.154 0.164 0.143 0.160 0.139 0.167 0.160 0.156 0.150 0.129 0.154 0.145 0.176 0.140 0.149 0.151 0.143 0.147 0.137 0.149 0.139 0.161 0.144 0.146 0.147 0.146 0.147 0.131 0.155 0.147 0.160 0.138 0.147 0.153 0.139 0.144 0.136 0.163 0.141 0.153 0.140 0.150 0.152 0.141 0.168 0.139 0.154 0.140 0.169 0.159 0.141 0.147 0.141 0.158 0.132 0.152 0.161 0.153 0.152 0.146 0.148 0.137 0.152 0.141 0.159 0.145 0.145 0.150 0.145 0.140 0.119 0.145 0.150 0.177 0.136 0.158
MOVE_DONE,OPEN_RESET,STALL,current,0.155 0.138 0.143 0.138 0.173 0.158 0.147 0.149 0.151 0.152 0.139 0.173 0.140 0.182 0.133 0.154 0.150 0.150 0.149 0.129 0.156 0.155 0.158 0.137 0.168 0.161 0.152 0.150 0.121 0.164 0.142 0.153 0.162 0.148 0.149 0.145 0.149 0.120 0.156 0.146 0.155 0.147 0.147 0.149 0.140 0.147 0.136 0.164 0.147 0.150 0.163 0.164 0.153 0.139 0.167 0.145 0.159 0.140 0.163 0.162 0.153 0.143 0.122 0.173 0.156 0.147 0.132 0.167 0.161 0.140 0.140 0.131 0.188 0.145 0.151 0.149 0.172 0.159 0.139 0.145 0.127 0.181 0.152 0.155 0.137 0.159 0.156 0.142 0.145 0.134 0.190 0.151 0.140 0.152 0.167 0.166 0.129 0.168 0.145 0.164 0.131 0.158 0.143 0.150 0.131 0.140 0.166 0.145 0.156 0.144 0.151 0.141 0.138 0.153 0.144 0.168 0.144 0.156 0.149 0.143 0.150 0.145 0.135 0.142 0.159 0.158 0.169 0.154 0.149 0.148 0.127 0.163 0.137 0.188 0.155 0.148 0.143 0.161 0.161 0.133 0.156 0.140 0.171 0.154 0.155 0.144 0.146 0.158 0.138 0.157 0.137 0.170 0.160 0.148 0.143 0.143 0.162 0.150 0.152 0.140 0.167 0.155 0.153 0.149 0.135 0.168 0.144 0.156 0.143 0.168 0.163 0.152 0.162 0.128 0.152 0.150 0.150 0.145 0.151 0.154 0.142 0.143 0.136 0.154 0.138 0.152 0.149 0.146 0.147 0.141 0.155 0.132 0.172 0.157 0.156 0.139 0.141 0.154 0.140 0.152 0.132 0.186 0.157 0.147 0.139 0.161 0.161 0.136 0.152 0.141 0.182 0.154 0.147 0.148 0.156 0.153 0.137 0.160 0.143 0.168 0.155 0.154 0.150 0.143 0.162 0.147 0.155 0.134 0.169 0.160 0.145 0.141 0.140 0.164 0.143 0.151 0.142 0.172 0.156 0.149 0.145 0.131 0.163 0.134 0.164 0.160 0.155 0.168 0.153 0.151 0.139 0.166 0.152 0.147 0.146 0.149 0.156 0.139 0.161 0.139 0.168 0.144 0.152 0.166 0.146 0.147 0.140 0.146 0.132 0.153 0.139 0.170 0.156 0.149 0.147 0.132 0.150 0.128 0.159 0.160 0.151 0.136 0.149 0.143 0.138 0.146 0.149 0.146 0.141 0.162 0.154 0.157 0.154 0.135 0.158 0.139 0.167 0.160 0.158 0.144 0.140 0.166 0.154 0.157 0.142 0.170 0.178 0.158 0.157 0.157 0.167 0.174 0.205 0.234 0.284
MOVE_DONE,OPEN_RESET_FORWARD,STEPS_FINISHED,current,0.165 0.131 0.150 0.143 0.176 0.163 0.152 0.168 0.149 0.143 0.125 0.184 0.167 0.141 0.140 0.148 0.145 0.125 0.156 0.141 0.168 0.140 0.142 0.150 0.139 0.162 0.137 0.150 0.129 0.175 0.145 0.140 0.147 0.137 0.153 0.118 0.138 0.137 0.181 0.163 0.125 0.157 0.151 0.166 0.133 0.147 0.138 0.162 0.168 0.137 0.172 0.129 0.172 0.156 0.169 0.138 0.140 0.141 0.129 0.150 0.139 0.174 0.129 0.183 0.170 0.140 0.170 0.145 0.148 0.132 0.180 0.157 0.157 0.142 0.144 0.141 0.134 0.164 0.144 0.152 0.147 0.153 0.137 0.130 0.162 0.138 0.162 0.125 0.149 0.141 0.146 0.168 0.140 0.158 0.133 0.147 0.131 0.181 0.161 0.133 0.157 0.129 0.151 0.134 0.175 0.155 0.152 0.142 0.135 0.149 0.147 0.175 0.135 0.145 0.146 0.148 0.139 0.149 0.176 0.137 0.148 0.145 0.180 0.155 0.133 0.142 0.144 0.160 0.140 0.147 0.129 0.190 0.159 0.132 0.143 0.146 0.175 0.138 0.152 0.147 0.151 0.168 0.152 0.177 0.147 0.161 0.140 0.150 0.134 0.180 0.171 0.152 0.172 0.138 0.145 0.121 0.181 0.142 0.145 0.138 0.129 0.161 0.135 0.165 0.141 0.156 0.158 0.156 0.143 0.149 0.172 0.135 0.150 0.139 0.145 0.139 0.135 0.147 0.132 0.150 0.127 0.175 0.135 0.146 0.140 0.148 0.171 0.136 0.153 0.117 0.185 0.160 0.142 0.142
MOVE_DONE,CLOSE,STALL,current,0.134 0.149 0.138 0.175 0.163 0.142 0.168 0.153 0.143 0.123 0.151 0.167 0.173 0.162 0.134 0.153 0.134 0.149 0.124 0.191 0.160 0.135 0.148 0.158 0.169 0.135 0.156 0.153 0.145 0.144 0.146 0.177 0.130 0.156 0.135 0.180 0.146 0.150 0.146 0.148 0.170 0.130 0.157 0.127 0.181 0.148 0.141 0.143 0.140 0.166 0.144 0.141 0.136 0.154 0.159 0.165 0.143 0.132 0.152 0.136 0.167 0.128 0.149 0.163 0.163 0.142 0.132 0.165 0.132 0.177 0.149 0.148 0.154 0.133 0.157 0.152 0.166 0.130 0.139 0.142 0.157 0.156 0.147 0.146 0.143 0.166 0.138 0.155 0.139 0.171 0.137 0.153 0.166 0.131 0.150 0.124 0.172 0.136 0.162 0.143 0.128 0.158 0.138 0.179 0.147 0.150 0.167 0.143 0.139 0.152 0.174 0.136 0.148 0.136 0.146 0.139 0.136 0.167 0.138 0.160 0.138 0.152 0.139 0.172 0.169 0.136 0.158 0.123 0.163 0.151 0.174 0.160 0.142 0.142 0.146 0.147 0.132 0.163 0.146 0.151 0.140 0.162 0.141 0.134 0.162 0.136 0.166 0.140 0.168 0.173 0.146 0.168 0.133 0.151 0.124 0.177 0.173 0.160 0.137 0.137 0.153 0.140 0.142 0.138 0.150 0.165 0.137 0.142 0.149 0.172 0.135 0.154 0.139 0.169 0.138 0.160 0.171 0.128 0.159 0.125 0.147 0.131 0.189 0.171 0.126 0.156 0.134 0.156 0.125 0.144 0.138 0.149 0.140 0.140 0.174 0.144 0.164 0.142 0.153 0.135 0.173 0.139 0.138 0.169 0.137 0.150 0.152 0.177 0.176 0.161 0.147 0.134 0.164 0.138 0.177 0.132 0.186 0.165 0.128 0.153 0.140 0.160 0.131 0.153 0.164 0.182 0.166 0.150 0.175 0.137 0.154 0.125 0.152 0.134 0.164 0.176 0.138 0.163 0.142 0.142 0.132 0.164 0.158 0.138 0.148 0.127 0.160 0.141 0.180 0.148 0.146 0.150 0.128 0.139 0.143 0.175 0.133 0.145 0.136 0.187 0.137 0.136 0.153 0.127 0.144 0.125 0.162 0.144 0.135 0.141 0.136 0.169 0.136 0.148 0.125 0.180 0.158 0.139 0.143 0.131 0.161 0.140 0.165 0.149 0.147 0.140 0.161 0.177 0.133 0.155 0.136 0.152 0.152 0.180 0.140 0.144 0.167 0.139 0.149 0.122 0.169 0.172 0.178 0.136 0.138 0.158 0.142 0.168 0.125 0.169 0.141 0.140 0.146 0.144 0.167 0.136 0.155 0.147 0.168 0.139 0.166 0.138 0.141 0.168 0.135 0.146 0.129 0.187 0.172 0.132 0.150 0.132 0.150 0.122 0.159 0.161 0.151 0.136 0.145 0.150 0.139 0.159 0.121 0.148 0.137 0.140 0.149 0.144 0.166 0.134 0.152 0.126 0.174 0.169 0.161 0.159 0.146 0.153 0.137 0.175 0.147 0.151 0.170 0.132 0.146 0.146 0.177 0.133 0.158 0.161 0.149 0.141 0.145 0.179 0.135 0.148 0.125 0.161 0.178 0.169 0.170 0.138 0.154 0.151 0.170 0.141 0.177 0.167 0.153 0.153 0.155 0.171 0.148 0.158 0.131 0.192 0.180 0.141 0.150 0.159 0.179 0.144 0.151 0.146 0.196 0.174 0.147 0.157 0.161 0.171 0.157 0.162 0.145 0.160 0.155 0.173 0.177 0.153 0.163 0.149 0.194 0.161 0.173 0.182 0.153 0.194 0.162 0.191 0.169 0.195
MOVE_DONE,OPEN,STEPS_FINISHED,current,0.183 0.156 0.159 0.179 0.155 0.164 0.150 0.181 0.167 0.157 0.154 0.141 0.174 0.158 0.156 0.142 0.167 0.169 0.151 0.140 0.138 0.175 0.154 0.154 0.142 0.176 0.166 0.155 0.146 0.124 0.176 0.158 0.159 0.137 0.171 0.168 0.152 0.144 0.125 0.177 0.148 0.156 0.138 0.170 0.163 0.137 0.144 0.133 0.188 0.152 0.151 0.143 0.169 0.155 0.135 0.145 0.134 0.183 0.152 0.142 0.147 0.165 0.137 0.137 0.166 0.137 0.163 0.142 0.148 0.152 0.152 0.132 0.137 0.149 0.146 0.168 0.143 0.154 0.137 0.144 0.161 0.132 0.158 0.134 0.173 0.157 0.151 0.145 0.143 0.158 0.142 0.159 0.138 0.168 0.156 0.148 0.150 0.136 0.168 0.146 0.156 0.142 0.168 0.163 0.147 0.145 0.128 0.183 0.144 0.150 0.143 0.171 0.156 0.140 0.146 0.129 0.170 0.155 0.151 0.143 0.142 0.148 0.135 0.151 0.132 0.162 0.136 0.146 0.144 0.164 0.153 0.134 0.166 0.138 0.179 0.153 0.150 0.148 0.165 0.154 0.132 0.156 0.138 0.170 0.158 0.154 0.150 0.151 0.159 0.144 0.151 0.137 0.175 0.159 0.145 0.141 0.148 0.168 0.136 0.154 0.137 0.168 0.156 0.153 0.153 0.140 0.165 0.141 0.183 0.136 0.149 0.143 0.162 0.154 0.136 0.155 0.140 0.177 0.154 0.147 0.143 0.157 0.159 0.134 0.152 0.135 0.173 0.153 0.149 0.147 0.149 0.155 0.122 0.165 0.138 0.151 0.145 0.149 0.167 0.142 0.145 0.149 0.156 0.144 0.148 0.167 0.154 0.150 0.128 0.153 0.150 0.158 0.139 0.155 0.146 0.156 0.156 0.142 0.150 0.138 0.181 0.158 0.143 0.145 0.154 0.158 0.136 0.155 0.142 0.172 0.153 0.152 0.143 0.142 0.166 0.138 0.155 0.137 0.166 0.161 0.150 0.139 0.131 0.167 0.147 0.153 0.139 0.166 0.156 0.146 0.146 0.128 0.176 0.151 0.157 0.137 0.164 0.159 0.149 0.145 0.130 0.181 0.152 0.144 0.147 0.171 0.163 0.137 0.147 0.133 0.173 0.152 0.154 0.151 0.156 0.147 0.131 0.146 0.142 0.151 0.138 0.165 0.155 0.147 0.150 0.131 0.175 0.146 0.152 0.145 0.151 0.150 0.154 0.159 0.125 0.163 0.151 0.149 0.147 0.170 0.156 0.139 0.142 0.135 0.181 0.131 0.152 0.151 0.147 0.132 0.140 0.140 0.132 0.171 0.135
MOVE_DONE,OPEN_RESET,STALL,current,0.154 0.155 0.141 0.143 0.148 0.159 0.150 0.149 0.152 0.154 0.160 0.134 0.157 0.128 0.152 0.136 0.168 0.155 0.152 0.145 0.124 0.166 0.155 0.160 0.133 0.165 0.159 0.151 0.139 0.124 0.182 0.149 0.170 0.141 0.165 0.147 0.135 0.150 0.139 0.155 0.140 0.154 0.149 0.149 0.150 0.139 0.148 0.138 0.163 0.144 0.143 0.144 0.151 0.149 0.137 0.151 0.142 0.163 0.140 0.146 0.152 0.142 0.144 0.137 0.160 0.142 0.157 0.144 0.151 0.146 0.141 0.148 0.136 0.156 0.146 0.155 0.148 0.146 0.151 0.141 0.161 0.149 0.178 0.149 0.160 0.149 0.157 0.159 0.131 0.147 0.137 0.172 0.151 0.146 0.147 0.159 0.152 0.138 0.156 0.134 0.172 0.154 0.156 0.141 0.151 0.158 0.135 0.152 0.137 0.172 0.153 0.150 0.150 0.135 0.154 0.124 0.157 0.159 0.147 0.165 0.152 0.154 0.135 0.132 0.148 0.162 0.142 0.163 0.140 0.156 0.143 0.137 0.142 0.148 0.156 0.143 0.152 0.148 0.147 0.137 0.140 0.160 0.132 0.151 0.148 0.138 0.148 0.138 0.152 0.137 0.165 0.150 0.148 0.138 0.148 0.169 0.140 0.160 0.142 0.167 0.141 0.142 0.152 0.150 0.156 0.140 0.144 0.142 0.154 0.158 0.152 0.154 0.138 0.151 0.142 0.148 0.137 0.174 0.158 0.150 0.146 0.152 0.159 0.140 0.154 0.146 0.171 0.159 0.146 0.149 0.140 0.157 0.142 0.157 0.137 0.169 0.161 0.151 0.156 0.127 0.174 0.142 0.153 0.145 0.169 0.162 0.153 0.149 0.129 0.178 0.146 0.152 0.146 0.162 0.157 0.144 0.146 0.125 0.177 0.158 0.143 0.144 0.168 0.160 0.136 0.147 0.133 0.181 0.151 0.155 0.144 0.164 0.155 0.137 0.149 0.133 0.176 0.155 0.154 0.141 0.161 0.157 0.139 0.150 0.140 0.181 0.150 0.150 0.146 0.160 0.158 0.140 0.156 0.139 0.170 0.159 0.147 0.155 0.145 0.159 0.147 0.152 0.136 0.174 0.161 0.143 0.143 0.141 0.162 0.136 0.153 0.142 0.166 0.161 0.149 0.150 0.134 0.139 0.137 0.178 0.159 0.150 0.144 0.161 0.158 0.139 0.158 0.141 0.171 0.152 0.149 0.150 0.152 0.160 0.149 0.154 0.139 0.174 0.163 0.145 0.156 0.149 0.177 0.163 0.196 0.178 0.186
MOVE_DONE,OPEN_RESET_FORWARD,STEPS_FINISHED,current,0.167 0.130 0.141 0.134 0.178 0.166 0.148 0.165 0.152 0.140 0.123 0.148 0.135 0.169 0.168 0.139 0.153 0.140 0.175 0.146 0.149 0.137 0.164 0.138 0.147 0.176 0.137 0.144 0.143 0.154 0.142 0.129 0.144 0.143 0.159 0.127 0.172 0.142 0.151 0.136 0.132 0.147 0.142 0.174 0.149 0.186 0.157 0.141 0.141 0.151 0.176 0.133 0.164 0.132 0.149 0.142 0.166 0.170 0.132 0.169 0.136 0.150 0.126 0.191 0.165 0.128 0.147 0.150 0.175 0.132 0.144 0.141 0.155 0.135 0.149 0.147 0.135 0.151 0.130 0.153 0.133 0.173 0.177 0.149 0.172 0.137 0.152 0.120 0.169 0.168 0.155 0.149 0.128 0.151 0.137 0.161 0.126 0.155 0.146 0.139 0.144 0.132 0.168 0.133 0.152 0.154 0.156 0.170 0.134 0.165 0.147 0.142 0.128 0.153 0.165 0.165 0.141 0.135 0.146 0.146 0.168 0.126 0.144 0.141 0.145 0.140 0.145 0.181 0.141 0.161 0.127 0.188 0.142 0.139 0.142 0.134 0.144 0.126 0.138 0.133 0.188 0.165 0.133 0.160 0.154 0.141 0.130 0.177 0.144 0.147 0.165 0.134 0.147 0.143 0.172 0.142 0.147 0.138 0.171 0.138 0.132 0.159 0.143 0.163 0.119 0.184 0.173 0.167 0.138 0.134 0.160 0.135 0.171 0.133 0.191 0.162 0.131 0.150 0.151 0.173 0.134 0.181 0.151 0.145 0.139 0.151 0.171 0.137 0.151 0.138 0.141 0.149 0.151 0.165
MOVE_DONE,CLOSE,STALL,current,0.168 0.127 0.144 0.138 0.169 0.168 0.128 0.154 0.142 0.148 0.125 0.187 0.170 0.131 0.142 0.151 0.182 0.141 0.170 0.155 0.154 0.136 0.147 0.171 0.148 0.148 0.131 0.152 0.138 0.165 0.167 0.139 0.148 0.142 0.141 0.124 0.176 0.174 0.165 0.157 0.144 0.173 0.146 0.169 0.127 0.149 0.140 0.133 0.152 0.140 0.168 0.134 0.137 0.134 0.180 0.141 0.137 0.173 0.140 0.147 0.126 0.172 0.134 0.140 0.144 0.144 0.174 0.132 0.155 0.122 0.178 0.163 0.147 0.164 0.125 0.147 0.131 0.155 0.126 0.155 0.164 0.162 0.173 0.129 0.167 0.133 0.148 0.128 0.188 0.169 0.134 0.172 0.135 0.148 0.127 0.183 0.160 0.150 0.138 0.139 0.150 0.140 0.172 0.136 0.153 0.135 0.142 0.146 0.153 0.154 0.133 0.162 0.136 0.149 0.143 0.166 0.156 0.150 0.176 0.140 0.146 0.127 0.180 0.167 0.135 0.145 0.153 0.167 0.139 0.153 0.166 0.172 0.134 0.150 0.169 0.138 0.155 0.141 0.152 0.133 0.181 0.172 0.127 0.151 0.126 0.147 0.130 0.152 0.167 0.143 0.138 0.129 0.154 0.134 0.155 0.144 0.172 0.136 0.157 0.143 0.136 0.160 0.130 0.156 0.148 0.145 0.137 0.147 0.173 0.132 0.149 0.128 0.185 0.168 0.177 0.166 0.132 0.143 0.143 0.175 0.146 0.178 0.167 0.141 0.144 0.146 0.180 0.137 0.157 0.126 0.154 0.138 0.155 0.165 0.139 0.153 0.134 0.141 0.144 0.181 0.139 0.135 0.153 0.130 0.154 0.128 0.181 0.154 0.143 0.138 0.133 0.149 0.139 0.175 0.136 0.146 0.139 0.142 0.146 0.137 0.172 0.136 0.146 0.122 0.147 0.153 0.144 0.150 0.151 0.151 0.128 0.155 0.162 0.182 0.139 0.136 0.144 0.130 0.146 0.125 0.153 0.154 0.165 0.133 0.150 0.182 0.137 0.170 0.135 0.154 0.132 0.172 0.171 0.146 0.168 0.127 0.152 0.127 0.182 0.168 0.152 0.165 0.136 0.154 0.139 0.165 0.147 0.151 0.148 0.137 0.142 0.130 0.165 0.135 0.146 0.138 0.158 0.158 0.154 0.147 0.132 0.163 0.138 0.151 0.133 0.165 0.170 0.137 0.144 0.147 0.145 0.129 0.157 0.152 0.140 0.140 0.154 0.149 0.143 0.175 0.145 0.147 0.141 0.161 0.140 0.151 0.171 0.119 0.142 0.143 0.156 0.135 0.131 0.144 0.130 0.148 0.127 0.176 0.130 0.162 0.139 0.139 0.152 0.136 0.170 0.143 0.150 0.138 0.168 0.136 0.137 0.155 0.145 0.169 0.147 0.147 0.138 0.161 0.170 0.128 0.169 0.129 0.144 0.129 0.189 0.173 0.129 0.157 0.131 0.144 0.128 0.173 0.158 0.146 0.139 0.137 0.147 0.146 0.170 0.134 0.155 0.163 0.172 0.143 0.144 0.172 0.136 0.152 0.122 0.169 0.168 0.150 0.144 0.137 0.171 0.137 0.149 0.127 0.191 0.173 0.131 0.149 0.155 0.173 0.140 0.154 0.147 0.163 0.150 0.141 0.161 0.138 0.163 0.136 0.179 0.168 0.174 0.180 0.151 0.155 0.153 0.181 0.161 0.151 0.148 0.181 0.177 0.138 0.182 0.158 0.182 0.164 0.198 0.161 0.172
MOVE_DONE,OPEN,STEPS_FINISHED,current,0.183 0.161 0.148 0.150 0.133 0.185 0.163 0.151 0.145 0.162 0.163 0.145 0.145 0.138 0.194 0.160 0.153 0.146 0.160 0.158 0.142 0.159 0.142 0.176 0.159 0.158 0.147 0.151 0.166 0.146 0.154 0.137 0.170 0.161 0.154 0.151 0.147 0.172 0.136 0.157 0.145 0.165 0.155 0.148 0.147 0.137 0.164 0.152 0.161 0.133 0.163 0.159 0.147 0.141 0.128 0.170 0.155 0.150 0.139 0.169 0.162 0.140 0.141 0.132 0.185 0.147 0.147 0.150 0.162 0.156 0.139 0.146 0.128 0.150 0.149 0.153 0.161 0.142 0.152 0.132 0.152 0.140 0.165 0.148 0.157 0.151 0.161 0.151 0.135 0.151 0.156 0.147 0.143 0.150 0.154 0.143 0.140 0.136 0.162 0.143 0.152 0.148 0.150 0.144 0.142 0.150 0.140 0.148 0.145 0.167 0.141 0.164 0.163 0.139 0.148 0.132 0.174 0.158 0.148 0.138 0.166 0.156 0.136 0.145 0.140 0.181 0.151 0.149 0.148 0.142 0.147 0.121 0.148 0.146 0.145 0.147 0.171 0.156 0.141 0.145 0.132 0.170 0.154 0.152 0.139 0.161 0.155 0.141 0.148 0.130 0.179 0.157 0.153 0.142 0.164 0.158 0.138 0.147 0.134 0.184 0.154 0.142 0.147 0.161 0.156 0.137 0.156 0.135 0.149 0.140 0.161 0.152 0.138 0.142 0.137 0.163 0.140 0.152 0.163 0.150 0.154 0.146 0.162 0.148 0.154 0.134 0.169 0.154 0.146 0.143 0.137 0.163 0.139 0.161 0.139 0.165 0.156 0.146 0.145 0.122 0.176 0.156 0.154 0.138 0.166 0.163 0.147 0.145 0.128 0.184 0.143 0.144 0.147 0.168 0.162 0.135 0.148 0.135 0.172 0.156 0.153 0.141 0.161 0.158 0.138 0.147 0.130 0.187 0.155 0.146 0.147 0.156 0.152 0.140 0.167 0.146 0.151 0.144 0.145 0.140 0.141 0.141 0.122 0.180 0.156 0.147 0.144 0.155 0.154 0.144 0.143 0.146 0.146 0.142 0.167 0.143 0.162 0.159 0.134 0.150 0.130 0.171 0.155 0.147 0.138 0.160 0.165 0.136 0.150 0.136 0.179 0.153 0.150 0.146 0.159 0.154 0.135 0.155 0.142 0.167 0.161 0.152 0.156 0.151 0.161 0.127 0.158 0.133 0.168 0.161 0.146 0.150 0.142 0.170 0.143 0.156 0.140 0.169 0.152 0.155 0.151 0.131 0.157 0.141 0.166 0.156 0.154 0.146 0.163 0.156 0.138 0.149 0.136 0.181
MOVE_DONE,OPEN_RESET,STALL,current,0.170 0.166 0.154 0.130 0.153 0.132 0.178 0.153 0.142 0.152 0.163 0.161 0.136 0.150 0.138 0.175 0.152 0.149 0.145 0.157 0.161 0.131 0.158 0.143 0.163 0.158 0.156 0.155 0.142 0.162 0.149 0.160 0.134 0.168 0.161 0.152 0.145 0.138 0.166 0.144 0.152 0.137 0.150 0.153 0.150 0.144 0.125 0.165 0.153 0.158 0.147 0.162 0.162 0.151 0.142 0.124 0.177 0.154 0.149 0.143 0.169 0.162 0.141 0.140 0.135 0.179 0.152 0.149 0.144 0.171 0.153 0.141 0.149 0.130 0.177 0.154 0.155 0.139 0.159 0.158 0.136 0.145 0.158 0.176 0.152 0.148 0.148 0.158 0.157 0.136 0.159 0.142 0.172 0.153 0.154 0.168 0.142 0.158 0.134 0.187 0.150 0.149 0.141 0.172 0.157 0.136 0.142 0.137 0.171 0.157 0.147 0.146 0.160 0.155 0.135 0.154 0.132 0.186 0.155 0.144 0.146 0.163 0.137 0.134 0.171 0.139 0.180 0.154 0.147 0.147 0.152 0.152 0.141 0.160 0.140 0.170 0.157 0.155 0.155 0.139 0.162 0.141 0.158 0.140 0.166 0.159 0.147 0.143 0.134 0.169 0.145 0.158 0.140 0.170 0.157 0.149 0.163 0.129 0.167 0.154 0.156 0.139 0.169 0.160 0.144 0.146 0.126 0.148 0.148 0.158 0.134 0.149 0.169 0.140 0.161 0.148 0.157 0.140 0.169 0.160 0.155 0.144 0.133 0.166 0.150 0.156 0.136 0.169 0.164 0.147 0.143 0.130 0.165 0.147 0.152 0.147 0.171 0.156 0.144 0.148 0.124 0.180 0.158 0.157 0.140 0.165 0.160 0.144 0.145 0.132 0.176 0.153 0.150 0.139 0.171 0.162 0.135 0.148 0.136 0.181 0.152 0.149 0.147 0.147 0.150 0.130 0.158 0.133 0.157 0.145 0.152 0.147 0.145 0.148 0.131 0.151 0.135 0.152 0.146 0.147 0.160 0.146 0.140 0.125 0.177 0.159 0.156 0.138 0.165 0.161 0.135 0.146 0.137 0.187 0.148 0.151 0.152 0.166 0.154 0.132 0.151 0.136 0.173 0.155 0.156 0.153 0.158 0.161 0.140 0.155 0.135 0.175 0.157 0.147 0.143 0.153 0.159 0.141 0.158 0.143 0.177 0.161 0.153 0.150 0.149 0.166 0.139 0.159 0.146 0.174 0.154 0.184 0.171 0.152 0.182 0.205 0.245 0.083 0.219 0.081 0.187 0.105 0.170 0.188 0.092 0.174 0.216 0.172 0.089 0.007 0.176 0.242 0.207 0.135 0.015 0.186 0.151 0.179 0.125 0.171 0.119 0.038 0.190 0.235 0.177 0.138 0.173 0.123 0.018 0.197 0.187 0.163 0.224 0.193
MOVE_DONE,OPEN_RESET_FORWARD,STEPS_FINISHED,current,0.148 0.181 0.139 0.176 0.140 0.154 0.140 0.149 0.155 0.150 0.166 0.142 0.149 0.138 0.164 0.133 0.148 0.143 0.141 0.172 0.141 0.145 0.147 0.145 0.156 0.142 0.167 0.143 0.171 0.153 0.177 0.169 0.128 0.147 0.131 0.166 0.137 0.166 0.155 0.153 0.139 0.146 0.169 0.132 0.159 0.122 0.153 0.140 0.154 0.169 0.135 0.144 0.141 0.144 0.121 0.183 0.159 0.147 0.141 0.148 0.147 0.137 0.171 0.145 0.150 0.139 0.137 0.144 0.151 0.174 0.135 0.148 0.149 0.158 0.161 0.136 0.143 0.132 0.148 0.127 0.178 0.136 0.179 0.159 0.130 0.156 0.143 0.168 0.124 0.188 0.158 0.139 0.147 0.148 0.169 0.144 0.166 0.126 0.150 0.142 0.162 0.162 0.150 0.168 0.136 0.145 0.127 0.190 0.178 0.129 0.150 0.139 0.166 0.133 0.168 0.156 0.152 0.139 0.133 0.149 0.150 0.171 0.127 0.145 0.141 0.140 0.146 0.148 0.168 0.132 0.149 0.121 0.140 0.141 0.152 0.162 0.154 0.150 0.134 0.148 0.133 0.161 0.167 0.131 0.144 0.128 0.164 0.139 0.169 0.155 0.150 0.142 0.147 0.171 0.150 0.168 0.136 0.150 0.137 0.179 0.137 0.136 0.166 0.146 0.141 0.122 0.180 0.161 0.150 0.169 0.135 0.148 0.140 0.173 0.144 0.148 0.139 0.163 0.170 0.135 0.156 0.133 0.167 0.151 0.147 0.139 0.151 0.171 0.154 0.156 0.137 0.160 0.137 0.178
MOVE_DONE,CLOSE,STALL,current,0.162 0.143 0.152 0.167 0.144 0.149 0.132 0.147 0.137 0.162 0.177 0.135 0.165 0.137 0.149 0.129 0.170 0.141 0.150 0.144 0.136 0.154 0.125 0.171 0.164 0.152 0.167 0.128 0.151 0.148 0.167 0.151 0.179 0.151 0.146 0.136 0.155 0.175 0.136 0.146 0.152 0.149 0.133 0.164 0.176 0.131 0.156 0.126 0.152 0.131 0.171 0.167 0.137 0.155 0.147 0.152 0.132 0.170 0.159 0.150 0.149 0.133 0.149 0.145 0.176 0.138 0.156 0.168 0.144 0.146 0.138 0.181 0.135 0.145 0.129 0.149 0.142 0.146 0.169 0.139 0.153 0.142 0.142 0.126 0.181 0.166 0.140 0.141 0.130 0.153 0.133 0.181 0.154 0.143 0.140 0.134 0.145 0.150 0.173 0.137 0.146 0.137 0.154 0.139 0.147 0.173 0.132 0.150 0.121 0.177 0.135 0.162 0.162 0.130 0.153 0.137 0.174 0.154 0.184 0.155 0.141 0.169 0.151 0.170 0.145 0.177 0.157 0.145 0.145 0.151 0.173 0.138 0.153 0.124 0.145 0.141 0.176 0.167 0.127 0.150 0.147 0.142 0.127 0.176 0.169 0.140 0.138 0.132 0.152 0.128 0.159 0.152 0.150 0.138 0.139 0.144 0.134 0.162 0.135 0.153 0.127 0.174 0.139 0.155 0.164 0.128 0.157 0.130 0.139 0.149 0.149 0.161 0.150 0.144 0.149 0.145 0.120 0.185 0.161 0.144 0.134 0.131 0.151 0.127 0.157 0.146 0.154 0.140 0.160 0.177 0.141 0.166 0.136 0.155 0.132 0.188 0.171 0.141 0.166 0.134 0.150 0.130 0.172 0.155 0.150 0.139 0.147 0.145 0.148 0.177 0.139 0.159 0.144 0.149 0.133 0.144 0.181 0.135 0.154 0.132 0.151 0.141 0.143 0.166 0.138 0.160 0.123 0.159 0.157 0.181 0.164 0.132 0.152 0.130 0.154 0.132 0.179 0.153 0.150 0.139 0.134 0.159 0.139 0.161 0.127 0.147 0.140 0.144 0.148 0.141 0.166 0.148 0.149 0.122 0.184 0.165 0.163 0.165 0.130 0.160 0.140 0.146 0.127 0.189 0.168 0.132 0.147 0.149 0.167 0.129 0.142 0.142 0.146 0.137 0.151 0.148 0.144 0.165 0.138 0.154 0.136 0.153 0.173 0.150 0.151 0.136 0.152 0.121 0.169 0.143 0.150 0.161 0.127 0.158 0.127 0.145 0.129 0.165 0.164 0.132 0.145 0.148 0.177 0.133 0.139 0.132 0.176 0.139 0.156 0.146 0.133 0.162 0.133 0.149 0.134 0.176 0.168 0.144 0.146 0.149 0.165 0.139 0.165 0.135 0.171 0.142 0.136 0.159 0.138 0.173 0.132 0.148 0.144 0.145 0.155 0.152 0.172 0.134 0.148 0.152 0.151 0.139 0.150 0.170 0.139 0.153 0.132 0.175 0.170 0.171 0.163 0.146 0.171 0.131 0.160 0.140 0.150 0.133 0.172 0.166 0.127 0.153 0.146 0.174 0.147 0.144 0.150 0.139 0.148 0.145 0.175 0.138 0.144 0.134 0.192 0.142 0.160 0.164 0.136 0.162 0.136 0.176 0.171 0.152 0.137 0.156 0.172 0.144 0.150 0.135 0.186 0.164 0.152 0.144 0.164 0.177 0.144 0.160 0.137 0.161 0.160 0.152 0.159 0.152 0.175 0.145 0.177 0.161 0.156 0.152 0.175 0.148 0.163 0.182 0.150 0.177 0.174 0.198 0.159 0.166 0.192 0.161 0.184 0.154 0.173 0.180 0.197 0.190 0.159 0.167 0.162 0.181 0.172 0.205
MOVE_DONE,OPEN,STEPS_FINISHED,current,0.145 0.159 0.154 0.151 0.151 0.153 0.206 0.170 0.159 0.156 0.176 0.166 0.142 0.160 0.148 0.187 0.165 0.157 0.149 0.152 0.165 0.147 0.154 0.134 0.176 0.168 0.150 0.147 0.157 0.168 0.141 0.161 0.140 0.171 0.159 0.155 0.146 0.140 0.167 0.142 0.156 0.143 0.168 0.162 0.142 0.141 0.134 0.177 0.144 0.153 0.137 0.169 0.156 0.141 0.145 0.129 0.181 0.149 0.150 0.148 0.164 0.164 0.146 0.164 0.127 0.161 0.141 0.155 0.141 0.156 0.155 0.138 0.147 0.130 0.168 0.132 0.146 0.150 0.151 0.146 0.136 0.154 0.139 0.156 0.141 0.148 0.147 0.141 0.150 0.137 0.149 0.144 0.161 0.146 0.145 0.145 0.146 0.142 0.133 0.159 0.147 0.149 0.140 0.147 0.153 0.140 0.147 0.142 0.163 0.140 0.146 0.148 0.148 0.142 0.138 0.154 0.144 0.156 0.145 0.148 0.143 0.149 0.156 0.136 0.146 0.135 0.178 0.157 0.149 0.153 0.152 0.159 0.138 0.154 0.140 0.173 0.153 0.152 0.150 0.151 0.156 0.142 0.161 0.138 0.167 0.156 0.153 0.142 0.135 0.165 0.146 0.156 0.132 0.170 0.160 0.144 0.150 0.134 0.174 0.143 0.181 0.145 0.149 0.143 0.145 0.147 0.132 0.157 0.147 0.159 0.138 0.148 0.153 0.142 0.142 0.138 0.163 0.144 0.149 0.142 0.150 0.144 0.135 0.150 0.143 0.158 0.141 0.150 0.149 0.145 0.150 0.137 0.154 0.138 0.160 0.163 0.164 0.151 0.159 0.148 0.138 0.169 0.149 0.160 0.146 0.171 0.162 0.148 0.138 0.127 0.178 0.155 0.142 0.138 0.167 0.161 0.134 0.144 0.133 0.188 0.147 0.148 0.150 0.162 0.155 0.140 0.148 0.130 0.175 0.158 0.155 0.142 0.160 0.160 0.131 0.150 0.140 0.177 0.157 0.152 0.166 0.149 0.145 0.122 0.190 0.149 0.166 0.134 0.152 0.143 0.138 0.149 0.152 0.159 0.153 0.149 0.150 0.147 0.151 0.138 0.154 0.132 0.155 0.163 0.148 0.155 0.155 0.152 0.130 0.147 0.161 0.164 0.148 0.148 0.150 0.156 0.141 0.137 0.152 0.155 0.167 0.163 0.145 0.148 0.154 0.159 0.136 0.161 0.137 0.169 0.159 0.151 0.142 0.137 0.173 0.143 0.148 0.136 0.171 0.160 0.149 0.145 0.134 0.169 0.151 0.161 0.143 0.164 0.155 0.145 0.144 0.124 0.179 0.148
MOVE_DONE,OPEN_RESET,STALL,current,0.153 0.153 0.147 0.157 0.145 0.143 0.145 0.151 0.146 0.152 0.162 0.149 0.151 0.139 0.171 0.146 0.159 0.141 0.151 0.145 0.148 0.147 0.129 0.166 0.150 0.151 0.144 0.150 0.165 0.129 0.150 0.143 0.168 0.143 0.150 0.166 0.150 0.157 0.137 0.139 0.141 0.154 0.159 0.150 0.148 0.156 0.148 0.125 0.148 0.151 0.153 0.147 0.158 0.153 0.158 0.162 0.132 0.155 0.138 0.175 0.152 0.150 0.149 0.142 0.162 0.148 0.159 0.141 0.167 0.156 0.155 0.149 0.136 0.167 0.153 0.152 0.137 0.168 0.162 0.148 0.148 0.128 0.172 0.143 0.152 0.145 0.168 0.160 0.145 0.145 0.129 0.157 0.144 0.154 0.159 0.153 0.152 0.144 0.136 0.138 0.166 0.138 0.150 0.148 0.153 0.151 0.137 0.147 0.149 0.150 0.143 0.153 0.152 0.152 0.146 0.140 0.173 0.132 0.161 0.145 0.165 0.151 0.147 0.163 0.131 0.156 0.132 0.154 0.160 0.149 0.165 0.142 0.149 0.123 0.157 0.159 0.154 0.151 0.147 0.152 0.140 0.168 0.141 0.156 0.138 0.168 0.170 0.150 0.145 0.143 0.149 0.148 0.148 0.145 0.149 0.155 0.159 0.162 0.143 0.149 0.136 0.181 0.157 0.147 0.152 0.150 0.158 0.130 0.151 0.142 0.171 0.137 0.151 0.141 0.137 0.131 0.144 0.168 0.131 0.149 0.166 0.150 0.148 0.136 0.159 0.147 0.157 0.137 0.154 0.159 0.148 0.142 0.129 0.172 0.148 0.152 0.139 0.171 0.156 0.148 0.162 0.138 0.141 0.148 0.174 0.146 0.161 0.155 0.135 0.147 0.149 0.159 0.137 0.166 0.158 0.150 0.145 0.134 0.164 0.144 0.151 0.138 0.169 0.162 0.145 0.142 0.130 0.180 0.142 0.149 0.145 0.171 0.136 0.142 0.158 0.149 0.147 0.144 0.149 0.148 0.163 0.155 0.141 0.145 0.129 0.176 0.157 0.154 0.138 0.170 0.159 0.142 0.144 0.134 0.187 0.152 0.142 0.140 0.165 0.153 0.136 0.148 0.138 0.169 0.151 0.154 0.147 0.161 0.154 0.140 0.155 0.137 0.168 0.161 0.144 0.147 0.151 0.159 0.138 0.157 0.138 0.171 0.155 0.149 0.146 0.145 0.156 0.136 0.160 0.139 0.164 0.158 0.151 0.147 0.132 0.171 0.149 0.158 0.145 0.170 0.161 0.156 0.144 0.132 0.185 0.170 0.162 0.154 0.178 0.170 0.178 0.207 0.251
MOVE_DONE,OPEN_RESET_FORWARD,STEPS_FINISHED,current,0.166 0.139 0.148 0.153 0.176 0.132 0.148 0.133 0.188 0.167 0.137 0.149 0.140 0.147 0.124 0.184 0.161 0.141 0.139 0.130 0.159 0.141 0.171 0.143 0.147 0.137 0.165 0.170 0.150 0.145 0.133 0.154 0.123 0.183 0.139 0.144 0.143 0.136 0.164 0.141 0.136 0.138 0.153 0.139 0.134 0.152 0.136 0.154 0.125 0.170 0.162 0.144 0.136 0.149 0.179 0.128 0.147 0.128 0.150 0.136 0.169 0.176 0.132 0.155 0.142 0.169 0.149 0.150 0.142 0.163 0.162 0.142 0.149 0.138 0.168 0.144 0.152 0.168 0.132 0.143 0.152 0.180 0.133 0.143 0.142 0.155 0.167 0.153 0.147 0.130 0.157 0.140 0.168 0.150 0.140 0.151 0.136 0.143 0.140 0.145 0.122 0.185 0.165 0.146 0.143 0.127 0.152 0.139 0.177 0.140 0.152 0.142 0.130 0.146 0.151 0.174 0.132 0.147 0.136 0.179 0.165 0.150 0.152 0.139 0.145 0.123 0.184 0.164 0.143 0.167 0.141 0.161 0.134 0.152 0.124 0.177 0.153 0.140 0.149 0.150 0.174 0.142 0.171 0.123 0.172 0.138 0.140 0.146 0.140 0.159 0.132 0.165 0.156 0.151 0.169 0.133 0.170 0.139 0.152 0.129 0.153 0.163 0.172 0.159 0.149 0.149 0.131 0.160 0.145 0.155 0.133 0.147 0.141 0.147 0.170 0.138 0.158 0.139 0.166 0.140 0.163 0.168 0.129 0.152 0.137 0.167 0.161 0.181 0.151 0.132 0.152 0.150 0.177 0.140
MOVE_DONE,CLOSE,STOPPED,current,0.155 0.136 0.145 0.124 0.176 0.165 0.141 0.144 0.149 0.144 0.127 0.152 0.153 0.171 0.138 0.147 0.176 0.153 0.174 0.138 0.154 0.138 0.172 0.138
